PC1,PC2,DBSCAN_Cluster
-0.7689080000967913,-3.8693643428314735,0
4.476630085162171,0.37779056523253635,1
-1.3288453360709185,1.8306217353701058,0
1.344820490176882,-0.19949370864758698,-1
1.2682823024056458,-2.2693858629212578,0
-1.346723617647558,0.595952362852477,0
-5.2988394481009,3.007278008570139,2
-1.564918261213394,0.28960082263745035,0
-1.2527980506723109,0.3800312772191232,0
-1.1036302308931312,-0.9431555071564847,0
-1.7552917687119032,0.5591150749053718,0
-0.7838282623229417,0.13187949743268892,0
-2.9150320413890793,2.295858539945351,0
-3.025782956057638,1.4732287980586363,0
4.4254882257399375,-0.9701666155390765,1
0.8714899318992598,2.819884118972318,1
4.808569262578916,-0.5659837011604016,1
-2.2600702945813524,-2.760903594586281,0
-1.757668416239578,0.829835688034723,0
-1.4513642297933085,0.7578881034795659,0
-0.7921736521199997,-0.4569693828987707,0
-1.5751049848694072,5.820686121459874,1
-3.0198067040374967,-1.140417837571911,0
0.0004754647134229577,4.5748570579075025,1
4.979828379793324,0.3058723606557459,1
-2.3292609792175685,-1.070074137119326,0
2.8580338315597964,1.0127219435854806,1
-2.1641711113207585,-1.6035496846759731,0
2.0392028360115395,3.9880202143805232,1
-1.6826628820821827,-3.1755651484670055,0
-0.1285159852491378,5.606338142864169,1
-1.5266178228032572,2.4906016441449634,1
2.666819029936646,2.2594535643154794,1
-2.075127089779212,-0.15737384195488893,0
-2.1105962829483738,0.7566074957320347,-1
4.275447171047421,-1.6920913581175252,1
5.597530520996692,1.7671658113480484,1
-0.2224378888605518,4.63682730713886,1
3.37418303622707,2.795698852161839,1
1.5517234848595642,1.9297220625029137,-1
4.058707232771233,-1.0978419161806647,1
-0.20071682951974198,2.942975171225896,1
1.0352161158412787,-0.10073889877149965,0
4.452308616089127,-1.1333768557731394,1
-2.4450075926864936,2.5702883272737607,0
1.0248849072003257,0.4081320640827203,-1
1.5325851368793901,-1.2278423181898592,-1
5.310469933310547,-0.2605424228877644,-1
-5.164267022177545,1.6189466107834207,2
1.527248295847604,0.8327531660682927,1
1.8273379639498948,4.873916595270246,-1
-2.576000907310764,2.1695927821261076,0
4.370040284633891,-0.9462526725477576,1
-0.18351563004979024,1.82488176668645,-1
-2.743372214914867,-3.5746931138074722,-1
-0.5100811165962539,-0.1282115744025077,-1
2.775786952661034,1.4164121092153585,-1
-3.2337466519491174,3.6361576060213716,0
4.678866102845549,-0.4850155341422448,1
2.0048788812941734,1.9456758774191074,1
0.32790263249446056,-0.7815082029162876,0
1.235602923590116,-1.2488180627776297,0
4.403847068966386,-0.21526082690655768,1
-0.702170115330862,-4.240375473861957,-1
-0.7038060277007355,2.947972740591524,1
-0.9257945220773477,1.0207442242761233,0
4.3403641151297006,-1.9411561538663082,1
4.703415737893076,-0.5765328113090042,1
-1.1154120165888373,1.0944395781801703,0
-0.24989546651068123,1.0400478137715776,0
0.9627175876250378,2.399949074120508,1
-0.04056074058873128,5.453702597192243,-1
3.8297172812793017,-1.3327396963348843,1
-1.0896416803020237,0.8865858381837295,0
-1.5311876867292946,-0.023767141216752496,0
-1.5102609254074741,1.9796898801462537,0
-1.6618006244297605,1.8500484332014135,0
-1.5473439221740528,-0.8362724029125856,0
4.140224731170734,-2.4785700811579523,1
2.5000066861034447,3.904867634508357,1
-3.0161495954545066,-2.119049868538607,0
3.6007024317689855,-2.357617726482301,1
-2.7985157788993065,-3.8597955568582516,0
-3.348735841580244,-3.0555041905030067,2
-2.0306499368562743,4.265131987598105,1
-3.5936043001090394,0.6987434474624332,2
0.7104103800553512,5.888768986318274,1
0.10937097373334449,6.133383218197633,1
2.9625766968777594,0.29648609321820396,1
5.25549960913409,1.3278665576306738,1
-1.5593606967721256,4.741574919739121,-1
0.6003427212837941,3.686318935945344,1
3.0008686765986976,-0.10695486094520683,1
0.39401760828198035,-1.1388445601437942,-1
0.6095435340599445,-0.8100205260546406,-1
4.250577027721503,-1.916327852857562,1
-1.081460214895133,1.1909060703858392,0
5.25090516961394,-0.42949010844579855,-1
-2.806871118103916,-5.464172888733447,2
2.22045248920417,-6.515227521100266,-1
-0.16972420440341454,-5.276461938358696,-1
-3.4900176451900204,-2.3423428410190303,0
-3.4234239652594214,3.816975615435776,0
-3.2539420403486994,-3.777245447477765,3
3.760506166410523,-1.4810549168427585,1
2.128475966049587,2.36427785592867,1
-2.5270940113479017,-0.2900213876444703,0
5.379885214941486,1.8457613514426778,1
0.2666954127045204,1.5249909959399341,1
-0.47798466946971635,6.440217661594715,1
-3.506800837292746,0.7075077201583272,0
4.641431434459492,-1.3188886855937063,-1
-0.6919106390047631,4.9012397757449175,1
5.082912747263555,1.1580354691999954,1
-3.7665940926427517,0.07616404652823273,2
-2.91830427980058,1.5246939912439272,0
-2.8158893782064425,-0.7148927665917892,0
4.785196037198567,-0.11989712291092021,1
-2.678621272931839,-3.638747086827579,2
4.79216006260442,-0.2862156628617237,1
-1.2353422943309553,6.222368906587899,1
-0.6040815501842428,0.027137489840881143,-1
-3.3210699420966394,2.3015683989670084,-1
4.643314417536075,-0.3531576288772065,1
5.172145210735564,1.6990328537430743,1
-2.9166185081647757,4.553431678945442,-1
3.181637565940688,-3.7105393453543054,-1
-1.999480981409865,2.4069628711283255,0
3.8623704992030254,3.4978121840558276,1
3.5825897383079455,-3.4769331167408173,-1
0.31131177707894847,-1.1358649237321428,-1
-2.2306450166847496,2.614084111586479,0
-2.2814200261592297,-3.0518316927261755,0
3.4589835602139973,4.181190160511563,1
-2.505309775917924,-0.5864774217780984,0
-1.1818138057298961,1.2593043171851552,0
-3.683094636794234,3.232775317992555,0
-0.3764279861547532,2.38306223824194,1
-4.0619055137016575,6.43048850660024,0
0.6050618964262343,2.8377817045917206,1
-0.33929679492087383,-0.2261787208903219,0
3.9117690343667832,-1.1497632715008712,1
5.3540678963412525,0.17568200940231565,-1
-1.9852646878434468,3.100879412835931,0
-4.022611663580619,3.9760847741777936,0
0.18379224681076559,0.49413237261967086,0
-3.081760816316223,-1.8890715681113712,-1
2.175126714764883,-0.8907762040645497,1
-1.6625565244199914,0.6670027257237207,0
-1.3648409252173197,1.4473434463835748,1
0.199255480095557,3.3838772139279385,-1
-3.474643111321107,3.1463510610126932,0
-4.386141009546887,-1.3104857949832214,2
-1.1476884537708731,7.468131643217531,-1
-5.130805603269177,0.4716603566131687,2
-2.477585334209937,-1.7129266215355197,-1
0.38807620663495906,4.945763255134315,-1
4.3944392930843375,-1.4477763910770145,1
-4.125247008229976,4.145434302347529,0
1.8997356182244542,0.14414148820145287,1
4.901349130535041,-0.18616522348716563,1
4.33730633929615,-0.5308858302110679,1
-2.3721074842140286,0.8437196458541736,0
-0.5286355662620472,0.341971776139948,0
-2.3937898784323477,-1.9631937807720017,0
4.504422588412333,-0.47224583528695246,1
-1.991212964943798,-1.1958189426696315,0
-3.24672357497968,3.267039856046302,-1
-1.7684043790994204,0.49275207436449514,0
-2.756450309093244,1.1140561715214303,0
4.171437114913923,-0.8742790765733914,1
-3.0433141244062405,5.255443527842565,-1
-1.7889798471831049,-3.4806903125480795,0
4.814041967136501,0.03129242696345822,1
-1.4889013215279998,6.205811261260139,1
4.437977613773308,-1.2718758586656163,1
1.3106508424685979,2.16013820335082,-1
5.254044907531143,0.9594023148417428,1
-5.003496704177714,1.7616177203794832,2
-2.2009211899960515,-3.1598720847123785,0
-3.3045132460448405,1.8151809810638198,0
-0.45618249570641534,-6.83808768682015,3
2.9448495654232896,2.8417080423873458,-1
-1.0326854537794434,-4.171057180726887,-1
-2.557398327997149,0.20170390436264096,0
-3.15648755085053,-0.5300417931616449,0
2.172971748650049,0.6460732676562179,1
-2.244291318177427,1.1730099920901182,0
0.8925137688366747,0.55448347116897,-1
1.4130667156841215,1.4238404968448906,1
-1.032720821224797,-2.1421104109276,0
0.3571674935706393,-2.849276745048333,-1
1.4412019972731656,-2.023065605792477,-1
-1.6406347207275696,1.3918741625600293,0
-0.5369944287357984,1.9101512922840698,0
-2.7668444546658986,2.9468671756918576,0
-4.409344603310902,0.4025991325296954,2
-4.4256373170391115,1.1278933465953236,2
-0.28233184466814787,0.6042359063609871,0
3.663552714180859,2.256828348272356,1
-1.0933311500498581,-2.1784416773490576,0
0.7800742106882392,1.7649696767993102,1
-3.625311452751777,-2.8126364308883973,2
0.3332686897156272,3.249835354740469,1
-3.8597004182317756,4.885195499599898,0
-1.2643005576289936,-6.283468713521909,0
2.6522470031707717,2.297043867367136,1
1.775197793635529,4.232765699258188,1
0.4188221400381613,4.849083108618622,1
-2.213932318533881,-1.7033615304580394,0
1.5619002362149996,4.822533998042836,-1
-1.1529870171808667,1.7853016388000482,0
3.844077524196408,-1.4923700573792111,1
-1.1769388756963415,0.5329057963777373,0
-1.4815724307185967,-2.459069779989178,0
-0.6638427675476823,-5.85641366039101,3
-1.1369283716178167,2.0599349449501894,1
-2.209243198992089,-3.27865253223054,-1
2.0986598619444794,3.680216113395857,-1
-2.426324475362699,4.3787927071764114,1
-3.8224883627787247,5.465188393143429,0
-1.9403364637779197,2.698350610906407,0
0.021846084282392635,-3.3339602796306536,-1
-2.5659011268373195,3.309380374176896,0
-0.8302314313804365,2.8714706403637713,0
-0.22275390318687163,-3.1390945874888976,0
-2.4766357183333993,2.919390159525943,0
-2.681807083128265,2.662153605106997,0
1.6480062475953094,-5.950802639297906,-1
-4.000965991994482,3.293687623689077,0
-1.8703787073502098,1.0807459431162538,0
-3.277951990903715,-0.08137469265991473,-1
-0.030276695767775377,2.8030732704495183,1
1.3086257513536501,-1.21958908746488,0
-1.5352111710144554,3.735252352215149,1
-1.1636358768901505,1.4556372662704178,-1
1.7371345178077433,2.2843974061216015,1
1.0475776579757774,0.9876036675198869,-1
-0.21495052940517376,-1.50621313199921,-1
-0.9775649648066672,0.496333947174358,0
2.2791702296425336,1.8430582822630808,-1
-3.765736898296913,-0.11296433686158351,2
-4.178171080108529,3.6937470941899297,0
-0.006497919017992836,-0.8403905957116713,0
-3.0471867251810973,3.522374221735749,0
-1.7234846546385578,-4.65000501737484,0
-3.377329759784953,1.8636444624946684,0
-2.700017039535366,-3.544034504683375,0
1.5323719987004527,3.9872160855203997,1
-2.890097485232917,4.55645547835422,0
1.8729550685955307,3.1851127366698972,1
-1.8506752818907752,0.2560739152223299,0
-2.026957392611286,-3.230432723608618,0
-3.411656873608596,0.7081228276110303,2
4.637248445486964,-0.24103605147888124,1
-2.21568833051159,-4.067442304173216,0
-0.4103880825953347,-4.457820963988139,0
-0.6343172668604541,3.337606129557563,1
-2.650733096400945,2.3826529728375836,-1
4.54486761890001,-0.2327120761742631,1
-0.5214351517550662,0.9313700056360963,0
-2.291689519983461,4.236465297632948,1
-2.4799669356294087,4.63461495462609,1
-0.5474140679670821,6.154854052605417,-1
-1.9552047529255718,-0.27448833875313045,0
-2.2914929143377814,2.9907346406244537,0
-3.585246234501368,2.374930830336484,0
-1.1216217567127835,1.6484197706108006,0
-0.9968736911139197,-1.236242403758222,0
-1.4750762757105031,4.350866993856736,1
-4.04411850840783,3.457743509001166,-1
3.1142784430266808,2.0981895038644387,1
-4.32465166852235,0.7540500422059835,2
-4.488021108693169,5.559085736569849,0
0.6624303370288014,4.074934517124061,1
-1.004212022591151,-5.800402512629805,0
2.09322691154223,0.7286308669362099,1
-0.3097804708543863,-3.6241435253585927,-1
-2.103686889255822,-0.08517128929260898,0
-1.1584163081766725,2.5812887482531695,1
-1.8168373253028984,3.2664755673670807,0
-0.3382190227949606,0.9041924307255479,1
-1.4320577594814314,-0.10397032136194499,0
-3.0254938406533647,2.9877218177381653,0
3.3026006510729067,-2.175116110340314,1
5.230198058558201,1.6853178577733088,1
4.416351965873778,-0.7857461128600781,1
1.2753966190631503,3.042487217729059,1
-2.37847457399714,-0.5235184626794706,0
4.6979052467820335,-0.017056951790365253,1
-4.876443354306001,1.4640902860206975,2
1.7213872733423845,3.3892700167643617,1
0.09006561545221069,0.9848684160470675,0
5.168119750896692,0.3916242204613224,1
-3.140081076944027,-1.6333038278112333,0
-4.735344977753457,1.6017435391248889,2
2.4224893002098717,1.5618120788165453,1
4.485282404283994,0.20481311242867528,1
-1.1181054511704356,2.0188281074463785,0
-1.2782919802818946,0.8986942434125172,-1
2.0690681979999823,3.01258638934213,1
-3.14406998183081,2.76586486411134,0
4.367006590351046,0.23232486360600574,1
-2.1973438042806754,0.7428782510830999,0
5.320351777994014,1.7002222078842788,1
-4.780873418435082,0.6394540584607069,2
-4.419430853179759,0.6028601358247933,2
-4.264771278647598,-0.1432135613449383,2
4.427581082377406,-0.7429105782838504,1
-1.5416306409063911,-0.5930199542108356,-1
-3.683196368013738,-0.3444517415319616,2
-0.9364944706898205,4.281491152504702,1
-3.9788437523860196,2.0059223378375437,-1
4.654652334798609,-0.8906235113720362,1
4.403643010461049,-0.244143015067447,1
4.24364562841827,-1.6885140736691584,1
4.9072689242340815,0.2275251875285354,1
-0.65528645340213,0.24632547773501157,0
-2.796796482764724,-2.2798461777744454,0
-4.273562703723106,-3.2870568669102793,4
3.8300182914930345,1.3412263384724712,1
0.9946701251169804,4.21058511230838,1
5.097209972187425,0.9795614507589164,1
-0.04821233352726147,0.31167387897210974,0
5.056177756561786,0.3866228188095211,1
-3.3217711620532584,-1.3094644575975112,0
-2.7859179057502983,2.147384993198242,0
1.1050023491643752,3.417183924205702,1
4.419018812582451,-0.10909882485404122,1
-3.9893594004085853,1.5686434914189495,2
4.481988837010246,-0.9859515721476657,1
-3.205660202998483,-0.2966665246920573,2
-3.4981832542072255,2.308554910307625,0
-4.84545377978124,1.9078142272814715,2
5.488773986869586,0.8493422119356749,1
2.2729765842024383,1.4927876205155144,1
-0.6713620954942521,-4.205998818845079,-1
-4.767509615404665,2.395257711537951,2
-2.7919446065522413,-4.28045252243066,2
-1.8185184355278057,0.5163941821435913,0
2.296210796612509,0.9435108902246313,1
0.41357653778435954,2.71656951770502,-1
1.869089220213872,0.5593360349998393,1
-0.3231778226599843,-2.5959210181608516,0
-5.108275775339792,1.8127949275796178,2
-2.611802082047897,-2.7649805375941505,0
-1.31824689377792,1.506690237597276,0
-2.9113021800377874,1.7363035994758638,0
-0.1974932835019058,5.35103370836635,1
-3.653842767291058,-2.6895594934029634,2
4.225623621782396,-0.6930034039120688,1
-3.173842717877039,2.909100914803087,0
1.231847689429449,4.616485000527742,1
-0.5902271575876658,-3.3927334165219514,-1
-1.5780865784430673,-2.257537257315342,0
-3.9237843070820273,3.506593122135528,0
-4.536388725156368,-0.07167374579904102,2
2.774305967130128,2.5826628501688877,1
3.225731358625406,-2.491499059838111,1
4.126535446721685,-1.9712392741609508,1
-2.0788856695431503,0.8065909985090344,0
4.539220395922423,-0.9338463162367374,1
-2.2433339107766854,-0.7620011594390127,-1
-0.9241549088792292,4.730958342613356,-1
2.5167055370786975,1.0542411482280418,1
-2.368888642913576,1.338014983078832,0
-0.47995319173143064,-1.9205971904370285,-1
-2.191214104605907,2.363801291349067,0
5.3388152595038045,1.4863246592810826,1
4.737329836412113,0.8058949091384191,1
-4.712373518784765,2.4889333157559412,2
0.17498583838348647,3.75152677704452,1
3.8384855101997535,-3.4668612764789843,-1
-4.085386865158617,3.427655192916496,0
-2.0797554693318707,1.3211011924712361,0
-0.8689430933605738,-3.9815217575080823,0
-3.175123543823764,4.445438039759211,0
-3.5329939343737173,-1.7194330962619253,2
-0.4139710914444417,-1.3337233964356474,0
4.46449160565223,-1.3295786260907974,1
2.4546981813260085,1.4746996466846556,1
3.7263057962320034,-2.160621803763096,1
2.409243696716578,1.6816394948901832,1
-0.6248411609657177,-5.935490980244434,0
-4.953589731464958,2.2936346548079443,2
3.0172546096404145,0.03719699803004168,-1
1.259290249852887,-1.4517164736576773,0
5.018376845768455,0.9034294945412346,1
-3.896632556540592,-1.2792999375810665,2
-1.330719183571184,-1.1890369159868406,0
0.33551186593921706,-1.405643417290751,0
-1.7117082541175046,1.729796627646382,0
-0.4257630780245107,1.533283898546241,-1
-1.4902356430109605,6.048471439443208,-1
-1.51797996790453,-1.4956885747791477,0
4.261748114634272,-0.45355737025026305,1
-1.2237573538459499,0.7879005032881,0
1.1927895349450437,1.5185990706263024,-1
4.68323781370497,0.5407483022504515,1
0.148362290361389,2.9996307694753055,1
-2.7980462375527115,0.6344166644983626,0
-1.8534197078989687,1.0771272402112295,0
1.3165808858171284,3.7483667706660984,-1
-4.1502519880734745,1.5704873671358641,0
5.0087587823482025,-0.3129172994368517,-1
-1.441071727838232,1.3138254130773859,0
-1.5112381967217539,-2.2759131896417704,-1
4.28805096128902,-1.5531649353070003,1
4.797848075931652,0.6043385045202166,1
-3.5141004612071183,-1.4539655207069022,-1
3.8101077977905917,-1.9393595542816515,1
-4.240491917003139,0.4843742575982439,0
-0.8167084743056305,-5.250909108311499,-1
3.180356471825396,2.583112709003926,1
-2.8140183925255755,0.08576064099974116,0
-4.3378348958668695,2.5732665785027375,0
0.469045413723669,1.0771365242327209,0
-3.0791675226157973,4.098644017330872,0
-2.9231806261793434,-0.28909849884618455,0
-0.3715826455605061,2.936821102786683,1
-0.6506102449947719,0.7987187503610808,-1
4.548602002350212,-1.2824286870137638,1
4.903486961139313,-0.6613036377493675,-1
-3.7607169394716244,4.41514884967763,0
0.3296778231023773,2.3036797218209077,1
0.8816318256766347,3.1997869615192998,1
3.973236179425176,-0.9441577194348585,1
4.257445419349438,-1.7754979365881434,1
3.9475064263628816,3.1680150722588376,1
5.2917828643162625,1.641673368579205,1
4.424882883293403,0.049359272691804616,1
1.516122511550519,3.8492308357441827,1
-0.7254968014729474,-0.2889818992734224,0
4.575979924401632,0.11746746924443627,1
4.088232237725838,-1.248499948193406,1
3.350980857424454,3.477204295209904,1
0.8932318856464857,1.7376129333367574,1
-1.4462193083449875,3.645607554627109,1
4.203498909897798,-1.716947483494013,1
1.340895606611827,3.940050905439673,1
-0.9268147061398109,-3.2950218348856186,0
5.131113193132175,1.6668764958971836,1
4.474976295947515,-0.6209540894214498,1
-1.8256434710365341,-0.5403674229313331,0
-1.549089928946779,2.848288277638054,0
-0.3212655077497823,3.3450713845593145,1
-3.302855482685925,1.5738717558582653,0
-1.5350264211361033,-1.3038619753436618,0
4.245430564370434,-1.845268425088192,1
-3.3018091859681613,-3.1758577346017693,2
-1.6808469385103966,2.189740405187242,0
-1.4855646623575016,3.0565977141727445,0
-0.9704575089732849,3.745806376852789,1
2.416609101075446,3.0890121113647844,-1
-0.4872629752407312,3.0728587211148506,-1
-3.441999935102857,-1.2608959023537272,2
-3.5490222523153707,-0.5172990593932354,0
-2.30449398185824,0.687537488904988,0
0.9092143551417634,0.17787144908210956,1
-1.8869115869779884,3.2592276883369586,-1
-2.7190067146396553,1.9738957290111045,0
-4.0925585723099225,0.9247349623441239,0
-2.4248677389626203,1.477845554449488,0
-1.0520785691408228,1.7539273358112304,1
4.152169943924733,-1.8056244778727213,1
5.228863726642182,1.2281441647263953,1
-2.532853158647446,2.6292508868526756,0
-2.158570670219832,-0.6145831539266019,-1
-0.9339113577634636,6.03471082095276,1
-1.3643809779730136,-0.8829543699994119,0
3.3461382876764554,3.6453386701955983,1
5.097797933717534,0.5626016195787207,1
-2.9319562085058606,2.55228496219617,0
4.227017941206073,-1.6239745451313408,1
0.13770745944275078,-1.6721985392537855,0
-0.49590231597814904,-0.07671796122351028,0
0.01665336959949308,3.930081344163982,1
-4.7955515993894355,1.9370843236278374,0
4.723535145298043,-0.4521038096073227,1
0.6021094767240076,-1.5474369936015497,0
-3.223018548815904,-2.666873808412325,2
-3.790674397480383,1.9591367295594861,0
3.404105305940218,-1.451559569599691,-1
4.306268277693663,-1.1720631966454005,1
-4.363765033765669,1.7554039751721933,2
-4.451210088965336,2.0116083802071176,2
5.191881946262031,0.7547962629041287,1
-5.014876789751123,2.1317822696553397,2
2.9429460243311087,3.213336900121083,1
-3.999808074480913,0.38542686828244416,2
-0.5791160812835112,4.402651669703625,1
4.990451001138709,1.3000417838620129,1
-5.261615428273242,3.430599140395141,2
0.36078279226018356,1.89355980189577,1
0.13351078332949334,3.393226193951615,1
3.651233531210185,4.057178313068351,1
4.4671409216663625,-0.6876897704767969,1
5.095650747374756,0.2900320031785416,1
-3.0554803261934453,-2.0672204450568668,2
-1.1209603589561299,1.933379859579754,0
-1.3887027788602246,1.970258877053072,1
-3.586303539903491,6.2661286537055645,-1
-2.932650388917152,-0.41893498095230647,2
-3.115839281546764,1.7785932880974777,0
-2.4535625052600887,-1.7898883245773065,0
-3.2745888517931476,-2.8336823448882686,2
-1.6292185017229213,0.6692831547720628,0
-5.407725402105831,4.512728064951316,2
4.610940645364063,-0.6035484481873652,1
-0.6427519928893132,4.80689462718257,1
-3.6376209482591655,-2.3920472789343323,2
-4.574499419985948,3.9450080284594917,0
2.552376332509806,3.5425436946995905,1
0.06297766891046531,3.557183068339598,1
-3.721320384966337,2.6854174704409353,0
-3.3505352011283556,0.043901271742077794,2
4.6770151148778165,-0.14442527621371976,1
3.9829783848800617,-2.6207215322948074,-1
-4.226363836717686,-1.4904909890202378,2
-1.024519915579114,-0.012233057611004267,0
3.1308684686676074,5.0303724625691535,-1
-2.420281705260464,2.6201219342909017,0
4.287503141086066,-0.9226241626313538,1
-3.1445970034817328,0.5396698095245369,0
-3.1470839635626144,3.854928188891509,0
4.482788576932013,-1.4973945364837793,1
3.590284137587453,3.9868469556439745,1
2.3244068974928265,2.092444149553401,1
-3.2529252727274534,-0.34008319566910333,0
-0.46182099762931644,2.2351244210637806,-1
-2.9157697003362086,-0.79808778654657,0
-1.4764503238378557,3.668109914795626,1
-0.9289356013735715,-0.521901151555495,0
0.2737967754418183,2.608054401520049,1
-3.03154479632817,3.3087236258938226,0
-1.3651725100116163,-1.975033624625701,0
-3.579716697940064,3.8759550267055305,0
1.7305391100166998,4.820240978471307,1
-1.9525075616172325,-1.5275560827366694,0
0.09438985062891979,5.884644277097628,1
-0.8102097840213381,2.354101835781585,1
-3.180410649554627,-2.051127858588076,-1
3.623736632071241,2.323983723707259,-1
-1.0692478634687832,-1.908539656800605,-1
-3.3788077121480966,2.001622567667098,2
-3.1434139599387665,3.834436244577608,0
-3.6523995717206814,1.8968638988026116,2
-2.9334306838227047,-0.32626003278105614,-1
-3.7837881221259626,1.7443622479585281,2
0.7262164691166605,1.354306852237514,-1
-3.2906836105923913,6.944460553063698,-1
-0.5984726194570644,5.705774436536853,1
3.377060326857524,4.18418717117854,1
0.4358761230867313,3.3287148759773117,1
2.578039147525223,2.8362452684828545,1
-3.241494207457177,0.07897649759643884,0
4.6249494148692625,-0.002929941642553662,1
2.5406679057612713,4.473480194669509,-1
5.312775619224598,0.950114691718619,1
1.5595231080698229,-0.43572120833255573,1
-5.5804618201936265,3.4192433170013006,2
4.043344447041075,-1.461268499276404,1
0.2993607409310574,-2.1443388554470344,0
-5.249390495748948,3.634808667647936,2
4.536872198650658,-1.2299574084345486,1
-3.2620338826219943,2.530281196997628,-1
-3.1272873710971694,-1.3631658566310871,2
-1.6705206152280287,1.3694261391810993,0
-2.407108659299522,-1.953709548025869,0
2.29108791574418,2.96188552641942,1
-0.6964678642185893,1.2792199309821015,0
4.6571685861364855,0.13177194439511358,-1
4.29724586753924,-0.598002368716943,1
-0.2965931678349433,-4.36796975320185,-1
-2.9799145568671213,4.530527442035697,-1
-0.6992176989937579,-1.4451335216494723,0
4.898603694638982,0.4797516407430462,1
1.209585157032351,3.9272883312415314,1
-1.0045537171852637,1.3721403117386215,0
-0.27973417979618254,-1.0964579198246798,0
4.434826634087622,-0.017726819213966176,1
-4.960205553458738,1.8637887138391938,2
4.707615905490088,0.5196424254451205,1
4.865922801657661,0.5376123568943549,1
-4.080853117435457,4.288785033874176,0
-1.4246140787761865,6.351762356600836,1
-0.8069633634531643,-6.147444321379805,0
-5.512680303931643,4.378377438847568,2
-2.197632203637243,-1.8886027277914772,0
0.16805578443197733,4.891316438956751,1
-2.786605474571973,2.285859008886612,0
-3.767773036350142,5.3402587811301885,0
-1.163099597887545,1.6547877982320198,0
4.945881375129805,0.3733328159488614,1
1.3111520784831212,1.1994126866827646,1
-2.342558636644189,-4.044325084751532,0
1.9576875808496648,0.40907095587764636,-1
-2.446758177077608,3.589176352022432,0
-1.868960310614447,2.429834038852043,1
0.9512880153984183,-2.621703979285172,0
2.0506679088604027,3.469107759402014,1
4.783810335512263,-0.8041049368002049,1
5.160949435660257,1.6773849977270519,1
-1.9935956407863842,0.34631690638431945,0
-1.163210177006304,1.743743624946221,0
-2.680540621634835,-0.6021920184423751,2
2.1365029095955235,3.0921304092088624,1
-3.5398970960239553,-1.6225855532183948,2
1.4078796571705303,2.541229564617045,1
-3.403265040973739,2.5026315109437145,0
0.20492066177506946,6.952764039093651,1
2.2970822124593133,0.8339163003810266,1
-5.097694833618478,0.07514433778595515,2
-0.31583140801461224,4.677945418537194,1
3.616252228070337,0.5369026026053934,1
5.7746585739001715,2.55475229727178,1
-5.452122501066033,2.7906634350355968,2
0.02896523304353453,1.976257528250278,1
-1.9823307734992854,-4.411526247945494,0
-3.632616699457591,4.075410206468976,0
-4.965684392185352,3.976268791291392,0
1.890086783549315,-5.612498952887927,-1
-1.2250469306257599,6.139408004051685,1
-3.0901014135072873,-2.0774983147707395,0
-3.720333457760998,4.580771817926098,0
-0.8885322312560809,1.6433662495345127,0
-2.7643876766143873,0.5300069594463318,0
-0.8075295028318262,2.4988967777722086,1
-1.6587705161280601,5.120472956220197,1
-5.483125069260532,2.797741750398234,2
-3.2545756426449777,0.31074468176110714,0
4.25449368202958,-0.739035721480267,1
-0.5782402806053902,-1.944396834686047,0
0.3960381918001879,3.0122641853835597,1
0.39686306372980185,4.9311032856790264,-1
-2.605518107951968,-0.9702253504902645,0
4.45470821077116,-1.082964220922039,1
4.496448418486599,0.00949972954943761,1
2.586388949255916,-4.448133461316071,-1
-4.6750221537795555,0.9115125594248152,2
-3.8719602068265355,1.6098319860970076,0
5.237855977830926,0.541384177942897,1
-4.891370963134768,1.6755922837512445,2
-3.258701043211032,5.107929573256553,0
-2.4943494123591408,5.037203613740829,1
-5.961161272125564,3.7186949809493903,2
3.0226308713775696,3.5213010786323453,1
-2.610074583158466,3.692964010038698,0
0.800427810166967,1.098506599836146,-1
4.657185556285773,-0.5685294525243754,1
1.1914613733780137,1.448083360955184,1
-0.5838818696791682,3.8187552248087497,1
-4.029856891023303,5.448093445117823,0
-2.8217927835824104,-3.084814543802559,2
2.8185257506664567,-5.789022515768673,-1
-2.787566795684793,4.4253987711805225,1
-4.23008050342732,0.8019118054624588,2
-0.9264812429138729,-3.672782056350264,0
-0.8035155593236442,6.168584797662982,1
-1.9683239995049122,-3.6436609323488525,0
-1.9318309349336744,1.9041660370443458,0
-3.672185748923568,1.7914127766244112,2
-0.9500659850074237,3.154613825605158,-1
3.0377428280484446,0.24201227940579312,1
-2.8673248401438363,2.6718686861376497,0
-3.508955084096029,-0.834233179462188,0
-1.6617701139233396,0.20109788620268743,0
-0.22257426709366204,-5.5827124509829416,-1
-5.294189019524601,2.0663594266689405,2
0.9266096373836403,4.592358830789337,-1
1.7874078183690116,1.86980063658706,1
4.943316637750426,0.23942016697007074,1
-3.343386093853289,1.668254112808085,0
-0.0756657542062993,0.48046928238670944,1
5.013602988545693,0.6602588396810738,1
-3.5608713986281093,1.0427918662488374,0
4.679086941572018,0.017343517871611834,1
-3.550399713394456,4.130550868407392,1
-0.7188969286057268,-1.281591566590225,0
4.07540906707908,3.315538362374049,1
-1.5947123714310703,-6.569495450103106,-1
3.8743021911431414,3.7103619759739144,-1
0.001379143942963446,3.0638006892272367,1
-2.4013065785517713,1.1736377725375748,0
0.05477570943147305,2.844553540958928,1
4.759729695089236,-0.5086526897661535,1
-2.9951619558898392,-0.5193958577176679,0
0.4996469010775924,-2.019581453099689,-1
-1.1413131247736263,1.2198469666859229,0
-1.3398065680535276,1.6181947976594333,-1
-5.169220799386776,2.2979510433679398,2
-1.664575212145347,0.8352235919826295,0
1.0101473522824762,0.6568090315396259,1
-3.8888628083057903,2.1548497465541603,0
0.1648665312887773,1.3983456506232563,1
-2.1676271613281055,1.237630397245725,0
3.663316753754271,3.320457191485021,-1
-1.380150046796481,0.7901206268241677,0
-5.548151705485589,2.085950906567389,2
-1.6170592586890224,0.2628818048974516,0
4.626437732825117,0.01665631352167942,1
4.682847429032855,-0.8799898002920095,1
4.5987519312544585,-0.13778281722428737,1
0.1457009032203128,0.5387402118129476,0
-3.382333208352334,2.7766126026184246,0
-1.4270047418192746,0.6917095155715783,0
3.0456404710836016,0.4579442758773404,1
5.0781827611078505,0.544738005792874,1
-1.9514829909907658,6.343991965305944,1
-2.2889723515870783,5.224962399327925,1
4.651137940439183,0.5961775527693753,1
0.982283420131578,0.43739250114763817,1
-4.722278546445686,2.6197822724868383,0
-2.260988241742667,-1.55079194107836,0
-0.3047930608522055,-0.15313937829167654,-1
1.0107573733022066,4.37389820909598,1
4.981237088016564,1.3191525115806477,1
0.7836183850117923,-1.1565137753315176,0
0.06902382523228483,1.7071427211498313,1
-0.06320732593622923,-3.7297515689801775,0
0.4467549936204655,2.7059991013003666,1
4.54299960382198,-0.33976964692767536,1
2.8220048243055946,-0.5303874788443019,1
2.6659868239722035,2.9590830445367744,1
3.3733428517522186,-2.3890057970326986,1
-3.611332430326256,2.859368217605441,0
-0.7029947575126295,5.492874974346301,1
4.720251631557775,0.02380873284278203,1
-2.646614885673956,2.350322525331044,0
-4.6325839211974635,0.7631862715370026,2
-0.4681981004928514,-0.3996175054981198,0
4.392891472073277,-1.1794299998228028,1
4.893939378612434,-0.19863928300279005,1
-5.2605297482078965,2.8702542377052014,2
-0.7295676649658743,4.005521924081683,1
5.832314490711557,2.6265536879873563,1
-1.1985082715516653,-6.92512202406608,-1
-1.4777433410217602,-1.5208554278256403,0
-0.20262761345894484,0.41138792339340075,0
5.009693536004739,1.0311760691625471,1
3.320069701024426,-4.318611746885141,-1
-4.291541267637716,-0.919105361875062,2
4.857965609052164,-0.1938064408742345,1
1.2601833102015523,2.8975216962245782,-1
4.522860510627542,-1.2776401780940774,1
-2.182619196329417,1.194423744086918,0
-1.0046887418830917,0.9150001871915772,0
-0.8187240461121393,0.8497840197101643,0
-0.6589685279115229,2.5678890550756885,1
-3.0749852600119807,3.057569696148288,0
1.0993808298711139,3.134698515177503,-1
-1.0163665009230134,0.7631022931493547,0
1.794933604705332,2.100973212650133,1
4.882689310402093,-0.5871953915633615,1
2.443512518484114,2.1644225193716404,1
5.018933429002955,1.2801621347932097,1
0.08499271430564743,3.0597451141678396,1
4.936289714878406,0.39427944792736,1
-1.67194377516065,2.7025007931700693,1
-3.0235531435064287,2.160129068328167,-1
4.912914322448402,0.6840764541621988,1
-4.246124409092232,-2.3698621135929234,2
2.134081750557547,3.990966924270849,1
5.208217181259829,1.498703674719837,1
-1.2345242469369053,-2.735589354761415,0
4.789699668914832,-0.5596958818920299,1
-0.36987869849257005,-2.428498792290596,0
4.348440704690706,-1.743305613984767,1
2.6388692285907003,2.325872452990337,1
-1.1100320573618425,4.7242860428532065,1
0.2901465901087283,-0.24168891815209737,0
-5.3086529596191605,2.596821455191642,2
2.1829219267615034,1.2405059578243942,1
-2.255354970812012,1.0737984927455622,-1
-0.005830900352914963,-0.5524907323144911,0
-0.29309457299982405,-0.5197122884791314,-1
-1.9677342304074634,5.159811617870781,1
-1.7815316312074265,2.9589773576571137,1
4.632937444480319,-0.38320433591119735,1
0.5730246614165385,4.0253566097073,1
5.229175159969999,1.8574522055357638,1
3.571774070477169,-2.9949384011208524,1
-0.9265224990909618,4.625469819213157,-1
-2.02732274396113,2.5617338700148204,1
-2.508935038287911,-1.8523549329997313,0
-2.446557312074005,-3.1502016427977586,0
5.2067226430728315,0.9944293063010399,1
2.7875256619715634,-0.3492586602483791,-1
5.394722660780489,-0.5259362537912223,-1
4.486961327031304,0.884464650208516,1
-1.620633034992126,1.087055701191895,0
-3.7851096475771393,-3.1473623524002927,2
3.0320600034124223,0.8203163369921044,1
2.620748541934641,1.9825898979045309,1
-0.8449033854441503,-5.2582380722843665,0
-1.9126377000052381,-0.5296330956904246,0
3.981921347194448,-2.6272350183388,-1
-4.006479767962975,-0.6305819651336635,2
-1.7164175175794278,0.8095951419015016,0
-2.9943452982291197,-2.53463170963435,0
4.849918692014584,0.1986118502418881,1
-4.160699799197908,4.230908981940133,-1
2.328634645259846,-3.46693725609078,-1
4.847247281949954,1.0809732669004024,1
-3.2434965393441666,0.24350154233446325,0
4.503088739281455,-1.684138925842709,-1
-2.761731329004064,2.594570858792663,0
-4.596968982502192,1.095676269977813,2
-1.5872410750703199,-0.7184904421708872,0
0.020595996222456878,3.559603095586877,1
1.1130710128288968,3.7416529638513403,1
-0.25592515682100314,0.10362718049420407,-1
3.127352660625046,2.4356032425975327,1
2.971908124488429,0.8756307193917283,1
-2.022034164571294,-5.825998388018412,0
1.577299441457915,1.5477690334939729,1
-2.1628484479002865,1.4009016222514252,0
4.622748681089892,-0.33187703916162425,1
-2.446128420202073,-0.4201471151957276,-1
4.575808392760749,-0.9330868160501986,1
3.907980255517567,-1.984815285146183,1
-0.7719273818536675,-0.6827440873761351,0
-0.4249711313326818,-0.9672876072298909,0
-0.3994522244811314,0.44374148095102756,0
-2.6296990715768933,1.453713502849159,0
2.4628424284845987,0.4090966962374265,1
1.6168284706690963,4.444140416401328,1
-2.392090664337975,1.1995659553467184,0
-3.355511436544684,0.9652926773469939,0
3.455755632382712,2.9081035735471916,1
4.561205849273819,-0.20702833050804736,1
4.531423714299723,-1.2944748368034822,1
4.2984423003297,-1.082834538538434,1
-0.15265057566279114,-1.9450613505618923,-1
-0.4043233505357527,2.706765127798981,1
-0.44131168871776144,2.7654848303837127,1
-2.2522583183616867,0.5269109215276118,0
-3.917414506283707,-0.9829692682320805,2
-2.662432904480956,-0.604449377620927,0
4.198428670032711,-1.1220398151385376,1
-3.0754536509403163,0.7309696550346789,-1
5.274056569603448,0.6122222128745297,1
0.6054882758583617,6.246280659947068,-1
0.282668882074826,2.6785026088704234,1
-0.5546026046415288,5.075650137372309,1
5.288204749781508,1.243715808271329,1
0.2247737947797457,-1.1826758454751787,-1
-3.643588743547067,-2.026792366104752,2
4.9691172046329894,0.5016276899184466,1
-2.1503591016479375,-0.04803098508345223,0
0.8239344650383528,-1.2311558276720853,0
1.169328305256427,4.5305076197127745,1
3.117701575413336,-0.462932882067217,-1
4.828602544495078,1.0731584787843058,1
-1.5643115799908125,6.661043258684314,-1
2.4499049086104314,0.8388568163418382,1
-0.5123638352379244,4.949462865745506,1
-2.3803140503625095,4.306738421702401,1
2.4060134363985513,-1.9295042347962827,-1
-2.4750359956240615,0.24590659080641253,-1
-2.600885123666351,-4.738621727538264,3
-4.219980112102125,1.826468805479151,0
-2.0364865919113355,2.002623827444899,0
-0.16801681367962693,2.7148526392071246,1
0.20388108081947406,1.4916123856954413,1
4.900233529708458,-0.14645133583518294,1
1.90121466922538,3.9683430744776382,1
2.2690255002411814,1.1848282495110918,-1
1.3284233962985363,0.5772677158977166,-1
4.204368855477596,-1.9561759577287081,1
0.5772148179333607,1.76530151638076,-1
-3.4339914105038627,3.7650062839612035,0
4.865528677465675,-0.728358521805236,1
4.1455274346440225,-0.6380653899373547,1
-2.702709617571879,1.9180867004282813,0
2.3880011587698995,0.8291119972296408,-1
-3.855351080615115,-2.1122955117029987,2
1.8112466749060774,-0.7980413744721996,-1
3.933995459562143,2.0655629995850697,-1
4.863175767369793,-1.3258216726657697,1
2.9567303694602454,1.2157574658520944,1
-3.9611081411003353,-2.504098123654129,2
2.372723738994943,3.3949757313833033,1
5.768595921781577,3.2007518012033245,1
-2.182243810260562,1.5265256584096751,0
0.43193949706457435,2.3347253315682,1
-3.298344388326269,4.809279875960247,0
-4.258535244534779,1.3615300279365938,2
-0.7137385185891028,2.2451019509995565,1
-4.766779756848678,1.7422336072995916,2
-2.4082169205938846,2.5172774815657375,0
-2.594345953456995,2.8277873281369366,-1
3.7269054586593526,-2.7964209711041415,-1
1.5884780249905208,2.8761333584487256,1
-3.4487541890828766,1.4751464736904465,0
-4.116295113729699,1.370052223976824,2
-0.9168018136697064,-0.3433347218043606,0
-1.9127868115980085,-2.761420246806916,-1
2.046896825727571,2.9373711344812614,-1
-2.5395490369552602,-1.9478389703195027,0
4.291548199701014,-1.5927788743144784,1
1.1632384909922644,0.6181430030005383,1
1.277182526329445,4.936644616741448,1
4.694701146658374,0.7645480282281758,1
3.8107475278788505,-1.3840553137484783,1
-1.915477133654507,-0.4664289944534564,-1
1.131348095666024,0.7399784833657023,1
0.019004408597139904,-0.14269352875726876,0
-1.5575524279669481,1.2015590279264399,0
2.3195883280536638,3.788234241287697,1
4.771780430657556,0.6894135340350392,1
-2.845365816442697,-3.651373797063023,2
-3.850593523910404,-1.331393356635226,-1
-1.4942737854157238,0.7742672094486233,0
-2.9600175869223944,-4.177784626134335,-1
0.9731721964135157,-2.598434931414846,0
-3.6125611827276902,4.296983232494598,0
-4.130514946813756,2.2638896269084907,0
-1.6584774789319612,-5.861123878026936,0
-3.5152705060525458,2.621134044108507,-1
-0.24393908183367444,-3.932958665412978,-1
-1.0311573379070247,1.801232869984964,0
5.052969466056863,2.050359732313335,1
-2.8691348522515305,-0.3986052420539098,-1
5.441088269950187,0.3116232029600355,-1
-3.9564877417851196,-0.9952259756114304,2
-4.9836394211549315,1.143168081339718,2
-1.7041415417890795,1.073404125032309,0
5.21763738128023,0.9658887592407993,1
1.2526139528186606,-1.6576252629982806,0
3.899201918357052,-1.1063709849316252,1
-0.24841306667853288,1.9484012416169445,-1
0.18584707139888154,3.6585531086793153,1
4.09994347070519,-1.8016829300583972,-1
-1.980541796372719,1.219720568602898,0
-0.12364669994108797,-1.5011609534949424,0
-2.766858907578011,1.8294923776343353,0
4.545830873416095,-0.6680652666746789,1
-4.803038788160112,2.0448132355753867,-1
2.1186229929499305,3.611552857398797,1
-1.2758621476736924,-1.893114054937459,-1
-5.167450293567922,4.785417819161798,0
5.169592557526958,0.5601096339647579,1
1.5524473602314959,3.666916498564406,1
-2.861908286588506,1.4207551413875896,0
2.8397814472857146,1.5215310915238818,1
-2.822904802899153,-2.1945412763380996,-1
-1.0968050230779303,-3.907382976110809,0
0.7919584149814415,-6.671929807073154,-1
-1.5625330750473425,0.33687901150395616,0
-1.3825214981658422,-0.43491531337499506,-1
-2.186197753355143,2.209526673215938,0
-3.57997279242421,2.8944408233110113,0
0.3003852874313557,-0.4061036839933232,0
0.7512187312052401,3.6527093891202798,1
-1.269544402220228,-3.1571593275804166,0
3.703928810919941,-2.2091581695708435,1
-0.8361137392981955,-0.468373206351979,-1
-0.4977134115192799,-1.3683944646439656,0
4.486397098651684,-1.356884558030204,1
-1.2480278536916054,3.2046339746645653,1
1.8695256360558086,2.5825582835434995,1
5.040201796992133,1.0460717110587403,1
-1.8273247387487974,0.5641193810772708,0
-3.609013404133628,-1.9626389639758433,2
-1.1467304360139925,0.6420754174988226,0
-0.13668910984328933,3.1302867103867764,1
-3.5039132466422775,0.5623745849372008,2
0.7913678538324367,1.116835265486665,1
2.6076792814161243,1.339007971350899,-1
-5.394153753896572,4.103911961006374,2
-1.3407713534309658,1.6669898481026002,-1
2.921764394606505,0.08975229489732717,1
0.46372176065986737,4.507907275002038,1
0.7001232139354439,-0.9310775963653029,-1
-3.738759748772579,0.7144668895718349,0
-2.989690335565678,1.0344651987208628,-1
1.6968885146323773,4.227870758081101,1
1.4613412707110376,-1.5944435618299968,-1
-1.0370922613159164,0.7543560836563094,0
-1.1493065457896379,-2.508165483763104,0
-2.878005727820988,1.872053830926696,0
-4.58226801872321,1.6310196040744993,2
2.7765422460764273,-0.5115076782514414,1
2.9573072003671905,3.7365203732465786,1
-0.7357308681014091,2.715736857962664,-1
0.0174843162530857,-1.4772705700165114,0
2.2835301554204985,-0.8497046961505899,-1
-4.642192726430906,0.16757232653986587,2
5.147143135847293,1.2114633206284668,1
-3.734991804719774,3.323784555390432,0
-2.257693713570208,2.8851849358269006,1
3.442358259877076,-2.5946099483997496,1
-1.5297885188394427,1.2992735652584093,0
0.2558649317713627,2.610440436953887,1
-0.09648171872830803,-0.2659522620155829,0
-3.3859843269054557,-2.9508721118691263,0
4.7286400699478115,-0.25262419395619745,1
1.0786972101187327,1.7812976421863644,1
-2.400796459043255,1.5930018121753093,0
-0.2505011262753005,-1.427555209920416,0
-1.2716411589222143,-0.05215302299956026,-1
-0.01984917703796373,-2.991687217439189,0
2.394982138356271,1.246545063232318,1
4.207310329137724,-1.96650857603819,1
-3.4562845819118353,0.9439573403484307,2
-4.0292610599573555,-1.8671127364023044,2
0.9261488093668989,5.170211323714433,1
-3.6721932130832866,0.11768407356845655,-1
4.071974305610923,-3.199769597729516,-1
-2.641036265054705,1.9356460325089628,0
0.40828547763742185,2.5486575881663733,1
1.9057179016919668,5.526039305595718,-1
4.222040477216399,-1.7961925000398067,1
-1.6166336501564884,0.5684745477766345,0
-1.5800609081578865,1.0122885231208527,-1
4.128366249513969,-2.1181262875928217,1
4.741797619719076,-0.6757512464106393,1
-2.220138519350719,1.2440009828020155,0
-3.6581757994887028,1.0289713615831682,0
1.3007847887761632,-1.477731489427906,0
-0.695311049368241,-0.8284816535994322,0
-1.9279419606637496,-0.043772069511139794,0
-4.0800235207174405,0.014034406472222857,2
2.410622207334073,0.6012967211640011,1
-2.5825382615937316,-0.2747616286336509,0
2.659973121104379,-0.7319695369477035,1
2.7853931805558663,-0.7695213227427702,-1
-0.291639563046923,-4.268587131879261,0
4.794933772102588,0.8545481565828024,1
5.118280443896677,1.0562220240362206,1
-3.9604721390442976,1.1229272685646388,2
2.6793028502540706,0.6116543452978981,-1
0.2591950321795554,3.818900952949517,1
2.28132112617116,-5.112296639123513,-1
2.217253833693302,2.316122854333252,1
2.597643145998246,0.06318084372002447,1
5.353236841037674,1.4966992746180645,1
-3.2061511113160313,1.2157339434594892,0
2.75195061125141,-1.2943367944021487,-1
-0.6371452782599313,-2.7402184666814478,-1
3.29013488001123,-1.8183838503711705,-1
2.1207452839818366,0.4286217146086559,-1
-4.41256231418771,-0.5790189960311724,2
4.998062668664977,-0.6324314242537838,1
-1.813101151000032,-1.280863098322856,-1
-1.1950269918892404,-1.9550948312482916,0
-0.9646623998917746,3.266689473638919,1
1.6759290531360629,0.6087576895798281,1
4.476714571366827,-1.4167720994733912,1
1.4572538674866908,3.3962220803003507,1
0.4601423592075015,-1.684622020085404,0
-3.8257237281482634,-1.8076506893519768,2
-1.4228128900921349,4.244570585135747,1
-2.3741087694551264,-0.33511502326692344,0
-3.1209922825739844,-1.6466550529857866,0
-2.3128732584869494,-2.4619907889894717,0
-1.6417827050885363,-1.6508084934750116,-1
-4.587502806171336,0.41295379491739265,2
-0.3061604279992077,6.795301006325497,1
4.017626869830609,-2.419960368840407,1
-5.216493323562196,1.236200015040062,-1
1.1370121639487318,1.391659025372211,-1
1.4674092123491769,3.9159413971336146,1
2.5415806277117876,-0.6681068891103168,1
0.9480615690636086,-0.6646211721784556,0
-1.0644749423039275,-5.221031658022525,0
2.3083909770361952,2.317650983018431,1
2.3270633957786084,2.6801724354763956,1
1.1672328872303237,-2.1684210414334784,0
0.9524325166948159,-0.18739107620411005,1
-4.149530226971897,-1.434075686109728,2
4.4160620068360865,-1.7724187036192995,1
0.14026880894707536,-0.9910803587090373,0
-2.261789754301537,-2.37993113857297,2
4.065170730881023,-2.0631601591891515,1
5.230883728116272,1.2164745141684268,1
-1.0580494672431793,-4.044522571391658,0
-2.341447042007885,0.21454689597151338,0
-1.18748962959406,3.6835118090360917,1
-1.5571699109183479,-1.9925722348667732,0
-2.063517898354267,0.8162488339146934,0
3.9620155326263924,-1.5663907612371273,1
1.906442406178535,-4.100772264510534,-1
-4.016866485146388,0.5181844754781608,0
-2.5722170095843735,-2.089261205109511,-1
5.381277396548814,0.18587161101485652,-1
-1.760493442247978,3.4369238387270133,1
4.746530229638378,-0.057025160599628776,1
0.7187987797670974,4.365851813449282,1
-2.9214152250035403,-1.1914298194924893,0
2.040362448906157,3.8616952597418557,1
-2.776013313115641,-4.805956821089937,2
0.5290965244751936,2.210270509428137,1
4.801850645766556,-0.6676182086521295,1
0.15713964652177978,2.287055070375807,1
2.2644693119969848,2.460611741576782,1
-1.42517723218412,-4.426202492803868,0
-1.4598414560830266,3.895431422002086,1
0.5614532742640648,-3.9331822112515336,-1
2.9708205474466025,3.8162476978480466,1
-3.8153447242468133,-1.8445625785926385,2
-3.1945840517010358,-0.5820441324457507,0
-2.6716522011363155,2.5352110367757295,0
3.4905777864879495,1.3570284458161848,1
-0.6142581913642489,-0.267839451026411,0
0.23041447116389033,0.7087701447473765,1
0.08092019484402742,0.37443107994897606,1
4.273497049560707,-0.09553461654346361,1
-0.653010467000423,0.7097121242462167,0
5.369402996083303,1.8228667858878385,1
-1.7760275568971446,-1.5511724472387167,0
-1.093430330537719,-1.7619870611376538,0
4.239909450269878,-0.3265039105140329,1
1.6395475038445835,3.4071664047422594,1
-0.33348031515235244,-0.7680004778654435,0
-3.482371532376918,-1.9975492755199113,2
-2.157749555134183,-4.991282257922068,-1
-4.111217290631113,0.34296713149130026,2
4.301398108127621,-0.3948741416271299,1
4.648394408469124,-0.3449873313629396,1
-0.8133698926329433,-0.7207113776879747,0
0.40989003638499827,-0.10868028975136966,-1
-0.35046375248977574,1.0113099755567179,-1
2.5822710897932217,0.4446364302754134,1
-3.591061140121387,3.2917544043655282,0
-0.9165885544226448,2.9356026856603177,-1
-0.4622805445592401,-4.111802520628203,0
-3.7425331901807772,-2.4860659376036143,2
0.520727169675437,-1.025806401175453,0
1.4443437446447849,-0.9582382296338637,-1
-0.3088956801519342,-7.048874753325142,3
4.22111165239421,-1.68287764495082,1
3.3898144708669338,-1.7812746824141514,-1
4.2332976122223105,-0.3916737085000272,1
-0.10132153228734271,3.314209306703243,1
4.594967697554884,-0.9911767014371573,1
-4.087310268427108,2.825259500540565,0
-1.9964442158395894,1.5419561942256461,0
-0.2769881905929052,1.5932417517862194,1
2.759841199619548,1.128187269372498,1
4.41393395189634,-1.0539910222790374,1
-2.7067585179203117,1.7320771999922773,0
4.591490455214543,-0.2875349087955743,1
-0.5730978131454805,-2.167959408966351,0
4.515058010100558,0.4325827748169989,1
1.081908278770068,-0.8560007002186751,0
2.3165762461974126,3.1374602856258207,1
-2.1856775276192693,1.3976842740808706,0
-0.686493381030246,4.242066555856796,1
-5.5018391350952935,3.0020254415019787,2
-2.755282771453971,1.9982683264318388,0
-1.2056594422985976,1.4814672402830436,1
-3.470006452187598,-2.3279413527265027,2
-0.28557567594674954,1.2516013615178028,0
-1.8850731589488028,-2.445793132143047,-1
-3.3441581765951827,-0.44139412022510766,2
-1.482916973995716,-2.676550160949585,0
-2.1414700361650723,-0.9042672982791289,0
-3.0327561044290663,-0.381841375964638,0
-2.7698206600948962,-3.62625689845658,0
-0.8485703525490845,2.1615435094550355,1
2.5670550969429886,2.2704221313768684,1
5.3868009667679555,1.164874303056917,1
-1.8654022211877666,-3.3642053633062554,0
-3.173246803640333,-2.1872626556059243,2
-1.5304815335206643,-6.296939097740553,-1
0.7546766810429829,1.3325183629831117,-1
0.2759290533057596,1.1905177656117625,1
-2.9582268199433264,0.6268281598511749,0
4.316329971119355,-2.0115327893929904,1
1.469616974735594,0.8452006295104473,-1
4.030510993560443,-1.0943068637734799,1
-1.1998699463701228,0.1005288051496218,0
-1.0109710279950448,-2.3951957114811133,0
4.362740623943589,-0.26355714513989725,1
-4.704145887109576,1.6034213122838314,2
-3.977685360593722,-1.0609787141221776,2
4.54875095212363,-0.36617627241948986,1
1.5238726533320819,-0.28185260292141734,1
4.817356849506196,-0.33331440360587106,1
2.6690994382498965,1.6295232816368688,1
3.5718153039749616,-0.954947377685393,1
-2.9390515032667457,1.6756979791382423,-1
-2.430259800991312,-0.9047204242382682,0
-2.597963144207128,-3.740711217013458,0
0.10910155723924202,-0.3429794006522733,-1
-1.8403409286434393,1.748209664392114,0
3.2111480111309305,-5.2453282487146025,-1
3.4320036448515086,-4.305700912349025,-1
-5.964934215923475,4.468862734375939,2
3.4673679003777016,-2.6073691475650556,-1
-1.148505750574064,-0.1631062774670527,-1
-0.9874292334222617,4.1180791604070155,-1
-0.1037680943596015,-2.0464379317471377,0
2.798129201907379,5.22133804241809,1
-3.110007370567381,-1.2713220484695047,0
-2.7965982856304428,1.7781254421908796,0
-3.5591545028617286,0.25392582999091573,2
-3.248834148404572,1.762192599858234,0
-1.208936802893395,1.3942603572252272,0
-4.267983488326257,-1.6061509385377177,2
-1.8940103650225062,3.049293509650065,0
-2.484245076173057,-6.964647584132303,2
-1.273791801904371,-2.3783662913666013,0
-3.0454860956736765,0.05527282574231197,0
-0.7053067196867584,1.379558085758612,1
0.004854941476522696,0.14000347601466379,0
2.2652935054121195,3.6673497282793486,1
-0.9306682661975749,-2.603159405485499,-1
-0.9828618395144462,-5.368449380677629,0
4.758669526639265,0.6447436701259295,1
-4.241093526000792,1.0822836781172547,2
-4.6371886055191665,1.3906878251651427,2
0.4207246207026387,1.592092197970557,1
-1.8825020092193043,-3.868550035694331,-1
0.5087323218515906,4.17851440274516,1
4.556508574501606,1.3907015904915108,1
-5.590626566776844,3.110728546233627,2
-2.818302771132861,-5.323081446492052,2
-3.172475272754147,-1.3093038456561594,2
-3.538144370302343,-0.5556469143282124,2
2.2905206983850723,-2.4712622173934897,-1
-2.7352697330463807,-4.164685757930734,0
-3.560628590009186,-1.1396946093617257,2
1.7509272903400146,4.765471095642728,1
-4.753587514137196,2.0445940384359007,2
1.3393411599085077,2.5104318587142234,1
-0.7849586482817724,-5.830508106593888,3
5.224317554413459,1.1991331742728861,1
-1.6881216179531222,0.11696610107799073,0
4.027335017389292,-2.565941909217408,1
-0.7132607927620064,3.426204660546572,1
-2.160698775898754,-1.5363168583960025,0
-3.4522220677683144,-2.1569706794981682,2
-0.5125992646346362,-5.165070703861957,0
5.105813905748471,1.1089866933815993,1
-0.6509159221226397,-4.565418843442316,0
0.4334552051615483,0.02511409925619816,0
4.3134278101928745,-1.6752040518555513,1
-4.823234082993451,2.0698102648390027,2
-3.3343183334232176,2.413326452591198,0
-1.20221952682183,5.211822758267156,1
0.17973480591593813,-3.0123293191969527,-1
4.4508090582254844,0.1593588951344067,1
4.781797431378771,-0.6400675847626462,1
-3.2405469001654574,-4.07317117690602,2
-2.9864724693047737,1.4066814606938216,0
-3.0660904648790392,2.008684119991536,0
1.3257157555933645,4.966670508936682,1
-3.6563499716060326,-1.995433409060236,2
2.0373061116901727,-0.16865154646239228,-1
0.46545140196510587,-0.8314954017714794,0
-1.2244528741943919,-1.9166536260088467,0
4.2184073833904945,-1.186833979448197,1
0.5675095693381746,3.8606333920543596,1
-6.312036935464553,5.501787095424314,2
-2.313343057630325,1.215650012742652,-1
-1.6448370657588514,-1.2135387888599352,-1
4.733181148880285,0.2130813950853439,1
-0.22330777910283328,-4.3234847489126835,-1
4.525799560009654,-0.6215842939211941,1
0.8825589739108132,-1.2336650457106055,0
-3.98067164497275,1.9380795857287625,2
1.0296602373389916,4.486789091345821,1
-3.014572805690563,-3.013698771881165,0
-0.9267108727553212,-0.09119549835501457,-1
2.771430532076659,0.32835138312521356,1
-5.136597029601553,-0.4059567046868281,-1
-3.2280885050085093,3.5674379612546616,0
-2.724019081481082,-2.2827521164374565,0
-5.011293293358085,1.7019981357483758,2
-2.6110160949405135,-4.760254739842885,2
-1.2792470258740682,0.6561833680884178,0
-1.1537980125711547,1.242834059506888,0
-3.9686804807048333,2.474062553215327,0
-2.6153992536624644,-0.536110349178969,0
-2.608189556299038,2.384959964100324,0
4.3006648312564435,-0.9832137920438497,1
-2.779500557298953,-1.8547540235272277,2
-1.762761145640432,-0.5289433572095904,0
-3.5193594842496303,-3.050008192654392,-1
2.9475388385865977,3.5032381784349385,1
-0.6693980077360808,-0.25846100644880005,0
-0.3138759404095499,-2.9904888641929617,-1
-2.676933281103146,0.2473375511538365,0
-4.013570166074219,3.3954993690474424,-1
-3.4867672781427745,1.2926751964753123,2
-2.4741261346536865,3.4413141869523636,0
2.247193302471728,1.9142826431871893,1
-2.4666348570709333,2.725957021300059,0
0.41604107817938435,0.5969324642129278,0
-4.292022277517339,1.2798853295483719,2
0.8643136847892777,3.3878915415966335,1
1.029123785319969,2.012890424988162,1
-0.9190704051702997,-3.300922390413184,0
-2.882959446849675,0.01489481136410363,-1
-1.6822309336194334,2.8348261990235857,0
1.2812684015093405,-1.1943631656742764,0
-2.5750250826507015,-0.2664159800094703,-1
0.895706768788435,4.109894249489575,1
-2.9417221871109374,-2.3882293559109518,-1
-5.607895280194435,3.003973808531702,2
4.272618213522679,-1.770139196893096,1
-3.5177203761918134,1.211859092294958,2
-0.5821991929266873,5.322294106167471,1
-1.6769264272419977,0.22095655391883823,0
4.962892354958584,0.7259052041143975,1
-4.408407097371014,1.7115224819405692,2
-1.967827870041091,-1.5061733875529488,0
3.3326837124776336,-2.644043595552398,1
-1.189318696318947,4.6294212405988215,1
-2.543932934955677,-1.3177822546874285,2
2.423601389889049,-0.7791639805655773,1
-3.0357345653611425,2.8206354686540784,0
5.47157390213321,1.2954556996368207,1
-0.9205128270510251,0.7289856146952827,0
-0.8442276702694657,0.9119665430229411,0
0.9174940867908548,2.247991324767737,1
1.067310528258025,2.7049174627517445,1
4.267606024957007,-0.8243814962087658,1
-1.731258830616596,1.2589624221350422,0
-2.7330184168517038,1.425630822485475,0
0.7764599100682267,3.2909033683381343,1
-3.114954409534834,-3.1798224845642453,2
-1.9426413931170703,1.8989417336442203,0
-2.7028066847482117,1.6873384906221356,0
4.415261056517942,-0.5499777298207269,1
5.006205767811932,-0.1226466962463358,1
-3.267099462100734,0.9087093863741116,0
3.0463398054491435,2.7581061755720193,1
-3.7137853183099745,1.6537630717454377,0
5.26814745917342,1.4193856197167178,1
2.9457334078785027,2.54788357549975,1
-2.4744494633154783,-5.078372398469312,-1
1.4530004324971346,3.1194360923390416,1
4.922684813668754,0.10334432025205931,1
-2.141471680518153,-3.951470602637728,0
-4.01900099310153,2.639470470275655,-1
-3.5250991536402174,-1.2545146413512256,2
-5.04164074329312,-0.19520596416655445,2
3.413904026692254,3.90250754345938,1
-3.204077370295807,4.471108978707737,0
-3.735168109067248,1.6457969943044146,0
-1.7692379541113221,-1.1241402451815785,0
4.700323933412382,0.6569432856543925,1
0.01601425706318542,1.1451528287938513,1
-1.8987910301135533,-0.6563619239267366,0
4.108726766638056,-0.07259644634172384,1
-1.849594087937211,4.403441277778032,1
0.6991603273365656,5.340318433388138,1
-2.451815164598854,1.077500464482205,-1
-3.059592673680053,-2.3569243222630774,0
-1.15466400144542,-1.223072444882504,0
-2.24485539014936,-3.414975154653845,0
1.2106168225179739,0.8803750920746365,1
0.8202173482233068,2.3970501948145135,-1
-0.1935630132470416,4.267696597132021,1
-4.539253771289077,0.7193253671342158,2
4.82906461418083,0.7316535129988306,1
-3.0712184133640967,2.5094090786334697,0
-2.9266065824840792,1.6531416607367175,-1
-2.1048365207723343,0.9819678232094473,0
-2.3892262343941133,-2.279132651343387,0
4.2539176281844275,-1.861161423172081,1
4.743506552680299,0.5139158348447865,1
-2.032641771552156,0.08386600943857002,0
0.8202643960814079,2.9161949806183456,1
-2.6379690819326442,1.7986667857138021,0
-4.366661396428464,1.5563622106997976,2
-2.8083051781091424,0.30307348180161503,0
-0.22413324530160986,2.5710748257608005,1
-0.39767005570603486,-1.6518565029521484,0
-1.5643852490322927,2.6751735204690887,0
-1.7826930700777517,2.451300922244454,1
-2.5667183843309913,-1.7415568075130305,2
-1.2525955684672017,-0.7438761415713904,-1
-2.6502987434642113,-2.4614187657773945,-1
4.711879318509791,0.1885119609644401,1
-1.0579961462960172,-0.3508731357560403,0
-2.9413884070179073,-2.2859555497922983,-1
-2.510521882706229,0.9513049472281805,0
-0.9845815417467375,3.1440783138655313,1
2.3105958424406543,0.6794437079281352,1
-2.7449475003476875,1.2522221135494898,0
1.2210093055700308,-5.571815614430788,-1
0.1107161592118434,-3.963977446348602,-1
3.7616145972273927,3.434573135883967,1
-0.7008541309153652,-0.9016429281637979,0
5.104833838503637,0.5673313961340468,1
-3.9690881244673477,-3.0645064066109238,2
4.62056867433858,-0.7876964816007972,1
0.09006165552758262,0.5809361370306552,1
4.03707879705994,-1.4001161224264471,1
-0.9421515290679383,0.25204335868863925,0
-2.92551724231703,1.6602481851158517,0
-3.048218487603669,1.1095490820619343,0
4.610787181780495,-0.36985164557709577,1
-3.3352799437842795,-0.5411550547303612,0
-4.828305963836768,2.1456273951893867,2
1.8978880087484704,2.1954787306967716,1
-1.552379115994416,0.955956690306442,0
3.987530548870954,-1.7003085304215,1
-1.285494643291988,2.5391763412859376,0
-2.8131510485736912,-2.220524718295332,0
-2.6026694159366666,-1.4859745243808584,2
-4.41118216061591,1.770895359695575,0
4.872656118451267,-0.3637288913930436,1
-2.6366262891522303,-1.9785110302043547,0
-3.2078084024652695,0.2232883457402136,0
4.872511171459756,0.8483316925158034,1
-1.930257408204287,4.6256465908402316,1
-5.835519061769225,3.903028788257466,2
0.18776849455076602,0.6606083312709534,1
-0.3781613161369728,1.4511428424583204,0
-2.7846565221223574,1.224270202093084,0
-0.9593356216397687,4.158803734002022,1
-1.859634306406439,-4.217583778438115,-1
0.9816915351585759,1.8263323404738414,1
1.8531240608423782,-6.158516067368957,-1
-3.2191524576802117,0.7174674664023253,2
-2.8551955189817533,-2.1785450029583266,0
-3.4282951848861085,2.7887280719955134,0
-5.180244749966687,2.9685302927755637,2
0.757827123733529,4.5941863151316165,1
-0.3491641622551705,-3.5113563136126555,0
3.1774317282984863,-2.859215056744821,1
-3.065032125441774,2.1739257813879505,0
4.445033679040123,-1.2798356538288238,1
2.0813650863765516,0.037413093510891095,-1
-1.0079605422293358,-0.3896578359303205,0
-2.651848364703852,-1.1583473950641725,2
-4.099944903438842,0.513652222067028,0
-4.057819076142032,0.8794499485112727,-1
-0.5635529752485012,4.952256187434905,1
3.0991194312187065,2.9208559903351468,1
-2.0458595781107975,1.7909240654464702,0
-3.4278068934634476,0.4260287045740668,0
-1.9401837392748769,0.05897783089679283,-1
-3.5953794859554344,2.910664594384307,0
0.555235857729355,2.702763369970885,1
-2.1194567574274683,-1.9125333705186922,0
2.790957737797989,2.716258079761725,1
-1.442909130135717,1.921679343862214,0
-5.009755331371096,3.041043172760825,2
-1.585719370519567,-0.02690425146889555,0
-2.2095265851897845,-0.19257867174785911,0
-3.6773172589512386,5.379226479641054,0
-4.292182632474076,-1.9605710710584157,-1
3.1084644620158106,0.8005169859661345,1
5.766188527057237,2.4105115522231757,1
4.378731261360235,0.35846045002223725,1
-2.1462040750764144,0.5705133672061687,0
2.0479746492732103,2.5251658362112095,1
-4.432078204369138,3.4532343437882544,0
-4.144844860012941,-1.4852730797809734,2
0.39021533282752546,-0.4475970868903236,0
-3.3951957244725754,-1.3845655430455304,2
-2.6728893896214867,-6.067487365614313,-1
-2.711798385929369,2.137591175859259,0
-4.143557597052657,0.6433219989440726,2
1.9603874218655462,1.4303104499303068,1
5.600264031211015,1.9677466134312063,1
-5.221561054375884,2.444572909453031,2
3.0760904550051387,1.6602358244491122,1
-3.501812252295548,3.625146262677921,0
-3.3975164138453864,3.8646551588706695,0
1.607887697694735,2.4267759381762555,1
-1.9150675409659805,0.015612364644952475,-1
4.0611823116428605,-0.6918973508101927,1
-2.696600831723831,-0.9106104350362463,2
-3.7961799466567223,1.3351238936634264,2
-3.1360934933438998,-3.322140859732348,-1
-1.72061961556016,-1.1434367079044276,0
-3.1020278227554363,2.414059044023628,0
5.514216512609974,0.9500742796626107,1
-0.10222226911361355,0.21021744400834047,0
-3.4919574209419646,3.270434965062119,0
-1.428273039780375,3.885997171295085,1
-4.991545878273005,0.36450974044966394,-1
0.18883426282331847,-4.6574293137823,0
4.959907211776327,0.5287567295219583,1
-1.8675779066071923,4.1511609260597435,1
-1.278798099849437,1.6068641509949848,0
-3.377892042635379,1.0220779483214069,-1
4.018905754221351,-0.9662767090025055,1
1.0317589139232985,3.4123430790752836,1
1.1307315248656815,5.698706193705487,1
-1.2628875556146446,0.8659811003362915,0
5.276790170889205,0.9297972417290968,1
-4.067526393585955,3.379088404371705,0
5.086260760903193,1.7323815976602632,1
1.4621990409744428,1.2979966935249627,1
2.4322939663974577,2.837014869673737,1
-4.026207823864531,0.384090780992506,2
0.9614483180336205,-1.1832462830663981,0
-2.418840054778685,-0.23435855595029254,0
-4.347217274258483,0.8190777860530397,2
-3.0701857295614277,3.4371598768962306,0
-1.6230713127770207,1.8941774470980723,1
-1.6981835471074123,-5.584966874633575,0
-4.275587977750751,-0.8641053689864125,2
-2.6090653717109884,1.0338281461688794,0
-2.463091282758292,2.8558923208362126,0
4.674450147779295,-0.12592193326449092,1
5.75491386320921,2.1210101502795036,1
4.632283092951001,-0.6825209201156409,1
-2.566138422058133,-2.5725070206136507,0
4.3269028840152455,-0.9899337966368635,1
-0.4965747575172998,-2.4765601030444384,0
-1.4904148909100794,4.69010072693553,1
-1.214813381213896,0.5414376027634857,0
2.2849236760899743,1.7828857759976162,1
0.5366822960362269,2.7151424362887315,1
-3.740031650505029,-0.11164643712380196,2
-0.7813429447713993,2.358068352023699,0
1.1472387950856078,3.1673159408360907,1
3.586819082004114,2.4096057271111766,1
4.800224970000248,0.779200315010663,1
-3.727670741964682,1.0008393957428907,0
0.6085511492959573,1.4340765066142425,1
-0.1773807007946413,-0.46151484066962006,-1
-2.8641145147143403,4.30477455062982,0
-4.260211416844247,0.825846159868301,2
-4.269519337527254,1.0092492159875481,2
1.9335288908102748,2.163069631647289,-1
-1.3954952045489022,-0.26123152623868734,0
-0.6994509222453485,3.770463077169502,1
4.483141177494829,-1.0392737965563519,1
4.627159766637217,-0.4730697857332254,1
-1.4942961317896986,-5.045406513082745,0
1.100589056254333,1.845908369788356,1
-0.3297304974311877,5.756879089882389,1
-3.407687179339529,2.701655573567178,0
-2.967874484515181,-0.8374409397041377,0
2.4656979291334253,0.2562593515859224,1
4.403903926910147,0.3622597462161676,1
1.7348133764368594,2.870841762676898,1
-2.5344754151706472,-5.50988208709002,4
-0.3769496226732328,1.3234544795553354,1
4.273281413567652,-0.7599195305235682,1
-0.588197026890521,2.7092457532766554,1
4.402919157800655,-1.5864273260396682,1
-2.205059257931808,-5.343309071049326,2
-1.4076317480083196,-5.328332145068192,0
-0.7188562344018801,3.621602535790937,1
2.491190490922585,0.07648744301254906,1
5.138139037958384,1.3771546777649606,1
0.9676879102797816,-1.892971506311046,0
-2.3931267185335017,3.271767280574835,1
-0.5794525270319074,0.3927648506197304,0
1.1548796366824543,3.7900042698980645,1
-2.6195709846899122,1.7544743616738745,0
-3.9507839675577334,-2.247851250116805,2
-3.093332953053776,-1.9564857162389169,0
-1.6661964362252308,0.42957935142991593,0
-1.4743173538671617,-0.018465685633539702,0
-2.503744061713248,-1.4120309603106656,0
4.825044105858099,-0.16767345108035137,1
-3.7889969201106215,1.627811970110429,0
-2.5233012574332725,4.898508649763201,-1
-0.36207134038486755,-0.7137245852115393,0
5.086282354407835,1.5107356848969362,1
1.7105579594134088,1.8881626886794063,1
-1.3301743399918418,-2.1954552412216928,0
-2.4923116990126184,-4.34943639132376,-1
-3.3214993943003472,0.15053986649402534,0
-5.390749820881357,1.6573514494972363,2
-3.2804644097982982,0.5010768241004876,0
-1.7348529253312237,6.19799770506774,-1
0.0015593238995721852,0.6183365254103044,1
3.7375491093953497,-3.04613464518512,-1
-4.248824162858295,2.8387733083448414,0
0.9557176137199045,0.9122125619812671,1
-2.8439580501176915,-4.747811163144514,-1
-0.36378604820827337,4.296207333205986,1
1.1442500903182329,-0.5020440745388802,1
0.7188499908477339,3.7277926917567163,1
1.6740380427790074,3.1948740978919714,1
-0.9598064077267132,0.7070505018594382,0
1.6066753047405424,-6.891305627589958,-1
-1.575359306965663,-6.61924386123925,-1
-5.764690126519831,3.7917237256907352,2
-0.24358303173362875,0.5963267241417285,0
-1.4697734519064691,9.883826219345138e-05,0
-4.244400477176456,5.971791599329042,0
-3.940909680816874,-0.12953499819710165,2
1.629732366943265,-0.3710548884821009,-1
-4.433235940489724,1.4523308033301503,2
-1.3869617259405436,-1.167247715554475,0
-4.068929118394301,-0.9546215245206544,2
-3.307720638245346,-3.7534228273294725,0
-3.6976025279298006,-3.8504117650467764,4
-3.275738611194121,-0.5160550760603538,0
-0.9513634504199219,0.6261288705100725,0
-1.5883493599554588,1.6871938194663774,0
-0.7547870810184462,2.1416013790204094,1
-1.7729148121844458,0.017703792653521414,0
-3.7720725557296806,-2.225130651011513,2
4.090884639520668,-1.3497692553465732,1
4.9805725638035305,0.5205031975852338,1
-1.9862257790261646,1.4211539143611804,0
2.962175239016711,0.15571147473832933,1
-2.8832119376404477,2.363886286204201,0
-5.998651002770813,5.24350054550527,2
-1.134773451845485,4.127762584876265,1
-3.683629697574221,-2.919223517568525,2
0.6181540752226318,1.1582576171512176,1
2.401989434709863,1.4975935633359208,1
-3.404859830427088,0.763556511977477,2
-2.1000892171116865,2.74388852060429,0
-3.316632053951514,-4.815149090067626,2
1.8938897355662572,1.9994150598037996,1
-1.2938890077505383,1.794857988850453,0
-2.2186390127730267,0.6893492934540789,0
-4.353125443925607,2.787842701333921,2
-5.337570364451897,2.672748975259723,2
-3.394436262509779,3.2136669922469667,0
-1.6894487177992228,3.865981224346429,0
-3.0737769107187853,-1.238695773400421,2
-2.3855101941173533,-2.8181442125233067,-1
3.4340701674949408,-3.908307806963457,-1
0.16326541050617777,2.7261326597568574,1
-1.7193650451870366,2.360460997300556,1
-0.7350511297945191,5.312777828907252,1
-0.053227044912805735,0.751749486789323,0
3.9199709566938212,3.026881499582156,-1
4.459848517025117,-0.9076030357337939,1
-1.9695431448746266,-0.8222755652715271,0
5.350120772013037,1.297272517839477,1
-0.12416902052281993,0.4154564740247066,0
0.06038878532872426,5.838287839465957,1
-1.6690862712570187,-2.0996077627532506,0
4.975540429030419,0.42449989077959993,1
-3.540748115230831,-1.703321264076175,2
0.31731985014467473,-1.750231538100187,0
4.377777198182669,-0.28427723826062007,1
-0.5899058265177037,1.7509899756885736,0
-3.762013888583777,0.8320359509637355,2
-3.2617964162657826,3.1848474714017914,0
4.096400617234034,-1.7119875613581614,1
-5.283019161190035,4.736644755018911,2
-2.5934090764071787,-0.5656914146126267,-1
4.63848962259738,-1.0596662931327434,1
-3.3634364551623954,1.0938261177443975,0
-1.2451444087388146,0.40071715639846756,0
5.555462601626408,1.5280346261267672,1
-2.4093347285951334,2.681389884318367,0
4.0018172493491155,-0.7157584781933087,1
-4.901038002047826,1.607181649634941,2
-3.8015102199815862,3.5014466422471155,0
3.2155505425273243,-5.340960896810738,-1
1.4106777906165153,3.311071882643624,1
-2.4761902402106695,4.638136923863068,1
-1.5611778145789135,1.0250472857364032,-1
-0.3549877227756413,0.9928919753406904,0
-0.16058315640968565,4.683134612760918,1
0.9110719330238023,1.5816120421439956,-1
-3.0822173639122457,-1.4958580706334739,2
4.669221943033366,-0.6330795423970997,1
3.3539352887821416,2.3927175177146,-1
-0.7222636444586169,5.1623245014010255,-1
2.9596519705515707,-0.2047075507841225,1
-3.6935642151567283,1.6594854317340004,2
-3.551611066717235,-0.42613847039420544,2
4.432258010723867,-0.8972678624623842,1
-3.789803503689581,-1.6994066544652262,2
-3.4083534013140353,4.363405965518943,0
0.5116379774041353,0.8246302050172573,1
-2.7568526363841825,0.20902729846343365,-1
-1.4577910013037885,2.4236304543581593,0
-0.8991592522786975,0.8954270561661108,0
-3.134144139857793,-0.8864747578434643,-1
-1.6872173168801985,-2.1120711327979955,0
-3.662960812102227,1.134385955303265,0
1.401431718926755,3.3976837111686717,1
2.9291944240079837,2.6208870029946474,1
-3.6022241216890443,-2.060451463457049,0
-4.012497366485529,1.0541479774932319,2
3.669328775278191,-2.086721636860261,1
3.9843188361288604,3.0862390655166774,1
-3.081529036776387,1.4491643351209427,0
4.349056640251374,-0.9077261185175263,1
4.3230851492861815,-1.367286082947701,1
-0.5221327939028084,2.660618558846628,1
-4.299619876500725,-0.510857444526544,2
5.058731117516113,0.6976094982286891,1
-3.8417740235502205,-1.9329924819304067,2
4.791112182354882,0.47214263744336415,1
5.09687498989579,1.2448254731840276,1
0.6628335959572982,4.669188459380752,1
-3.012462033092854,-1.5908500669128602,0
-0.8865872824965346,-1.4735061601876425,0
0.39847476478470567,0.06091247634064253,1
-2.0656955243083024,-4.063957883188554,0
0.7062443462545889,0.5941281813875583,1
-1.1270120609237795,-0.5750779723985141,0
-2.463399443184295,3.328835229552386,-1
0.7254176387989963,2.332822959086782,1
1.4734177446674015,2.0773281325744475,1
4.719057348922195,-0.1889775421731843,1
4.620958552180645,0.20021671036693198,1
-3.306182184341295,3.6036714905075575,0
-2.3313772215378594,1.2593872953627687,0
-3.4096074173850535,3.966774324386686,0
4.196077065514788,-1.2543562705484155,1
4.752633275055681,0.8991147610414746,1
-4.729990122484651,1.7041980937458114,2
-2.18130438698798,2.343009555264323,0
-2.725789928742108,1.3708555233205248,-1
1.3101025589633728,5.000695884302577,1
-3.5727549876423206,-0.10126601207748892,0
5.131218229925577,0.11758417290434994,1
3.0530521490689986,-2.98995443732236,1
-0.7840714951021105,4.160682704516152,1
-3.0906279505522574,0.054006501914738145,0
-1.128797353133104,2.6764301617674566,-1
-3.0405266221978042,1.1563421667557476,0
5.369751054475285,0.8794073408288787,1
-4.408484728433879,0.9085339062100042,2
-1.0106698160902692,2.7710218817135304,0
-1.7333168653451827,2.9190895436178,0
1.0254019293020067,1.7598438715908904,1
-4.424015019404432,-1.170867919939998,2
3.9981421597441966,-1.3082936363217181,1
3.2162393962699825,-5.326515260505914,-1
-1.0927130792600253,-4.899221672052665,0
-3.6628634408003515,1.8565595963681834,0
-4.479132399220683,2.780831474644111,0
-1.660699839486001,1.9587314234744242,-1
4.608639718455321,-0.8597880785456976,1
0.053265759516476094,-2.5014077233054013,0
0.9157504208932696,0.7395071761384641,1
2.3619499917015756,-5.447281115185333,-1
-4.301877610891494,0.41435380851281484,2
4.682498317965279,0.09717578970165826,1
0.8093111619539595,2.7870772997258113,1
0.29598843992164775,-1.6549288068063854,0
-3.7907946718207133,1.8730414950012975,0
-2.20274105918405,3.6726803306165405,1
4.586341240771347,-0.06198354942809644,1
-0.521217408975092,5.403178201293933,1
-3.5260933926633746,0.8762341033139962,0
-1.2486513251150364,-3.285967548223855,0
-4.292841380741875,0.45464012094835254,2
-2.5627478128780425,0.7342489504232872,0
-1.997495341108538,1.4033706550079779,0
-3.9315302348961754,1.3515438254138696,0
-2.6848888818684995,-4.378866957313336,2
0.15839656333914082,1.8632194641207076,1
3.4334148580491526,-4.4094781782572525,-1
-1.938587500394095,1.6384012931451495,0
-1.4813119216192936,-0.09226695710153894,-1
-5.200094716378179,1.7351429486404504,2
-5.315323066978611,3.3160019920644563,2
-0.8203623548896807,2.7700914215623555,1
-1.2188565484475402,4.276452190151647,-1
-0.39886390601090216,-0.3515538844746627,0
-1.431138326790026,0.20808461235291986,0
-1.8779630507507759,5.880004973221403,1
5.227728515156399,1.901678753854458,1
-1.9317070048705662,-4.0762606247042585,0
-0.12393662777879523,3.5272402686814437,1
-3.5283828463520983,2.7412073133804276,0
-4.512429127033628,0.5461313724573501,2
-5.445814406853607,3.6161218009476688,2
0.9787915204796954,-1.8273978254684253,-1
-3.682072960088166,5.155424886197009,0
-1.7254513316401974,0.414809547788808,0
0.9655562236476013,3.0705500333194378,1
-1.9389220761125465,0.0332383691529677,0
-2.9147772793831215,1.8526821686832327,0
-2.6481887731143607,3.926461519580093,0
-3.0944685083088608,-1.671201599928552,0
5.3410560144025725,0.8252417299831375,1
-3.155406238422478,3.150830409017138,0
4.512537680929912,-0.6653227661069266,1
4.94548750093023,0.5894807689852655,1
5.76564229363258,2.6938366816131407,1
2.0856440928698676,-4.9189666589137975,-1
0.25860981868950533,1.8474690177006747,1
0.8572669068872744,4.612393214858532,1
-5.185104426207832,1.0059865159076509,2
4.330526383676404,-1.5747844337627421,1
-2.632164058644988,4.131605083633062,0
1.3495398679441266,0.6631623715002832,1
4.453337615399809,-0.9551749772804334,1
2.2651534779044677,2.82109288933598,1
0.37519552363501096,3.025932866685762,1
3.809702338066801,-1.6401571914687492,1
-1.3377733073226004,-0.0337130656276457,0
-4.665911605790478,1.3371166678287714,2
-0.8496990224033895,0.9421468277816971,0
-1.49677342786091,-3.7303111968471745,0
-0.13915371002998833,0.20086924023716451,0
4.944353633445106,0.844876616924614,1
-2.437544111805666,1.6682240777034647,0
-2.480833059920994,2.990916614267409,0
3.523686136403772,0.5315733636821146,1
4.579500251858949,0.11827680389606711,1
4.698153750493836,-1.0005119230580293,1
5.2831061973446065,1.2372380494622675,1
4.462135329336388,-1.1208280451812713,1
-2.027900405070567,1.0914154749387375,0
1.972106122458704,0.1035590355089086,-1
-0.8483124678644511,1.5363931857532833,0
-3.5364152329583542,0.09079556947504401,0
0.9739812102648383,-1.1141853091205551,0
1.9060873836636414,2.0611664042375564,-1
-0.2495758579625065,-0.9776181971867917,0
5.28893103060887,1.0771439193509822,1
4.21076741240816,0.3875760311603405,1
-0.17466223271012365,-2.785702896921629,0
0.928728191012207,3.0133139386821672,1
-4.425167914553331,0.4770255557359417,2
-2.1178492525841053,1.9573351274004485,0
3.26673555926881,0.9795243738240816,1
-0.7114645314587404,6.941370134441905,1
4.717237035362284,-0.1596878508375008,1
2.8600170135267096,-6.22918076041002,-1
-0.9638853326997816,1.0302574129423974,0
-4.252480905361541,-0.21742399696660406,2
0.2942427152094189,1.3962127714680976,1
-1.965370675079165,0.8775328236497754,0
-3.3771080361778365,3.878039861096827,0
3.7985110820089085,-2.3967054951373514,1
-2.675065459829417,1.685776987435011,-1
-2.690849860929423,3.3895949798372977,0
-1.953368764420197,-0.6433230611713749,0
0.669468781772249,3.7037434306871075,1
-1.1149552550326074,-4.1206457323392724,0
4.957704655925121,0.6901280564132165,1
3.516868896343416,2.9789342167663935,1
-3.0978211012291745,-2.97917652683356,2
-4.047098573113558,-0.20402031390081427,2
0.6524930319839045,2.8877955440713508,1
-4.074273168641448,3.3848094150690864,-1
-2.157884166243848,-0.6094043600755196,0
-3.554924855881641,-1.7387677772472803,2
-0.5000375067391556,-1.5400886725688383,0
-0.14012988187389105,2.6706000581732026,1
0.9357639781212571,2.254396135741767,1
-2.8856771661023073,3.5040117971607656,0
-3.8461284865252763,-4.684634249456416,4
-2.784214719362981,2.4867275718716124,0
-1.2384611149965459,4.939396568652429,1
3.3044794326145275,-3.475267866444741,1
-2.7160482475961283,-1.011010087436142,-1
-2.538491306552202,-0.4900862817922383,0
-1.6764070477180848,-0.4160155515859097,0
0.7685087257486459,-0.09228770900492177,0
-1.608316245730825,5.955657841915951,-1
0.9554093261234314,2.981187441777639,1
2.270169036643282,0.025534464838957847,1
2.7911570058363737,0.8862678379410461,1
-2.666930746956022,0.83071078499659,0
4.740128057149465,0.7033411040330653,1
-1.9852152906300322,3.934749838529831,1
5.3649214905795795,1.5349135937020844,1
-0.9313998687084787,-0.9152785013059734,-1
-2.582226647328943,-0.13292702313389096,0
-4.416387527098782,0.07666433589000961,2
0.4227305909697969,1.101322499110086,1
-2.5297427016172156,-2.845381341167393,-1
0.23874684634059842,4.37702710864137,1
-2.4282044193452323,-1.08105896625038,0
4.2688826469900025,-1.2988526587569513,1
-0.6934797000851206,4.467953344587934,1
-2.9695885176385084,-3.533927383344418,2
4.345166500465042,-1.724917921959919,1
-0.8192337773208718,1.8621654332094064,0
-3.846182099639914,1.2317746773100497,0
3.968475577817963,-1.2548760350103731,1
-2.5349331803636925,-1.4392678421675744,0
4.4436320929709225,-1.0426710106130501,1
-1.9377819604759012,0.869057849043163,0
-2.1954133220797907,-1.3358713678155458,0
4.627720705301469,-0.8288296899789113,1
-3.0916381752877404,-1.1450230617609511,0
-2.790355051599576,-3.2661037091396885,0
-2.599706757207886,1.935472665234589,0
0.11457792344077518,4.504825585819272,1
0.06987086668536245,-2.2075734038009083,0
3.0830073252651307,1.4547393654585983,1
-2.5390830090102097,1.1867664352955871,0
-1.0714568059661125,1.3828423401469907,0
3.3198222964926543,-2.2903213811537957,1
-2.0070633893184744,-0.2749040372077564,0
-1.4128613790355151,-0.4328769385022836,0
-3.429035807400996,-2.9853207099542165,2
5.286633853518185,-0.35950413351490756,1
-3.903246662584435,-1.5666230352497565,-1
-0.5054499039749384,0.29130321671886156,0
-3.797073529199021,3.685718067395289,0
3.421104981326609,1.1521030340370142,1
4.203545965145206,-1.7701775944718372,1
1.2378320570588675,1.0619883665090082,1
0.2857195232849423,1.4027905228847655,1
-3.7340595850196667,-1.06211770100431,2
0.03369838396015255,-1.2001148507074249,0
-2.0266162389255444,-4.164727276142496,0
5.051247792999674,0.5802330558514568,1
-2.9168686435999205,3.2018073778039864,0
-1.4127853436365094,4.449904855755374,1
5.518308619749451,1.9493331290191767,1
3.967459926794824,-0.424211416747773,1
-4.181474893426731,1.9061527494802264,0
2.514048064787539,3.17732285832662,1
-3.892448595858861,-0.551530100862043,2
1.2714165745291208,3.2924820649151427,1
-1.6333891964819902,0.838888252025578,0
-1.128155618564267,0.028140981145427277,0
-3.884496541931025,4.9990481376789155,0
1.4691104805501949,4.252355230960326,-1
-3.0566879513223584,-0.3762644742326898,0
-1.0627032440872213,4.239365374527814,1
4.03662876519438,-1.2096995932899177,1
1.5146518581634896,4.4714638519216825,1
-2.545178507195795,1.3637018776696608,0
5.450103783868137,1.8124640238110048,1
5.551039162775343,2.1179294453033233,1
0.629912864028842,2.4332950910368547,1
0.3329419861088547,1.1321248420812784,1
2.2667709068487842,3.7302419273217793,1
5.161317269356478,1.2059513841818479,1
4.387492116484824,3.547105549099726,-1
-3.981437661858062,-2.3840296528073104,2
-0.7820953908048359,-1.5115260749778827,-1
4.70976761769483,-0.8936367015294149,1
-2.743069586537461,0.22860966185119275,0
0.8611920390495079,3.1598839416815094,1
-1.6522418212908292,0.15634316078179678,0
4.474573531224443,-1.1396844695581443,1
4.888163672595224,0.1282964518990957,1
4.755505319257494,0.11619372876775685,1
4.3497179906576315,-1.8692377425955644,1
0.75435264841305,4.4798889850765145,1
5.5189649423653275,0.8955441806642969,1
3.1465479973315675,-3.1521274994445245,1
-1.0242076236826287,-1.4587710321657579,0
2.2327323630190157,0.4259141422278339,-1
1.1904481900972315,-1.5502629659956997,0
1.7052406500825736,0.10586613495929001,-1
-0.319065617909903,7.057362826982409,1
0.11051991495773412,3.999002056748293,1
-1.0293433991887686,1.3565595080785822,0
-2.818771265553801,1.3227093375094823,0
-2.7661494350243845,-3.564810557534068,0
-3.8336878054223926,0.5630573350695436,0
0.1789441102357175,3.190276482693886,1
5.369846070903541,1.1314867451717048,1
4.300170136572004,-0.35616576105062386,1
-1.860129034378746,1.210440187940005,0
-3.9920547056150273,3.9026705474626264,0
0.052200697404478684,4.060495737938765,1
3.09191040609014,-1.4251376959013826,1
-3.242509075447362,-0.4866361785343073,-1
0.7248556034139895,5.206312787532631,1
-0.8191293833140665,0.202255112274772,0
-2.274804245315572,3.207767486770998,0
-1.5819163982198785,-1.0393490050958853,0
-2.7664411656564796,3.2836607610562014,0
3.5829645977613773,1.7108658299305637,1
0.39469256536734254,1.350866039136852,-1
-2.202917831852813,-0.33907732155258546,0
4.051384687018862,-2.4471612555065736,1
4.398164333679569,-1.023788013116406,1
-2.398978180961898,-1.8139708251768425,0
-1.975049993920402,1.3720396030378217,0
2.399592768295313,-0.7386244956691231,-1
-2.2849209189782176,-3.0294220814327306,0
4.718324090179518,-0.005337817399688743,1
0.12173000353012038,1.4056712399992257,1
-2.7652140613577836,1.8496172014615475,0
4.568382426717333,-0.2999853658235286,1
-2.9431142649502937,0.7009075253799618,0
0.9542916022031707,1.8530134730766197,1
-2.901112394997536,-1.033424724784357,0
-2.99784157215062,-5.097262029386024,4
-3.62951012564175,2.059157377152449,0
3.3581950625875034,0.7755611526674998,1
0.3101104386537222,0.28945081117299265,0
-1.9907151131112026,-0.7105946111526148,0
0.4824974338833168,5.500117346231928,1
4.4918076869852435,-0.10719280500765678,1
-4.006500973496842,-1.1651381850916729,2
-2.8115242003381553,3.0969915258141576,1
4.406304446211491,-0.6835336119359539,1
5.106974316535933,1.8815971452866878,1
-1.8636409618497165,0.3766709999843692,0
-0.782184743192862,1.4438512151808032,0
-5.501050792501472,4.119940331995391,2
2.987332500156969,0.5645690303533224,1
-0.941697189083163,1.7835604267140799,-1
2.118024257407287,0.911586941512769,1
-0.7197272515630728,-5.30261194044168,0
-2.4317282373270706,0.41171610470938935,-1
-0.9879913156985275,3.702668938896327,1
4.58679183041396,-1.0336414089875865,1
-2.4201603415094937,-1.5692797553554962,0
3.354156237069474,-1.769602901750668,-1
4.900468957277831,0.8292910821509251,1
4.260731019686885,-1.550881005514064,1
5.3982256496598,1.738361868267461,1
-2.202993842413881,1.249163596031355,0
0.1870543064544342,-0.48495609494046793,0
1.1400443067836863,-0.9560983778722664,0
-0.6682743045350615,1.2104152930418015,1
5.063419569816452,0.05807531463567019,1
-2.227152094169656,0.7138529417990741,0
0.9980024709541596,1.6828144276852381,1
-0.920907121700314,-0.200551232519406,0
-3.3288430719159576,0.8792818335945233,0
-0.8005667580424511,0.6390108961770253,0
4.264011553885913,0.026819984127761147,1
-4.220818557024292,5.075655438866566,0
-1.2723631922602652,3.8180113814434704,1
-1.476995966123802,-1.5780221052220553,-1
-0.890484701873045,3.7962334109282216,1
4.561274926970591,-0.19551253543515368,1
2.4093412489189934,4.223951973885868,1
-1.3265232238282176,-0.6789641562377515,0
-1.373378748341836,1.2846134076760372,0
-0.9969634366336396,2.7645480922283707,1
-5.570665020431227,3.0710017162279812,2
-4.142238191089507,4.383235654379112,0
-1.0014496201122611,-4.912551872095344,-1
0.1540701312868725,-3.183221374041269,-1
0.9415413676362328,3.35609736223371,1
-3.179370362349606,0.9169135379727982,2
-2.067281345009002,0.20174282410227212,0
-2.3633123241849305,0.3723370633896851,0
0.06386963547433176,1.6295144556535093,1
-3.7459956389334397,-0.36598247094521463,2
2.199355216330713,4.537742831114004,1
4.508932153802647,-0.8736387672730028,1
4.493010207717839,-0.4859510505074907,1
-0.19466200389036512,1.9104014492046324,1
4.822527740108648,0.7887352130309655,1
3.421218824584237,1.5138415139913726,-1
-1.0246877247925352,4.429473688606017,1
-0.2712368993294668,-1.085459324051171,0
-1.583679829899514,0.07974300395816221,0
3.463918271571431,1.3166224837855127,1
3.9716032596601036,0.8740818688563459,1
2.5869752931717613,2.654027219178484,1
-1.5338140063613968,5.683444487606069,1
-3.6141698272590146,0.8360056787378597,2
2.789421631877236,1.9719688980845027,1
4.213200213531989,-1.8837532940572832,1
4.6087658618545415,-0.1677190550674046,1
-3.816187044886584,5.106754861756137,0
-2.84827790283463,-5.036821102222382,2
-0.5819805185237561,0.7754370682063694,0
-3.6793330594949287,3.9084535159147955,0
-2.3050769338862453,3.1305420825199626,0
4.1080766493894725,-1.6066856790700124,1
-0.6255918421310833,0.12217513471997708,0
2.9776995778965025,1.8463827459739695,1
-3.0448582601976066,2.5162621616169942,0
0.5118104092150587,-2.497681239868241,-1
3.422266769817561,-1.7654311749646325,1
4.955267757117257,0.14079668911502086,1
1.2129046241977077,-1.2585842563037188,0
0.41886586537726694,-0.267926172977868,0
2.761201832814713,1.1187185998919036,-1
0.28661038482685747,-0.7083136517193487,0
-5.2910829249051545,0.82183905939458,2
-2.54106723794774,0.1634557200696528,-1
-1.8847431093404845,1.1345346703495656,1
5.642861852084769,1.7624623201450906,1
-3.672094123114995,2.893303393752025,0
1.7509796435142515,1.8156764991803371,1
-1.3878842127885376,-5.53802238257894,0
-1.757616795629108,4.048785190724073,1
4.182037512513672,0.4267229137747143,1
-3.8176699714784363,-2.5373654841749014,2
-3.5005730381145224,4.0532926663879625,0
0.2253924976841196,-0.30271209477440697,0
0.5439931811293837,4.132429922707198,1
1.2919658629697088,4.536818043788533,1
-2.6208798169912306,2.3161895141959308,0
-3.32565893580343,3.0045314494791975,0
4.067649844321435,-0.9210620902973212,1
-2.7426388796385917,1.8637146941847313,0
0.32632022949102574,-1.8700502363153582,0
0.7423434703580243,4.054298431790681,1
1.0326840675121738,1.3940744077612168,-1
-3.2696305546887476,4.846000918879034,0
4.38521382040555,-0.4873491180306531,1
2.189801425350103,2.6892191237524425,1
3.350044671258668,-2.8241361018246525,-1
-0.02394004756483277,5.896146477711703,1
-1.2749042213049628,-0.42972007252979333,0
-4.930098495624865,0.744418394690968,2
-1.2541607780901896,4.864281708686118,1
3.502301610988128,-2.0182697658364317,1
4.7186511490181235,-1.744594896266048,1
0.9778241186452094,-1.2092413797684516,0
-2.8651084197885535,-3.6072434846161956,2
4.262667307286898,-0.6101989217517304,1
4.521703886565614,1.3813164356756196,1
-3.0736812412518075,-1.4983686348541347,0
-1.3401161429424397,0.8567765519312392,0
0.4447523970721781,-2.0949350535681837,0
4.640744312971219,-0.6386771584656187,1
4.600715699791141,0.140230190418253,1
-4.345604536895871,0.19281529246446716,2
5.12371118164479,-0.06625736057498362,1
-4.952823479638667,1.7475748853430566,2
-3.336730663459146,0.677406119797806,0
4.719424347743171,-0.6913096837074448,1
-2.611488801727762,2.0793234991645098,0
-0.0835585674452501,-0.5139923329418301,0
1.0213807480620671,2.871964504668472,1
-3.934139970574876,2.407873186860421,0
-4.267730473391474,0.7336124324308131,2
4.511818216145126,-1.2770957568108041,1
4.094573041930563,-0.9735744639730275,1
4.771317189956184,-0.02773378552410382,1
4.9042542525596415,0.506973460171778,1
4.341856629026096,-0.8506589721005557,1
-1.6672930867613507,-0.013474690816587406,0
2.99203355415714,0.6971308302971825,1
-2.324872350519445,2.3860410666975196,0
-4.742884861735363,0.7523348309968195,2
-3.658643070818983,-1.7290696697822923,2
-0.7647549642079059,-0.17404619004849467,0
-2.3931407438720553,-1.4330925904853884,0
-5.503679915736101,2.178541731581328,2
2.1816664119070714,1.15335972731424,1
5.471126995607564,1.6146140431821545,1
-5.0277975400785015,1.6318304520023745,2
0.5687277095846711,-2.4076739712356106,0
-2.2577500834951607,-2.809055687984742,0
-0.838684490541812,-1.6786796490528426,0
-4.706574182637147,0.28807305984914966,2
-0.666196682837009,-0.7182823268094907,0
-2.7172924553680353,2.4985414171306726,0
4.338333663047455,-1.2560838452823253,1
-2.9127498314355864,2.7628549285328,0
-1.2646427802459281,0.8334153471479752,-1
-0.5373339727198954,-4.193791623316845,-1
-1.7738078802228812,3.5992485362362996,0
-2.244065501101755,-1.5190869395796198,0
1.0600120423097086,0.4803936604969041,1
-2.4142746777636774,2.010809391590794,0
-0.048141435047796007,1.7727751904943652,1
4.5008540332996345,-0.15337589710937083,1
4.029398177049868,-1.2404516878111713,1
-2.2390605856367216,0.4499961525085538,0
-2.404632649767747,-3.7188881513692653,0
-0.3617533284448711,5.135840028159832,-1
0.06525084612378719,3.1623898390844074,1
-3.473557236506386,-0.0007246875431381194,2
4.490271134201795,-0.5085144027129408,1
4.702050608340064,-0.3067152078399531,1
-3.195642745173106,2.882810608669584,0
-2.9547140032521226,2.157117120032225,0
2.16992047000608,6.352899508020548,-1
-0.8854631982355218,-2.3775695909722105,0
-2.2910051168941803,1.200139735464829,0
-4.237781847212299,-0.4942846153961119,2
2.8158057253041675,0.24552736976225537,1
-3.8735482552158094,2.786070270369912,0
-2.628133138129558,1.0383872629160482,0
5.002853068119511,-0.3019130642131078,1
4.370864334975488,-0.7963317225479531,1
-3.1178219110057417,-1.7787741946630835,0
-1.0416663209669026,-0.7533693069016855,-1
-0.9462718206724668,-4.9411764009531725,3
4.800340624825402,0.44824891964251873,1
-2.633923167366834,0.13042425591887694,0
4.182619733933017,-2.004436821745431,1
5.073536096637767,-0.10442497097783192,1
-3.011404357591923,-0.4418165957719223,0
-3.0873405031222445,-2.8977256030275576,0
-5.219703981192207,1.5139290348699148,2
-2.751373086394796,-4.738383285546967,3
2.146711726183584,2.6605804702244136,1
4.672518103534987,-0.6467364364560025,1
3.291775676204907,1.9923194218910203,1
-1.8119278593698112,2.7266686557131776,0
-0.4830349495785767,2.264945652388198,1
4.329432289152767,-1.224054597061375,1
-2.4945767360420628,1.9888122810161835,0
-0.830811294109656,-2.6307216494092986,0
-2.0687168404121903,0.5350950282316271,-1
-4.482279060685949,1.6265361187060694,2
4.8221826093740345,0.4198340822738887,1
4.7430409520113725,0.15187520581192082,1
4.866245126221553,-0.40149212741062784,1
4.355581098822042,-1.1766204218713532,1
3.0581643994662433,1.2528527390191393,1
3.8546679146528935,0.15829523602651088,1
-1.8222641176757601,-1.3813612318108588,0
4.8031949541252335,0.8667461111700112,1
-1.9832770736028933,0.9648325205189774,0
2.900497692584631,1.1057011151830765,1
-1.6219022550840863,-3.8736027128653694,-1
5.119680726585972,0.6657073663955891,1
-2.0540847950681655,-2.2396021127333463,0
2.2960407042996813,0.49071586324597105,1
-2.852256176470602,2.6002350216613155,0
-2.1366566878258713,4.578754569075898,1
-3.5112748474718214,3.9827938735465405,0
2.1335251430512385,4.34383272102613,1
-2.5740970734742086,-2.5921712127624112,0
-1.9250471226438677,2.4185431143996308,-1
-3.809804671181925,-2.466095383016563,2
3.9882864490756336,2.9553075637853903,1
4.415974032568432,-1.2404555241357869,1
0.0873366575401092,4.601993402927863,1
0.3575212671266446,-2.6651497492352556,0
-0.07177696757646747,0.2998834441457033,-1
5.225578923862966,1.2720005879523775,1
-3.161604603247377,-0.49019450087186023,2
-4.731180289278156,0.6519534723441809,2
-3.828228210118478,2.100244499852853,0
-0.06046828703160058,0.21167771780775962,0
-3.3970972980355265,2.6198869557085884,0
1.7311952087141038,-6.34539934730848,-1
-2.1908383964586373,-0.7030464341283418,0
-0.48902240785746437,-5.801555667757715,3
4.319660361989576,-1.464287008862654,1
-4.117426084399543,2.182111875467265,0
0.08021747607717251,2.2782208766380547,-1
4.442879994997818,-1.372493238078829,1
-0.9387570773178576,-2.501151048658778,0
3.6007820774090353,-3.418969642919722,1
-4.372882450759355,-0.29570686418753767,2
-3.1496405549210014,-4.896695234216582,-1
-0.2680707801376688,4.672999303710253,1
-2.512610691118601,-2.6256460325681905,0
4.276990044975467,-1.5326678874579764,1
-0.10507728961223146,3.440744216090354,1
-1.967319988872065,2.114964360311242,0
4.270966312274283,-2.4335760741219796,1
-3.155630171596072,-0.16991526859055175,0
-0.2147466109473362,1.7632108198947924,1
5.156546524496444,2.376100765795384,1
-3.9901053299264753,1.0617402815520738,0
0.4264655067934075,0.7568756411627444,0
-0.14830199642439262,-2.1539239562679056,0
-0.4708369966865891,3.2451782107188474,1
-4.502045022519255,-1.0675004061761735,2
4.313545166718968,-0.37867527854534205,1
1.9489267764778306,0.34531033819600865,1
4.553514421315299,-0.06181966871696725,1
2.0031809730979733,4.307450386687035,1
-0.9649635227126978,0.8495802968220538,0
-5.732748638425454,0.5063359555972645,-1
-1.6231185154679728,-0.3199870430449694,0
-1.8826058523043399,1.6583997419137129,0
0.9280083493632588,2.0746241726088095,1
-1.9033235745210084,1.7283954553945324,0
-1.2764837548887176,0.9903583282323345,0
-2.8365926965716852,2.7176752851631143,0
2.1446512113377794,4.121644898480352,1
-5.110928888362984,2.5546458467516455,2
0.2137130840866173,-0.5448370760556343,0
-5.870009371311356,3.6000384528338047,2
-2.3990169967366883,-2.036708856209173,0
3.332627428908564,1.8441982715427963,1
2.4472354255644957,-0.9127375851242021,1
-4.713695635912422,3.4006160132666574,0
1.1393544512604983,1.526038820404008,-1
1.5334566015672368,4.818379549916214,1
0.2374385756260621,-0.24973131767867296,0
-0.05141567361502612,-0.822941007946255,-1
-1.8909730513367435,-3.185764914844345,-1
1.5872192594590948,2.623625982873472,1
-3.388788948459059,1.018772369214318,0
4.1964212157958265,-1.9302235148337383,1
-2.208295853369343,-1.139381560215428,0
-1.5692584559248157,-2.160110743556669,0
-0.16025891201283296,6.7182817764250276,1
-0.6123372640608017,2.6008214427037113,1
2.36977071195673,2.784221880591672,1
-2.674805272027726,-1.6367186628356392,0
-1.0612546388904915,0.23433639922881278,0
1.755239172133099,-1.678929703146929,-1
0.13239709359493543,-0.0489636270428091,0
0.468240664475533,-0.167537801424694,0
-0.5397229327311749,-0.4579611579830676,0
-1.7040489178425737,1.1865533499917016,0
-3.408953019416196,1.925396515353016,0
-2.449152539526135,1.0680479747716667,0
0.3702446053484577,5.435906264841982,1
-1.0431912156047682,-3.9737826741744575,0
-1.8378154234110637,-1.6249481812695852,0
-3.698156442635371,1.7406638361047972,0
4.3288061459434415,-1.7869404943376053,1
-2.2062071144945405,0.8555206201554765,0
-0.23027275261101568,-0.9816544412127481,0
1.2471525816733577,-1.7607869305518098,0
-0.948304025603058,5.586264309561454,1
-0.3239206295916158,-4.25825268247111,0
1.9829653814200106,3.4305434224704654,1
4.3142167605579065,-1.6380415720405288,1
4.532066139019172,-0.7141388028385287,1
-3.4235959434645102,1.2748056141108288,0
4.857263268444796,0.46851907042990626,1
-1.5894547780241377,-0.06820195211575122,0
4.276805718877234,-1.6452911735936184,1
3.9987794210306937,-1.1218189995869492,1
5.063157377313497,0.995198209240949,1
-0.5771624225064425,-5.305866696330786,-1
-3.460836219406664,-3.502058672977497,2
-2.827119033825767,2.667573492284647,0
-2.8019996277076453,2.6926901576818816,0
-4.639512928817724,3.837481103705487,0
0.08748016526378215,2.84752909418482,1
4.457703475369053,-0.6744840454968279,1
-3.3769998906085275,1.1050288627869964,0
0.46123454050889495,-1.8112253855473524,-1
-0.33406511831848645,1.689558935368285,-1
-4.091287946975524,-0.9390274930904937,2
0.014504513715745727,1.9582107687654537,1
4.162865064519796,-2.2361154897189843,1
4.4523682209516044,-1.6238332459708589,1
-2.1823694036202936,-4.354557471971132,0
2.710563131475078,1.7199320454847458,1
1.6551450858704777,-4.066515221116313,-1
2.9165189223333825,1.989769180257984,1
-4.072100167532296,-1.410290943804845,2
-1.3848354285207,-4.827732426961721,-1
-2.866744575663059,1.7177820230855514,0
0.17678213487706843,-1.9845819410652872,0
4.702983883407775,0.8668395821308059,1
0.07197560724744949,1.7835626947358036,1
-2.925668850347399,1.9842881939926476,-1
-2.81716430189234,3.3178428420604877,0
-2.264115834714909,-3.1542167863944233,0
-3.9633318668544906,0.24898490354063924,2
3.1856211652187456,0.9908638136209426,1
-2.512233393761051,2.142969445921535,-1
0.2904011713228741,5.047063204854262,1
0.9394962888666353,-1.0513437424086283,0
-1.4565193492542707,4.788955802728198,1
3.0107844116882716,4.08565010462789,1
-1.4683599477777485,1.2377289852686495,0
1.8532555568452695,2.9627774508094555,1
5.33848692225015,1.4450790066404566,1
4.877140094645626,-0.07292584917956939,1
-3.096794959077998,3.6277560935929705,0
-2.576254652013144,-0.9507213542160842,0
-1.9787632381584903,0.6636656439535922,0
4.83899047525436,0.5597510389819905,1
2.4587443845901666,3.432434639534067,1
-1.1032916825946988,0.8740505197528835,0
0.47873282887097335,3.1879112356921686,1
4.371689529947485,-0.27321656309899417,1
4.081424755623766,-1.4456206553246178,1
-1.5765730549522268,1.887800713098565,0
-1.8748525302509362,2.2960943159907585,1
-0.25236151141373814,-0.6332186818352645,0
-3.9794692295234566,-1.2479595894605642,2
2.1547707354211263,1.6985910171096854,1
-3.493811960319386,1.913040695145896,0
-0.7474324674744462,4.116945117829498,-1
0.881503078310716,3.6739502645609576,1
-5.065697789435557,1.5187823909211338,2
-5.724346385129013,3.449140809714081,2
0.2092433024598501,2.7038543583252332,1
4.071492839741831,-1.141776587732073,1
2.809196830864144,-1.1202891484532538,-1
-1.8640346602856737,-0.68122815352548,0
-3.7155412660414617,-1.7424009713620676,2
-2.033591779211665,1.7561060346419548,0
3.6326413562711912,-1.685798025173067,1
-1.543223062169857,-2.9483375475522737,-1
-4.1922162811826515,-2.483484295846828,2
-3.135170421903452,4.68032945420335,0
1.073319140089148,2.563329855025157,1
4.458660155982975,-1.215067667766618,1
-2.9250509848807558,0.25698373581782785,0
4.630585872503721,-1.1374433180631176,1
4.003315349182247,-1.4191245986623977,1
-3.6454254031391833,-0.7332050650660846,0
-3.5069592530106153,-4.046483405800417,0
-2.4649447898669945,-0.834769261935105,0
-0.8766827388479234,4.225267891426884,1
0.5482394252822449,3.7120793183755763,1
-4.180159068569328,1.4867079838950348,0
5.020178124174876,0.8219261987387514,1
-0.0003942644460282581,-1.0848091292781983,-1
3.737891361074091,3.9689741329000525,1
0.09741541900701241,1.7898238926257402,1
5.4213694130855705,1.926343604629958,1
0.01969995661580896,-2.352133939649318,0
-1.3887976661379433,5.156848286125803,1
0.5898964360081015,4.2281185502664735,1
4.688913767350126,-0.5250005971613605,1
2.482872090378536,1.0272473763031063,1
-3.8712600938805624,1.8123239619379332,0
4.291817299544137,-1.1390253811727773,1
5.278690706145208,0.8493221283375761,1
-4.850516285956726,2.0560603944436595,2
3.134269381634144,1.728555468798071,1
-3.6412498972161647,3.71737886611404,0
0.15264208936507598,0.5467204503225949,-1
-1.928122295215228,-2.09907481401349,0
1.1601359066947332,5.180088266927817,1
-1.5201929468582853,0.3532994444735431,0
-4.306055913512401,-1.6024068899447532,0
-4.624375337703009,2.6547262342213913,0
0.1364019299497035,-0.9455672566985103,-1
1.9500639611817063,4.505374405444561,1
-3.007220941266648,-4.263160836690764,3
-1.575563019146528,0.5107180338003534,0
-3.856881021058271,-0.9412182329250112,0
2.3901025586307116,-0.7094989911743176,-1
4.300001581582368,-0.32797090827686914,1
-0.4078297180212047,-4.2419613248837935,0
-4.09303365906605,-1.7581160295554887,2
-0.9283679909008539,4.812194939713327,1
-3.2939869385398777,-2.301770529637938,0
-2.903107696912853,-0.02461698512529681,0
-1.8922565434036605,-1.1500389869693632,0
-1.4062634524394977,3.162879617780493,1
-4.472329711363254,0.8461521227731377,2
1.5634219659409787,4.631182055491365,1
4.452787087207075,-1.046496859176935,1
4.570230821734013,-0.6671818290919922,1
0.9892352531072095,2.3162900643904814,1
4.45474619261789,-0.5015612995400025,1
1.7472572096912364,2.2570954696986223,1
-1.2861637310226914,-3.8107877087125015,-1
3.60561369361727,-1.7670706326442067,1
2.4410975733663047,-0.348683989016416,1
-4.7723333702077015,2.232390115806286,2
2.9802378367458453,3.069385582615546,1
-1.676470407241262,1.8059252451246006,0
-2.1983677876323897,0.9287043215428923,0
-2.978981318669038,-2.7795787674201065,2
-1.9569975713187648,1.0187349479639898,0
2.0202862613573456,3.1409605003032426,1
-3.740274673203089,-3.5389700774510833,-1
4.785618203002142,0.49072793271193427,1
-4.8995058752198055,-0.0018699359920388986,2
0.7000035520066962,5.3332113368586125,1
0.6797589972142191,3.862529616287712,1
-4.909914565485273,0.7764013260528665,2
-4.838989512148184,0.5312467252008917,2
-2.1472356201781926,1.516977858588314,0
0.574319250759263,5.357742565779735,1
3.5973861870932415,-1.300086152213064,1
5.4801945163979315,2.1933289468727657,1
4.354470953485022,-0.1968893628108619,1
3.497182700596383,0.4892116149937331,1
3.8540634491560124,-1.8820115333109582,1
-3.198863875584137,-3.2766514014914216,2
-2.7183636149135153,2.7568805978829167,0
5.46024231505344,2.7079074043774733,1
1.6146380520703578,-1.2760362451775846,-1
-1.031021294564592,-1.2846862847202392,0
-2.179968954130205,3.3832055586091245,1
-1.9489803505978915,-4.885385240296991,0
-2.5681948643375767,-1.8503641454319417,0
-0.24140732542465201,0.8656738296002169,-1
0.1721011662215757,-0.2183141975692601,0
4.7053647150239115,-1.539959429095203,1
2.3300058746196357,0.8053585363302203,-1
-3.9534311355064378,-0.43007664866763007,-1
4.762108317864501,0.43345968017495606,1
1.258653023625231,0.5876374888180392,1
0.6590515888219582,3.979817346537963,1
-4.769271994633742,1.6835369624821257,2
0.2622101162242625,3.136267801541263,1
1.0156075231752806,2.865406570275055,1
-2.3720081526588697,1.2639355101793,0
-1.0520212729254663,0.8642264009021139,0
-0.45462427639712605,5.58265707207906,1
1.6792447698090043,2.9154807097596995,1
2.0418532831809957,3.6130938906334866,-1
-2.61755902726328,0.07960220396879476,-1
-2.712073285682054,3.2111981802794607,0
-1.8658705211114883,0.5338308537260766,0
-3.3386087606305215,-4.337427057700247,-1
-2.098080827634501,1.2804435214983847,-1
-0.5635022599330134,0.051132466786813144,0
0.15474282105816486,1.3446458607259744,1
0.30909700665476875,1.3745809660924018,-1
-3.668415113288523,-0.4785184913447162,0
-1.2064954506522818,1.6321000884658567,0
0.6759999710736536,-0.8352008277608179,0
4.833776139050601,-0.046953006645565835,1
4.999993305951693,0.7877626098140765,1
4.483788645350711,0.07495557467161128,1
5.23095700181994,1.78419159569623,1
1.066122675153128,1.1438741420742604,1
-2.347184586675739,1.3191853532066657,0
-0.016668105525751226,-1.8971053123563466,-1
4.368561772002696,-0.27900603962747605,1
0.6928270439293344,2.7259201495310394,1
2.640970279895677,-4.002988450002293,-1
-0.8106964114713684,1.1828045199897137,0
-4.847054020817404,1.568855047858666,2
-1.3997248283470505,4.731776513183622,1
-3.404033453381034,1.7041216703517847,2
-3.686188371881484,-2.9742554373811707,2
0.5407720434082113,2.9254647577869703,1
-4.751757721888426,1.4748662170689646,2
4.18516914278511,-2.1006481852650443,1
4.161992124005002,-1.8207647626207732,1
-3.687886976369792,3.974170608233543,0
4.393623916372494,-1.500382219096958,1
-3.3461426798932257,-1.1850534860285453,0
-4.117221728311583,-4.37661858246015,4
-0.49532049001101025,-2.5818148018591147,-1
1.4903695683132678,0.7807959101409332,1
0.7961791107711577,0.6170280607666956,1
3.635309554311859,1.137951126666349,1
3.4042899865324174,-1.6636434148984978,1
-1.6120709830052273,4.710141186943657,-1
1.1446569084375824,3.9598864904430227,1
4.147646540282558,-1.3855332780917966,1
-2.7507141108451014,1.23702330265325,0
4.60654838030432,0.2912288686716221,1
-2.168146641278161,-3.105888998472134,0
-3.168290833605977,-3.0610149566088958,2
-2.5312583824289145,3.201236558912638,0
-5.2544506702817815,2.644488394585914,2
-1.6892968173813092,1.2394427567765622,0
-1.9775025226793548,-0.17809900551083913,0
2.403302860035936,0.7960621511699467,1
-4.095266247814185,1.5624968812014162,0
-2.6455605483568463,0.5634610441747956,0
1.9075678664723479,3.5140919384023275,-1
-3.785597657043057,-2.4809218386060214,2
5.526256034905322,0.9652261289272759,1
4.408683732254278,-0.756032932466549,1
2.7209439369235033,0.3340455774470816,1
-4.6533236334372186,0.18527908639412755,2
-2.3033983008668413,-4.364548351325903,0
-2.799702868145667,-1.8342828894958163,0
0.29683161228816257,3.1388254639810116,1
3.8637304772826546,-1.6034469111729628,1
-3.300834448605657,-0.36385016820921706,2
3.97206944147658,-1.3318054052447315,1
4.331868250815908,-1.4392189493266712,1
4.461518229529376,-1.167735846260206,1
-1.7778376332397934,-3.0708593214146034,0
-1.3711710527762084,1.562243401305825,-1
-2.648866539560993,-0.5728092363116635,0
4.866685193997362,0.6277723961855733,1
4.689628807586259,-0.34839586740227246,1
2.31149024192894,3.2413908092679002,1
-3.1871316797557623,-0.49043217760607766,0
-3.367391528580502,3.408132815356443,-1
-3.090295548377991,2.3541675791545384,0
4.406868634736528,-0.8825839331388217,1
-2.0104950879263295,0.27049938423869274,0
3.5035902639628653,-1.759108069955145,-1
3.983682878686409,2.8264040581776304,-1
4.285523526751672,-0.7863042551819792,1
3.310871725452667,-5.311499736675153,-1
-3.2773898864814073,-0.5340352383339406,0
-0.11596945580266725,-0.7480607677007595,0
-4.586148325223582,1.615707527554942,2
1.0898432103775015,4.667826804771209,1
4.475486122717973,-1.142553721759558,1
4.377260093606685,-1.482942410714957,1
4.263377950661545,-1.4769296660732636,1
4.104729790273117,-1.4432814067129538,1
0.05621114622645545,0.736790400193373,1
-3.4812327615676084,1.1658003976076246,0
-2.007429709044445,1.8402283197205616,0
-2.118083207684861,-5.278935131297358,2
3.555655249472674,-1.426919416460151,1
1.32220515610547,4.391870785127103,1
4.694895445497718,-0.7232809292953966,1
-1.2766566075037178,3.8865744791874377,1
0.018275625799115278,3.438022021431951,1
4.111166145742934,-2.267526266772633,1
2.7414910668539254,3.6441464552754925,1
0.044075793252646586,-1.73541974287547,0
0.9092837894740725,3.816178099361672,1
4.832171462010445,0.9483981486310002,1
-2.525018848385854,-1.1915424054238053,2
1.5858390945243308,3.0560936063597763,1
-4.387155924762955,-1.072787205894616,2
-0.9955296042178473,0.99175788486865,1
-1.9967069560715947,-2.386933116899346,0
4.100431228256643,-1.024864664927135,1
-4.341118847763686,-0.05548397226427202,2
0.8973034014488248,-0.34258328033455754,1
-3.350304295871732,-3.4113552673248297,2
-0.5884556235503271,0.7784982691478369,0
0.12702853255450874,1.7817696392986244,1
-0.9133226091142962,4.289414129833435,1
-0.7356003442198118,-2.4800346273097644,-1
2.1028128414625225,5.332353621387573,1
-0.35001334557387015,2.9288622561273154,1
4.006884063226755,-1.0553304965125725,1
2.429469827113833,1.2752760484658494,-1
3.4950733163608003,-2.6392102911314064,1
5.363820576963381,1.0620254896358676,1
1.5728574841773457,2.1232375738428257,-1
-2.5705786113076248,2.3922116176109958,0
-3.2389526136654876,-2.484337601420178,0
2.5696964038994454,0.8764151724047372,1
4.123265492370714,-1.712444122587153,1
-1.1027648877307321,-1.0326310326116925,0
4.441491422238799,-0.2040167077803281,1
5.078323626684153,0.963627224488939,1
3.5875138962112048,1.3970187225813953,1
3.944608421632673,3.694274833621382,1
-1.8323951882068938,0.12704131769352522,0
0.31151530280124845,-0.5932299320785844,0
-0.8736042017497511,-0.5619038025581305,0
2.6298751553870736,3.5830170629424463,1
-0.33253202089065587,4.30464158580982,1
0.9733937507497604,2.5686436634824585,1
1.5442332147955156,0.9269774123392579,1
-3.439491319571061,-1.6176644982380644,2
-1.611646574962945,-0.9974910452035194,0
-2.4914353481561404,-1.3070443848703974,0
4.9720953688553955,-0.5516407932669709,1
-3.620347601491697,-1.2737901027714755,0
-0.2093500335823023,-5.541610167861497,-1
-3.8229938650194724,-1.3122520478390518,2
-1.958161139309017,-0.6379123704999133,0
-2.8556064123747973,-0.6883929753118349,0
3.2414746279599145,1.0709839615956602,1
4.371208962640496,-1.1227745740621848,1
-4.279237544996948,-0.37855122948089703,2
3.764581838774585,-2.5041659125862163,1
-3.7401578908528346,2.2755463431560323,0
-2.944361876070108,-3.3374585821331553,-1
3.588223614713219,2.890174394960478,1
0.753028087853419,4.069298938875321,1
3.2796132353299368,2.391988397109473,1
-0.0034434434233573,-0.9994114035231039,0
-3.361475973229661,3.5530398688813363,0
-1.3732147317103827,1.9410464460657306,0
4.324459534470155,-1.6613157466120985,1
-0.14027552259096832,-1.3598054859518525,0
2.2547675738681763,2.0506555234371384,1
-1.4538668443956142,2.3370092888693876,1
-2.8821878083751873,1.7827641505396736,0
2.4781584066039954,2.8139597669615735,1
1.5489543967692816,4.821529922686396,1
1.4349450607871148,-1.898420203159389,0
2.4307065318179584,4.595189567241243,1
-1.586890796665723,0.5680522235208654,0
-1.5634885115281532,0.12454233900755098,0
4.272115175955499,-1.0068800052225158,1
0.7126160845981058,2.7833564493282323,1
3.341068611544427,-2.0694492352666294,1
4.446106229743746,-1.113198413655216,1
2.437371567709233,-2.1965153970163476,-1
-3.2320556927487902,-3.6694281934852575,2
-0.5868536142304307,0.9061959865872429,0
-3.417495851232549,-2.971746122303697,2
-2.2683723617738636,1.961304762455248,0
5.770945642146086,2.1527785667924753,1
0.008237636580778569,-0.6495999436664863,0
-1.8089283139929813,-2.4992459065741595,0
5.043202829187275,1.0935863116194737,1
4.007848461289712,-1.3013261538920324,1
-2.460922065654762,2.4915265984078974,0
1.2178920005290916,-1.6680524577845623,0
-2.1069707610924393,3.9029822239701906,1
-2.2941375503332804,-1.5928496931465912,0
-2.376244928013995,-1.7588691400098604,0
4.831854025886082,-0.1861818351446618,1
-2.957808211174994,-1.071562890181848,2
2.942565639489234,2.4226181145828924,1
0.20819378571279532,0.9560010786335799,1
-2.870114196711999,3.829600202290326,0
-0.5201988997885145,1.6413683764326106,0
4.700009762089052,0.26024634675848013,1
1.4143979172922605,1.0592389977815089,1
-2.164643971476095,-2.7291694235678308,2
4.526679499974678,0.0008219579100249625,1
2.161414528366826,3.3198859245708285,1
-0.001438701778935691,1.86253118652998,-1
-3.5092554521152466,-2.9839116581242933,2
0.7719849383916598,1.317017904957578,-1
2.2913258775473975,3.036715982788215,1
4.706660270886023,-0.13994682987550167,1
-2.091355383281249,-1.3430256425448124,0
2.96472344250787,2.1986152127654406,1
1.8276611270042165,3.8749973962807616,1
-2.1344870816171633,0.2972568969991926,0
-4.243804248164753,1.6407571161524315,0
-4.416292956281075,1.871628029340483,2
-2.7489059944197862,-2.537489817692512,0
4.711851264861824,0.6802865986010748,1
4.637794850138669,-0.8021352220717101,1
0.8692350425505048,1.4278609185984519,1
4.245637305780093,-0.05801578449232125,1
4.231459900278896,-1.8790251693223337,1
4.213146799192923,-0.7935090861894464,1
-0.08339498214819198,4.899295357460968,1
-0.47015032922173466,4.388343076783923,1
-2.9763747520062998,3.1293936848219874,0
3.002890716261615,0.9651898784474554,1
-0.2788783611862211,-0.9974786700891923,0
-2.2168286949731284,-0.526038989395879,0
-2.023243770192285,-0.21027332924535946,0
-1.0968201121304246,-2.797896875593688,0
-2.769276651694067,-4.989181546790406,4
0.1571695884157994,-1.0758366882582842,-1
4.75120028439769,0.16378664654489672,1
-3.2440906653841277,0.387763108880058,0
4.8577070294937705,-0.015641912147566044,1
-3.696919404495956,3.0777450833303313,-1
4.6130075164258635,-0.35448895771584005,1
-1.5660500547986038,-3.2005745839165987,0
-2.7618153236455707,1.018579385443687,0
4.274769539304906,-1.8917596508718846,-1
-1.9050778300633042,-1.889297208044289,0
-0.6231932017494749,2.5908930754913975,1
2.1862672638093197,1.5692491274442693,-1
-3.6000052666034428,1.929626003370967,0
-1.453023656746592,2.2699836905210127,0
-1.9630935576772581,-1.2651998281778571,0
3.769219979139601,-2.4678534255745785,1
-2.8609343642182314,1.8992232473619826,0
4.352223010238322,-0.6798651240160178,1
-2.3568418649030134,3.5240765901094204,1
-1.934688221096728,1.956215043794328,0
-0.8713597946480068,-3.4903919786189554,0
2.577022368799661,3.330996196832483,-1
4.540995785633352,-0.323564173291068,1
-2.922482259578271,3.911775860890423,0
0.8068799414420702,3.627431303966629,1
4.930592450380453,0.27536797584787426,1
-4.1553777019947615,-2.6816481609587,2
-2.1164652038061798,1.6454660672595312,1
-0.7341312253442782,-0.3893789292650528,0
-3.5909890722697124,-0.6297332434441543,-1
-3.224570528405191,-3.1556051074683085,2
4.189399890950243,-1.9877471061876186,1
0.23862508186509448,5.058623750645767,1
3.208468691746017,-2.9669320558421104,-1
3.3350731648750402,-2.2561007341398236,1
-1.8374439754219807,0.5460971494650418,0
4.609189903929083,0.35255807316841925,1
3.736501300382441,1.9218924796085322,1
-2.425161736429953,1.1162139609916581,0
0.259994751353595,2.4449707836852013,1
-1.5944503363032827,3.9013149091493067,1
2.999205091020082,2.9588523707935206,1
0.32674387884712147,-0.3476583636702974,0
-3.1554639120115486,-0.4949032019669625,-1
-3.5804189994449067,-4.0874690145390735,-1
-4.241279432881498,3.5496276411224175,0
-2.4985008520513134,1.4911522552280887,0
-3.5466210153095883,0.5639301083922148,0
4.389658813295201,-0.6904677663474096,1
0.15808049427453308,-0.8847223040843417,-1
2.260281104581431,3.6208263424509224,1
4.322062561563208,0.10594533459489744,1
-4.1471870125407415,2.3627549163438375,0
-0.9285870561856715,2.300861705645154,0
-3.361360142089666,2.7689298540581886,0
-3.280266357532031,3.6579433413987723,0
-1.7008834822101147,5.0993682918589345,1
4.879889372078174,0.04028749420516934,1
0.728715047126989,4.401380979238363,-1
-2.7346123226355457,-4.190569432196731,2
-4.366465545790882,0.688301681198215,2
2.0986348142298326,-0.21128448454197268,-1
-2.737062824966937,-0.9417980322862097,0
-3.257686281416145,-0.605603189330105,0
3.5372078428448686,-2.183834637278535,1
0.6770809639712245,1.4772596358214776,1
4.71208206484438,-0.3663363264317529,1
-1.6894367810706825,-3.226895261992532,0
0.1482644398630866,0.14324798350713502,0
-0.5751485824328897,1.6233512787669273,-1
-0.07588092554038299,-1.0070554511817698,0
-3.8017221294342445,0.663953071705275,2
-1.5143997143802734,0.8852312704136442,0
-0.19203945209322795,4.318363756567396,1
5.021086175091928,0.8272396332309798,1
3.462515833864792,2.760274908202987,1
-4.209434141317901,-0.39990103922236614,2
0.472009446519089,3.421749498341515,1
-2.6580070143336,3.5077854469783247,0
-2.933501452288417,1.9110270874777573,0
3.2182208736484617,0.6341207843572387,1
-3.151147162400151,0.8237835365894891,0
-3.611871326149415,-2.8952564656169884,-1
-0.8403624349894533,-0.07168787405503643,0
-1.1289942346547202,-4.345777514339917,0
-0.3123528902940429,-2.0128328308102343,0
-1.1766441430155492,1.0585569462969906,0
5.2882771749906174,1.0857387198690098,1
-3.42668524954485,2.4339310802799123,0
4.724282080306615,-0.6450556622199466,1
0.021630951675414827,-1.2161687283586275,0
1.0662720592106878,4.78288685758966,1
3.2807052458091213,-4.188272081591796,1
4.21452726265826,-1.1002252542423465,1
-2.046655340219883,0.2287422657190168,0
-0.6939596414795801,3.753372811920175,1
-4.431556989113346,0.6611004842134659,2
-1.1883449883574204,-4.388190232944831,0
-5.515952008373774,1.402748705652218,2
-0.5352175152745501,-0.9067780468807402,0
-0.9721812911322373,-0.582095076192268,-1
-2.8329945372557686,2.8117856802418766,0
1.8450413027819497,0.744039530287746,1
-0.14190495594902705,1.3401095714012239,1
-1.952028245789287,-1.4923146449450027,0
0.7373833552338915,3.2231686045663532,1
-2.174640651398785,5.30035486951364,1
2.8448699972691074,-0.3546625954966752,1
-0.3869714775466477,2.151170513417505,1
0.1580344122374818,-0.17344372187190507,0
3.8403515948875695,-0.8071704996578875,-1
-4.418311423109089,1.8490917965286917,2
-1.6385443165331033,-1.5853845870865948,0
4.734081906255446,-0.653434175388472,1
0.15581823188069374,-0.5517235175099275,0
4.327195208411873,-0.12772858908128076,1
-2.768188185493794,-4.489181793635016,0
-5.026437423817122,2.004889163490267,-1
-4.074760475746362,5.683748390505125,0
4.624841991054738,-0.15963306290862112,1
5.048144760742787,-0.5535450391954212,1
0.5068899713720904,2.1209432876195433,1
-1.447868841753392,2.6675939426177093,1
4.518390673843803,0.13481063265937474,1
4.908697943752595,-0.17073960662625592,1
4.924670168418993,0.21583895092926858,1
2.5407444900523,1.829475271048771,1
0.2697601932681619,2.2816121707462056,1
-3.085965927612579,1.0018065428910616,2
-3.458664207957752,4.445656709886529,0
-0.5943790061447691,-1.4616477689079628,-1
3.7140368177795473,-1.1733630247035025,1
-4.154728578610285,2.748987107456216,0
4.419537148336067,-1.0772896535212708,1
2.3309621523125714,2.0489581896946145,1
2.570522812119306,1.7214115941845074,1
1.5374664141052647,-0.7649634987316876,-1
-3.104271003454503,-3.9020055970505574,0
-4.720126522500007,1.156261364213086,2
0.686166411146299,-0.8530534583866881,0
4.241312806136312,-1.9623957275950328,1
4.739164312334223,0.11054150502663426,1
-4.964980133701524,0.7292916568304801,2
-3.181129162683032,-2.6539206480756508,0
-2.667179736072504,-0.5325743733942438,0
-2.298241712747621,-1.7956242248375955,-1
4.156727443867918,-1.0508267100685802,1
0.35031109371603664,3.9114943925325885,1
-3.2454964738957113,-1.3848615241768816,0
-1.721277872902895,1.5942615855581221,0
-2.3702203848325296,-4.095690003446494,0
-3.4416120506698964,-1.3672269627840294,2
4.805182671543434,-0.5637159908626688,1
0.775737007374099,2.36484630224989,1
1.0198709594294548,1.6373034443933991,-1
1.9528609275917306,2.2501329247245416,1
4.170824237455945,-2.146255733801177,1
4.973673890682653,1.4437846730383501,1
-2.8152544442936103,-2.7752185217703995,2
-0.7478577590691731,0.4461750279114844,0
4.526764942304563,-0.011908003056389472,1
-0.09323821786354482,1.6346458336717131,1
4.919978416356369,0.6598748764115654,1
-4.931908458049768,1.0997954400231658,2
5.750043007105147,1.9699950133705773,1
-0.8930123585096769,5.73975943300167,1
-2.4003165878533275,1.9154022450526562,0
0.33163448807353796,1.2917234295994977,1
-1.938736032993311,2.043984430944841,0
1.6657063149216123,-1.5742638242467384,-1
-0.20807368443382987,1.983176731759401,1
-1.8099801107747306,0.21309537439600124,0
-2.3585066790703406,-0.810059362491535,0
0.41373462303691205,1.5538804862622682,0
-0.2805230345549933,-1.1038298596464038,0
0.611921840049016,-1.5883072763829167,-1
-0.9119015360603454,-0.04673230001488041,0
-0.28600821051189856,-3.3619391724275176,0
3.2462151572619744,-4.265818185278039,-1
4.361356883255753,-0.346398041952124,1
-2.9410508436316025,1.0447282161641789,0
2.0180534436437787,2.746540429754018,1
5.09084169498294,0.7826052631317472,1
4.689250205552019,0.7991467414306392,1
5.29056716058017,0.21432135562423527,1
1.2931085922775036,-0.8485034464639063,0
-0.5206924247328003,1.2976977767430895,1
-2.5211524294964947,-0.45446553595305916,0
-1.7018074022129368,-1.0188561639479405,0
3.499771140840425,2.4507217503536163,1
-2.433516072055604,-5.245053645339214,2
4.517670174973173,-2.1291111819913033,-1
0.282258707596036,3.244812752070629,-1
2.416197087007455,0.2799219217458034,-1
-3.785462582822207,-0.26013887305703187,0
-2.332820430688215,1.3251075933443406,0
-2.756003863411257,-2.6031421947685875,0
-1.6219088569168505,-2.6761889496992026,0
-3.7287321076564854,1.9207215305340508,0
-0.24782451841873918,4.108833537009688,1
-1.312643255306548,2.434691087672859,1
-3.3276425610677496,-2.7321997498178163,2
-1.6650603447353556,0.7761709243950726,0
2.293889749299632,-0.21639441155280337,1
0.8973665206850109,-1.4534379130283939,0
-1.9712549364677903,-0.8180651732878862,0
2.0375229218813735,0.8649626967305513,1
-3.480670263400533,-4.787399445610236,-1
-2.882337735732533,2.989199732819365,0
-3.3571364528720684,0.05610255944084348,0
2.00719086243492,-2.7019922014452935,-1
-2.3794318736060114,0.7629196869255195,0
-3.186914340137661,0.20278354143817517,0
-0.2770076458821105,4.822618869754843,1
-2.5363931248655134,-2.2819706657684,0
-0.07889606065212802,-0.4206511243993625,0
-0.259664963238909,-0.5518308305948203,0
4.525244739404157,-0.057271560336844184,1
5.736170754648561,2.539023951996239,1
-1.0410174425243224,-5.642436217601154,-1
-0.42888650301689807,-1.9206925586335541,0
4.608233306739496,-0.0023564436884856645,1
-1.3186120187023085,3.316516281106227,1
5.231476105718087,0.5844971486116755,1
3.894472287076998,-1.973661853029894,1
-3.4889883384943903,-1.9835799506741143,0
-3.651731328576332,2.953120087497223,0
-4.011426953840649,-1.2266447044072604,2
4.194707867059455,-1.828777857667022,1
-0.5728070304267249,1.0832670678932514,1
4.720132334739592,-0.1605871215598605,1
4.445445918653977,-0.5603932473421275,1
4.876146346430315,0.827053482022652,-1
4.441039185787573,-0.7244288023151547,1
4.307423930823016,-1.489520579880204,1
-3.025378888390424,-3.2860936836566497,2
4.270960994898555,0.2050341489987711,1
4.193490228698233,-1.90780499385847,1
4.253188738507602,-1.657931679568283,1
-3.0737313217575823,-5.103210027808144,2
2.675937933387838,0.42682163225814684,1
2.814754686879377,-2.8022065611314435,1
5.379557845552048,1.6102737945662964,1
-2.462509331861453,0.5022657143809767,0
1.6771466614742854,1.6064135681187985,-1
-0.5201287830318414,0.8126414203481237,0
-4.353147555936435,0.9323339899807661,2
-1.1096905232441487,-2.2727746189300277,-1
2.080559896826811,0.8787500322647013,1
4.824823564008295,0.13308354332976324,1
4.256067942210716,-1.6545531193466492,1
4.62060658023737,-0.13935143908092795,1
-0.7747073989666623,0.2990904373077018,0
-4.0046786980657245,-2.371573677004753,2
-3.73885381476957,-1.2504634238697518,2
4.555393997728303,0.006846493194947351,1
-0.08794609682565531,4.6053950993408375,1
5.432716398498592,0.85999538609739,1
4.579777971477129,-1.171930603668085,1
5.419841333543913,1.6360799777738342,1
1.3188881427953676,1.8096132804038658,1
5.0395438674544115,1.0447750772220752,1
-2.925913200251306,-1.8407130487322607,0
3.1779572833768572,0.7477885016283293,1
-1.0220831316550847,-4.649123444579714,0
-3.9891839681471364,5.3654476532579105,0
-0.567994002471085,1.4231857737182032,0
-4.0333199869990874,0.26975604956091553,2
3.1121859400992897,2.447750936468158,1
1.0942848525633144,-0.8755893774984266,0
-1.9869092784234152,1.946994479237778,0
-0.926933623106957,4.732506873241235,1
0.19043650859672373,1.0102397393801459,1
-4.691873855437598,-0.5419788757685718,2
2.0918444498471596,3.392770298207793,1
4.269684670367665,-0.7807909835861838,1
-2.7310746206810705,-1.0690454601221362,0
-0.5266352794425649,1.5256453349990005,0
1.0450362061156733,1.3747104546194784,1
-0.2993093759928981,-1.986120517690309,0
-4.173027665749307,3.7795261107962044,0
-1.8685965440836985,-0.4103320985892369,0
-0.8061840382275575,3.152749758143804,1
-5.456429146715989,2.9328341286586053,2
5.037228286718934,0.35840295650891285,1
-2.621164849798251,-3.00285586282424,0
3.6232665576226535,-0.4172842398474788,-1
4.494339980734538,-0.025154617040567172,1
-3.5294853905202426,-0.06753906807057995,0
4.090466417544186,-1.330997927980207,1
3.7044418732149667,2.705616931922612,1
-1.7179829143806198,0.33840920310297,0
-3.2251076944739405,1.0788430860132028,0
-2.405219128373033,1.2130146323933078,0
-0.7973810966551982,-2.923424008455793,0
-0.9653272681337567,3.1261050138118684,1
3.2405577904093907,-1.3500942025513742,1
2.344663086971679,-3.883427022079182,-1
1.300841184753506,1.3502270228882454,1
-2.4183893705576387,-1.4804936350639535,0
-0.6454013571011481,0.7190182415101918,0
-2.641990735922349,2.7728056999975346,0
-3.4570774617533626,1.8941380943094135,0
0.8293558564649215,3.598505783626416,1
0.3010223591396461,0.5121343359563331,-1
-4.20367794926641,2.572469369566022,0
-1.5012247935597653,1.1783050273879234,-1
4.41118284847467,-1.4696121747868054,1
-4.138195924332356,0.8657471639513061,0
1.0613574104833805,3.369461489162367,1
-1.8255742662547225,0.846352407204031,0
-2.668861326977592,-1.7227497976637725,-1
-1.7172713491033968,1.0509498674071196,0
-1.3651728671031553,0.8793417004262537,1
-0.9708036251086628,2.7395464112906702,1
-3.21927856657199,2.4733706851920108,0
-2.011423566723444,-1.1997173819989053,0
-2.220193170113194,1.84054757145814,0
-0.915837265428492,3.378034115387306,1
1.5495565698791516,3.892329723861517,1
-2.9834053171600687,-1.6729630545480105,0
-0.012222707077345806,2.1320717359025285,-1
4.625694147086251,0.4081244482831186,1
-2.796609091072044,-1.8952084389411314,0
-1.3974243111464661,-3.7189435021262884,0
-3.548716099497426,2.601188619948658,0
0.5632811566037924,-1.6387202807467454,0
1.6798921816137218,3.2752137218274853,1
4.126635966993844,-1.0025529485021893,1
4.383711699666527,-1.5238448411270145,1
2.1783029576967783,1.9729546422013748,1
1.4318335036373735,3.1476714408250244,1
4.309472651208395,-1.572925087428734,1
6.035650726979352,1.1173058396896145,-1
4.599093428302988,0.9235228418132055,1
3.9816382592569295,-1.82548287576306,1
-2.576150640366388,0.43097992123030787,0
-0.034501643221749985,2.2943471410527674,1
4.685705317083483,-0.8898139786771135,1
0.042822474670090635,-2.4453120782139086,0
0.8886194927244349,4.185324057819385,-1
2.919721830807891,1.517217508708845,1
-2.161644433922511,0.3986637291158635,0
2.8597686832783005,0.7337976512276673,1
1.0272996896158508,1.307972046177617,-1
0.1666468178649649,0.019009367771655114,0
1.3980250922923656,2.8215160770228,1
-2.6461198164745676,-0.9309763517910701,0
-1.837287686630675,-2.126701941758751,0
-1.8754769389637502,0.6896699372625433,0
-3.1588720443979312,3.897209505536631,0
-3.9773511480763575,-1.2807557484536292,2
-2.340684645485091,0.9619846181392382,0
-0.06120059538336115,1.173042273439356,-1
-2.787518287920785,2.368129388217128,0
4.621895005321771,-0.5536142707084087,1
-1.0067304556309589,0.8279531269826141,0
0.5801473016443881,2.130971511022905,1
2.391826213667222,2.525015491649874,1
-1.9877644113160182,-1.0651447193968844,0
2.1283562227125716,-0.019958239865075077,1
-0.0610546100816516,-5.095758219226595,-1
4.125229060604028,-0.9865979351978527,1
1.6995589445839472,-0.2650144374362935,-1
-3.2020790523854887,1.8142860506196172,0
-1.2023733749196408,-6.1541583014262935,3
4.136456703530701,-2.2069006018767494,1
-3.2880285440494696,-1.8920892767629285,2
-2.3277140887313785,1.8057407452810235,0
0.047459060603828894,2.3151236829103103,1
0.3721783625507013,-1.1225907427919521,0
4.071217865629268,-1.9480175707654135,1
4.817607282616729,-0.5062662203125269,1
4.73289355206271,-0.7291354726978823,1
-1.8847476930854474,-3.5493998437295393,-1
0.4628278721978106,3.9692393444751333,1
-2.4359328839150494,1.8651122441579486,0
1.5680393569631603,3.775222720124743,1
1.8334221230560863,4.35874822192359,1
3.9389310530748136,-1.6016419529411923,1
-3.377682894555126,-3.4100024420425883,2
1.3349419299523246,-0.5827168924068472,0
0.4622621366634199,0.5487526960735946,0
-1.982036490729361,2.3743212238497273,0
4.468516087757716,0.532056006755853,1
-1.1232824526151484,-0.023526314691777434,-1
-0.2621142659348082,0.32049253030929403,0
-2.8128762238997345,-6.0697324560004615,2
-0.44642259779131604,4.825929856021966,-1
2.703235610730622,0.6411666838875425,1
5.01235884136596,-0.6295101169835251,1
1.2420871589123368,1.934469056284313,1
-0.1604163978560398,-0.1258001852683567,0
0.11091535910303958,0.6591270033599692,1
4.875413099468473,0.6581096877049619,1
-0.23656011294049836,3.4339589205376355,1
-2.9807283842051153,-1.0127728032309513,0
4.648019556615734,-0.1314409038072052,1
1.8126689536693912,2.740283999485639,1
4.447036254992574,-0.7968359290248668,1
-4.846300632333611,3.083875129728339,2
2.3920210609333816,3.212852084416104,1
4.952598944493627,0.57584324756935,1
-1.519223586352032,1.0891020844853212,0
0.9567838680811594,4.320683103973297,1
-0.7409355529397746,-4.620745013974379,0
-4.239781783552373,-0.7195209880195668,2
-0.43058398504831813,2.288551623677359,1
4.741094966147453,-0.9461565366298437,1
4.082187232955384,-1.1641709641160958,1
3.1343655517295943,2.274245143949369,1
-0.9335450041642847,2.6833013628770574,1
-0.4306101395402806,-1.069736598947732,0
-0.29585367031952886,5.007831919069097,1
-1.012772209687117,-5.824804511257343,-1
5.444007509330735,1.4184100753640034,1
-0.6554544289938093,2.909150133415598,-1
-1.6354504476400078,1.6726928423431353,1
-2.5717936260395904,6.0695249421207755,1
-2.5881662316315426,-1.9253397631856546,0
2.9150640704392905,1.500262365630622,1
-3.8187593399341715,-1.9485862078280574,2
4.965399821429097,0.7941119173591806,1
-3.08260507707302,-0.496145070513262,2
1.94348303474168,0.529115711063056,1
-1.8229543123473728,0.2991172861997774,0
-0.06569921466804694,0.9285184713441228,0
-2.9587504982036625,0.8431797950482567,0
1.5017381728551822,-1.7325659368329076,-1
-2.153049758213031,0.5156507010691166,0
3.0969826915087935,3.2427105847534827,1
3.4054353881505155,0.7122469292126202,1
-2.459681581950698,-3.694415262714067,0
-3.332477590816996,-2.174236247156786,2
0.40319610800032224,3.1293854735634876,1
-4.493918724364243,1.8855718611987724,0
5.370463844780961,1.552808320699933,1
0.3985008587627636,0.5430388361927719,1
-1.5383053127837554,-0.248060533841924,0
-2.180682009711078,0.3148292535507099,0
-2.6239053520501137,2.08124443084749,-1
-2.369301945887138,2.4706908920558273,0
-1.2039391083936324,-1.2352375558629631,0
1.2451547955674798,-1.1839422432258782,0
0.1194786142351814,2.046411851363868,1
-2.537748688843782,0.8202403949448951,0
-4.616634289794083,2.375295837219636,0
3.763289771171227,2.168557003653455,1
3.712224956559002,2.5744470897314407,1
-1.3892327080145572,1.368678893157094,0
3.5646393113013164,4.126196575890965,1
-2.4674170736135044,2.471580101708928,0
-0.17049464272133893,3.5744934585783033,1
0.06840928337620404,4.580919515701113,1
0.5700676628908665,2.8153991779281355,1
-3.835681933022868,0.8771590988002392,2
-2.033831930222401,-0.5078437394316082,0
1.163706137502336,-2.7642505496600154,0
4.326726278100156,-1.3021253970268503,1
-0.3305279310783142,-0.8921731799776444,0
5.005831334037434,0.705888726409069,1
0.9090435066403538,1.8294200426425384,1
4.378057161361845,-0.8675817789975858,1
-0.467752631876866,-6.3827615057242255,0
0.9667186860142828,-1.059884166235196,0
-3.526886790637205,-1.736561165040987,2
-1.2778762519685043,4.719492403190039,1
-2.394630828444451,-1.134206733877656,0
-0.25912112730975306,-2.182625630331302,0
4.657092507233862,-0.5598738398708524,1
-2.286482200967541,-3.5573305860871494,-1
-1.0642113407231208,0.4093347023341926,0
-1.089897047369131,1.2399633608618195,0
5.632551041362878,1.9304074519624506,1
1.4517120301516406,1.6295614025943566,1
-1.2661664059538102,4.884076985275201,1
-1.9053353753754325,5.568069757630052,-1
3.1532203423400404,-0.2258930095421483,1
3.871152995879855,-1.754501429568252,1
4.574826857928918,-1.418060657184317,1
-2.9099405170347192,2.258626670379238,0
4.431114997632446,-1.2179119351609309,1
-0.2822925571743825,-5.939231810599312,-1
-2.8854803189083045,-1.6828102700130474,2
-2.184857243314322,-0.32212510718845677,0
1.7306089148963932,2.9749205486365145,1
-2.933536522422141,1.0040503699898617,0
4.98065152512581,0.3251559969368095,1
1.8989204121686967,1.2942268583305954,1
-0.37772313575925026,0.6624905156161246,0
-4.916388982528161,2.446835124747948,2
-2.823481588314632,-1.5189149468812941,0
5.2160305114820735,1.3454151363781417,1
4.963090440979336,0.0792052957748034,1
-0.9216680538843047,-0.7453338995772021,0
-0.43034649416875476,3.842300140233232,1
4.2503833851203785,-1.759432394629204,1
4.387948639178561,-0.16009886413423519,1
-5.258941601970878,2.1633067397876973,2
0.7726982259580645,3.7859113554322223,1
-2.8144706165124442,-1.5410496334481398,0
3.185616573906039,-3.135036642602576,1
1.1275641896114554,2.504462056123389,1
-1.071371239916836,-5.708965198516228,0
-0.5020670104622469,-2.5183284791505884,0
4.803799012310769,0.9678147360807038,1
2.2426764341707672,1.0026067182952196,1
1.4740978750245106,4.202385603789372,1
1.0484932052182854,-1.5098772013474908,0
0.6553008010545642,-0.871005675229149,0
2.8216628978799374,-0.16235504553174623,1
4.100527280031982,-1.2265098691140062,1
0.8369273906028586,-1.8478931173520694,0
2.4816066538464945,0.5542676247744579,1
5.379733088482579,1.470389587075627,1
2.842939201850474,2.8154474600734742,1
3.9756169566780537,-0.6399199815781951,1
4.228696281749118,-1.5301517235286,1
-0.4839947683842132,-3.5148495746659028,-1
-3.6616061237171826,0.09380054757321264,2
-0.05580415956761365,-1.4523036746399074,-1
-0.7143950939235375,-0.7471815753878692,0
0.8187602066672358,2.6626825720491674,1
-1.4456096901129272,1.7976490736456014,-1
-0.7107380220186236,1.0591715907024877,0
-2.5320569003376128,-0.6584482539719586,0
-1.7666375105981045,0.4193975047429265,-1
1.6822686935850666,3.6482569787143198,-1
-1.3845980718891906,0.4393710336215901,0
-3.141557121720551,2.0730645182477074,0
-1.2213439936914952,-5.7944425989234425,-1
-1.9335623486679525,-0.9096314692944846,0
-1.9461996780664903,-2.392786155117867,0
-2.4378820444346725,2.713596518501946,0
-1.130513457669721,0.430489954337642,0
-2.9039325851214977,1.2359109427576491,0
-4.061359954230659,1.3703871832799763,0
2.70301075892594,0.7412815424899912,1
4.939417504470021,0.27922084456952245,1
-1.4049856678686488,-2.446063976839352,0
2.784032873815945,0.9014805324149453,1
-2.1927671569087446,1.6938019108047944,0
-0.7099020260196717,-2.4483208465550153,-1
1.122751749963806,2.0324873314026726,1
-2.487679130727044,-3.007800229254553,0
2.844501098251753,-0.07850006209225528,1
-4.909437280554482,1.2366006778921372,2
4.4707841339299526,-0.5324299480978499,1
5.988896555219219,1.0246929135823446,-1
-2.7531831320670372,-3.113957831778927,2
-4.4845507514950045,-0.5361251970007417,2
-2.5407394785330224,-1.0410658679511473,0
4.679594210400183,-0.3088918364909218,1
-3.64752205971059,-3.2126868249620255,2
4.801832720937133,0.7559801038907349,1
-0.831989835777866,0.9947721914592412,-1
5.470318399339252,2.3958445212743524,1
4.820840307488656,0.8446016736454667,1
-2.1636844182418775,-3.04125035107288,0
5.39694027195462,1.8225610328115858,1
4.784567412584361,0.5055616058914796,1
-0.2574521672366905,-2.804075347448026,0
-3.4206267483281394,4.519192183441268,0
4.868848073059634,-0.7001397824007086,1
-0.04703787986920905,5.099639302055645,1
-0.4309572619048903,5.489964981499835,1
4.73303863357028,0.7323574964535305,1
0.4285785629112944,-4.025187007555194,-1
1.9828160501492753,3.404739887414471,1
2.6248445752926046,1.7611101607696587,1
-1.4755698315606312,4.937479419764111,1
-3.883255135478582,-1.8420268147607088,-1
0.019151369642405977,3.8825160153385623,1
-3.6471194235420716,0.6568586562110961,0
4.631627553054144,-1.1978945597030732,1
2.7492128455330076,3.9861826405638414,1
-1.2240839501863776,-0.04178927674111467,0
-2.6552647275207253,5.449368005639821,1
3.4044625543776905,2.755173739637802,1
-4.287895985926843,-0.6736746948666666,2
0.5200345105628437,-1.7206726396964516,0
-1.4410851067021864,0.03208747022512924,0
-3.0877165580893853,2.6871843277200034,0
-2.758865059934423,0.9616180944194004,0
4.470920217412253,-0.7181107302990647,1
3.1258434288373462,0.5418228814728044,1
3.1118018451232605,3.7157650763996686,1
-2.8468185364277234,2.5754244139657008,0
3.9495389701564285,-1.5408031536842495,1
-0.19724121969748992,1.422332101987568,0
0.3473850853413631,-0.9087665086319239,0
2.127370712679001,-0.93358176156883,-1
4.257757438914767,-3.339578261060361,-1
4.5131586434745055,0.4823468515412139,1
-0.8512262591762986,0.9153077126944913,0
4.1393643942658,1.6927261903314277,1
-2.6990707684826707,0.6564749577388096,0
0.5985422603830524,3.187767033447387,1
-0.26203716902662694,-5.12282395161309,0
-3.0727358237466857,-0.1498245766127234,0
4.580126028965918,-0.7205075808627041,1
-2.5139973425062236,-5.198917872361754,2
0.49409749514687,0.3094244008390065,-1
1.2142618212862137,3.206147909607374,1
-2.5179639553506394,-1.901448131455288,0
0.5469310574697834,0.26798298643191804,1
4.768496354102193,-1.0263029950579967,1
-3.9783672408478625,-1.5504674531190024,2
0.8745200774799878,0.2861586301886473,1
-1.6746376162166179,3.6997931884762396,-1
-4.689281639521032,0.18843284390512738,2
-0.01237094252572225,1.429615694813528,1
-0.8092599600165155,1.1696924178173007,-1
-1.7928495972683018,-0.7929624812424776,0
3.138368024830889,-0.0820257247387038,-1
-3.9463383570263493,3.0474280738068362,0
5.127013561885633,1.45534718217006,1
-1.0018984917819758,-0.16413355133484092,0
-0.5824397394053752,-2.4751715031617105,0
-4.213223524403219,1.173570249468452,2
-3.25211270894576,1.9436415702423244,0
-0.6831454761737976,0.2006719467589046,0
-2.126427744638967,0.7803077370554898,0
2.3476757815256786,0.46727641101407524,1
2.71512285703956,-0.3583884422109595,1
-2.958382574225312,1.5111115443093348,0
5.107604797300754,1.2636816213475623,1
-2.64428620811083,-1.139241770289226,0
3.9818894187577336,-1.6427104219945676,1
0.8737756467421265,1.7749685265949198,1
-1.139336327761758,3.033446692384044,1
-4.613156542656205,2.1931429621706053,2
4.48085609311549,-0.9614313059883506,1
-0.7983822036776902,1.356337287111663,0
4.900970937180482,0.2028627758326902,1
1.3432809644200256,1.6664409084097365,1
4.667886160842322,-0.349322865161182,1
-2.298393067609717,-0.10050682080559568,0
4.014169125440732,1.5014942634132482,1
-2.591798196399674,-1.2979105854877961,0
4.348173006032967,-1.6249403511997234,1
1.2203809678796549,5.134201254605167,1
-3.9952158462347773,2.6249034165569243,0
0.36280702610829096,5.167879450493038,1
1.8332052598397983,-5.687667598790907,-1
-2.2938927507491726,2.9792640144515783,1
5.312816458446205,1.5084659763804114,1
0.5323122126517986,3.8502364974271166,1
0.6411441779938779,1.0590350299813869,1
0.9102894553004425,3.108000237884207,1
4.280038829251067,-1.6257723117092684,1
-0.74964494200952,4.341587897788239,1
-1.2119225160181442,1.2330690010080045,0
-2.60117605920762,2.0825642738570087,0
4.484665610072808,-0.27106343153128726,1
4.86624337143671,1.0530763652350368,1
0.5666535347340983,2.9995047258960796,1
-3.2518092980395386,-3.5515442809415063,-1
-1.1944333529105178,-0.7216292324488913,0
1.631156117382124,4.000821950292248,1
4.7585831976241595,-0.5542775314076996,1
1.1196561727292322,2.3137957629892076,1
1.054404857457383,1.2979124997904659,1
-3.452633824755898,-0.2725044435995395,2
-2.7483707762228966,1.4345175752906458,0
-1.780781683078234,0.023264283256535165,0
-2.1515885959643657,0.01439188288563202,0
-0.6362734527015146,1.2289882612550127,0
2.793016465472278,2.4567436671035123,1
-4.014702568963238,-1.0590175054009594,-1
2.6919985779173112,0.7629850964293877,1
-0.6134862774733413,-4.688959905784116,0
-1.6949859196901051,1.0211811299889315,0
-4.2032668699408084,-1.0252100190003113,2
-0.02770631678516601,4.860343061574644,1
4.321712489049536,-0.5649831173851483,1
0.040011618588201944,-0.21830153508809902,0
-3.338141795519063,4.292622250087119,1
-0.3548178099443995,-1.5985728450328023,0
-1.8889276687399061,-4.047456567460772,0
4.774744942280356,-0.8407932210635741,1
1.677423046395387,1.6693606898246076,-1
-2.2048521111122086,2.6021663052137765,0
-3.5704883349609364,2.279853204617179,0
-0.8004153459607952,-2.693605306383055,0
5.190001084413215,0.6162498141267646,1
-2.5304701057995613,1.57420868717318,0
-2.2697679327769245,1.6911320210446545,0
1.0540630374776991,2.764035407421165,-1
-3.71154892599924,-2.0256447388755685,2
0.5747960999062228,-0.6301787313547546,0
-2.3119126536784607,2.0942147681202905,0
4.73856872611803,0.3712707267918195,1
-0.015187038544310538,5.534818861617146,1
-2.2192379483323106,-1.3399871195266781,0
5.531009139980889,1.3903510053440604,1
4.003345521124928,-1.7804469214187697,1
-2.8287753387696934,1.0370897457915702,0
-2.102617725279097,-1.2160284291556116,0
-3.0151031405387547,4.91989775088824,0
0.18941040434558817,-3.6153738673140317,0
-1.4273531376245436,-0.9906187324330088,0
-2.89678959069287,-0.16286142832107053,0
-2.1361538975809293,2.482853949875317,0
2.308831951447024,3.283695109182502,1
-2.596013414091437,0.13114445694481267,0
-3.2217943247380005,1.9726515375987432,0
5.181041538061628,-0.17413134910752126,1
1.2978152539114736,3.181886315420417,1
4.687317873015598,0.702586002686517,1
-0.689541807030505,-0.1778665182350247,0
3.8153922263513427,-1.3304670603714877,1
-1.989256803418862,-0.7429747790844922,0
-0.007673713710233775,-0.5342700474903713,0
-3.794754761489495,-2.762566365058984,2
4.449757464962071,0.07986014266422939,1
-3.78619014778202,-2.1482452306775,2
4.827658655841646,0.03707508577142351,1
-4.428970011524381,0.21956291418211815,2
3.9476574526826957,-1.5864244698887284,1
-3.256550408018502,-1.177211471433902,2
4.416652400012132,-1.1610044427126234,1
-2.185098797252898,2.2374780519292945,0
-2.99311598647847,-0.8676800638453097,0
-2.7107678636801134,-2.1813532342551314,0
1.5867874673620355,-2.0209646810854283,-1
4.513631177342842,-0.9433987992108792,1
4.046556261892042,-1.4571222352734605,1
-3.5306144414477356,-3.460511139105861,2
-3.094553354783703,-0.17076688666247794,2
-3.5558268979954426,1.7525518452161535,0
-2.623538466144708,-0.23728704358876168,-1
-0.20920284973771255,0.9418335302746105,1
-2.7131537078717396,-0.4010559171577764,0
-4.1959649482485775,-0.9181858602359486,2
0.9577835777246642,4.455991476110795,1
-0.042140290338450966,2.1382449001885426,1
-1.3942541563906636,1.4647709726997635,0
0.4696104100305169,1.7244134216962017,-1
-1.7850051209899902,-0.9259331508757903,0
4.21034052487245,-0.7579533765172842,1
-4.57742047864142,0.7594846233352929,0
-2.9835686110914796,-3.1796380081141664,0
5.482117156980921,1.4138733176812592,1
-1.2319800743839395,-0.01505112739639064,0
4.253605405897374,-0.8293435573507365,1
-2.571209374786457,1.2739441488923144,-1
-3.5866745240125675,3.876762470041749,0
4.202681789258004,-1.4175020599295423,1
-3.8615147681578517,1.9232511326520219,0
-0.7493779618173919,-1.6073804907279245,-1
-3.5419806737516715,-1.9435985942404825,2
4.861304363439385,-0.5388971950092445,1
4.184698382644698,-0.9584155766977933,1
-2.3829590268012812,-5.421229797348181,-1
-3.001526117507482,2.5378485847544314,0
5.030792644766646,0.5522964068773821,1
0.7048764738970899,0.7861237549885268,1
-4.278717502572108,-1.7759885554651431,2
0.3080776738744537,0.1203155092855235,0
-4.513475051288029,-1.1212302225675137,2
-2.42106364087558,-1.1046058243878607,0
-2.8601837891171153,2.171969669861579,0
4.459755173539896,-0.9672255447618585,1
4.051284980086154,-2.840607698389532,-1
1.4240593862772983,1.8427646515804914,-1
-3.1677312137708635,-3.779070223291403,2
3.1709783745185987,-2.265158576255322,1
4.598650632200152,-0.6116168360420452,1
4.14177929566291,-0.8049010755954988,1
-1.9283199741140011,3.1441067454407383,1
-3.225777049122885,2.9338808763847957,-1
4.799597599777753,-0.3175171336740862,1
2.792517082832156,0.28645529773273515,1
-3.5850116243279597,2.667540316864981,0
-1.103630593992415,-5.959634087046422,0
5.113549637094268,0.8218419358348801,1
4.100527580058036,-1.6975792056975811,1
4.8030505685774285,-0.035887628035279416,1
2.1451947840539973,3.8722009188106634,1
-3.079756896234057,2.1782599163472813,0
-0.2028592992175975,-2.0656527028929954,0
-0.10042229869108503,-0.7796607612253194,0
-3.436040399452407,-3.0571649111850294,2
-1.6893313101798562,0.5592170411805512,0
3.019345285543631,2.323960306133829,1
-3.4316511967394026,5.013957298692149,0
-2.48568644114628,2.297921364858833,0
-0.498760245088746,0.5738071473349642,1
4.677677602181279,-1.0317729111962017,1
-2.906463726150425,3.148057372134016,0
4.684957065044394,0.40941115726747224,1
4.88461006357072,0.6044801849331282,1
-2.5949258814495897,2.230879610219815,0
-0.1319675250479749,4.592211325402333,-1
3.0029211121920993,1.9524791635195295,1
5.252691843351864,1.5614304201331304,1
4.747562037806469,-0.3461020928574643,1
-4.204114251099256,1.8721974080581465,0
0.5552385258594726,0.1086851209592208,0
0.4944069316374268,2.381678683128653,1
-3.3404881588616173,-0.5936047192245368,2
3.6885498050807013,-1.8165796644043002,-1
4.119632676557255,-1.6689198753287866,1
-2.621533776073323,1.839559414342962,0
-3.3542635310831725,4.509010739567843,0
-3.046205272901173,-0.03973350994588129,0
-0.9008301815730606,1.5368918749573164,0
-5.091747990767397,1.161853279431812,2
1.5764760359060683,3.925282605851614,-1
2.8590587378963686,-3.7164775186293784,1
0.5038200517643137,3.2969023602050798,1
4.652871893640685,-0.5042254337655058,1
-4.048580990367493,-2.549581573234092,2
4.292756006855316,-0.46836751161525475,1
-3.210907697252809,2.1163193525986395,-1
-3.488378481907986,0.8471044647413206,2
-3.490202681038683,3.2401222504834286,0
4.328247729139805,-1.6175570731855722,1
-2.570300781920729,-4.355697866861865,2
-3.526706959852068,-0.6523284007999777,2
0.2686629950392378,2.2586898483755333,1
-2.715059042991975,3.4045836412896184,0
4.917284699913194,0.5703688848142165,1
2.497525979890011,2.5616668328812,1
-2.9679148967523874,4.181137341328123,-1
-2.555609842935262,2.4587773853834864,0
5.084613878286042,0.6148631827293803,1
3.046936697295903,0.9846514409629705,-1
3.76593114077616,-3.552073361348236,-1
5.062924167361892,0.7321471151404292,1
0.13119136781017335,4.355417835607695,1
-3.535764198120569,3.1234825983896903,0
-4.44271006366533,-0.003435714751273508,2
3.2045058585507107,1.4769308146669138,1
-3.6535800404873626,0.567454223605173,0
-1.5372839344374423,0.4259775310676707,0
-1.2975357472638835,0.0638839458122779,0
-0.14135067981677799,1.2970791997186422,1
-2.5128287467776764,3.8808999597134806,0
5.652280573825448,2.460263195808983,1
4.195042151108128,-1.9670240589634125,1
4.931312605635832,1.4926841404601077,1
4.733767414998088,0.025443237754185104,1
4.361437670214496,-1.2295423685003013,1
-2.7852624719791628,-0.2715357861383325,0
-0.0501140815710565,0.7505911219966238,0
5.656261256416612,1.9898403895582053,1
-3.8480078769607737,4.732639601182369,0
-0.39311646667406647,1.7554018677042602,1
3.4976627661506545,2.3466124666108517,-1
4.788793544375682,0.31463711566218455,1
-1.8154507428871016,-0.6381426832365661,0
1.5647277608408838,1.7316972058161053,1
0.06189767314629728,-1.6261193817512196,0
4.823063128443215,1.0440733265953537,1
-0.00019566722363929492,2.7707273147345552,1
0.8754615535618276,3.1515711838746965,1
2.042006182228149,-5.0593453514838576,-1
-0.9170384324708627,-1.9898855093883077,0
4.472588664970562,-0.3305661641655458,1
0.967805979103195,2.631658371717041,1
1.7625332342702102,1.9520415636190782,1
-1.8058982293050392,0.6323944685933347,0
0.5320501848647425,5.557180448217513,1
0.7923946823688192,3.991354262948887,1
5.052387476939634,1.4563064537987167,1
4.206193074694946,-0.5323739327352696,1
-0.983896835117811,-0.8706531592768049,0
5.363788860676922,1.479652955689655,1
4.321860720907215,-0.7417568454722123,1
-4.095970010127729,3.5165708891862466,0
-0.7776526271711536,0.39298461350221203,-1
-0.5920831546749084,3.361904868803667,1
-1.2870412951212387,-2.17751590101684,0
-2.025506504549979,-4.689721455730632,0
-2.3871024685489153,1.172641667153557,0
-2.2419722773315325,0.16325493246832762,-1
-1.9655405015276277,-2.503456036254628,-1
-0.6207648147033867,4.159056638908559,1
-4.036151678428517,0.9479556183355011,0
4.235731807966052,-2.005661179709798,1
-3.5552800454552855,-1.8946356812576652,2
4.8192961525095255,-0.5031781889548804,1
-2.2312096871802978,0.6295918965759308,0
0.11956270403720069,-7.389509855960585,-1
4.668803298658613,0.02336293555203412,1
4.334169344345997,-0.11702802324405721,1
1.0411579206770083,3.6931215212127197,1
4.473363275682313,-1.742518273297157,1
-4.143030577068174,-1.2465380761406104,2
3.8391012871653896,-3.6725849603892256,-1
-1.152782612638344,3.34862049577097,1
4.190104634772556,-1.7098503836444578,1
3.09547658147895,-0.6699193392013586,-1
-1.982736534564356,-4.6538581201591045,0
-1.4240071387406446,1.167161374770466,-1
-1.9701533518213572,-2.304550406447322,0
-3.0909134401655534,-3.032741552981359,2
-0.45273127708959265,1.907820607897006,-1
4.459083504778368,-1.0552902938959008,1
4.60945501064283,-0.9827050681848231,1
-1.257228723559866,3.838308488228104,1
-4.275697903818224,-0.2083120457904183,2
-3.6765429112583163,3.859009118937531,0
2.49853679201558,1.181546043540458,1
-3.4389658277489006,-0.2001117046451054,0
-1.6710473426723096,0.5055679987629114,0
-3.9738490041449515,-1.373783117618976,-1
1.2763087510219977,3.776277384837526,1
0.34558484374398607,-1.136783089955245,0
-1.6384394451101116,-1.3126104977556734,0
2.3647860041035003,1.1234363686405184,1
-0.5792959445164715,-1.7587511857728173,-1
-0.766074054556819,-0.0878236773892133,0
-2.7319438324659187,-0.18557192525307536,0
0.29412120159882005,-2.053463665691746,-1
1.5604683784410533,3.0587188305595348,1
1.4319896179428129,4.118225205884559,1
1.055963588357865,3.170370589851457,1
-2.639231617199284,-5.021195683807024,-1
-2.1703439109356184,-3.526324492789603,0
-2.128428210353469,-1.816222357729974,0
4.588384259563713,-0.788032581462376,1
5.020543360036757,0.8264812576428232,1
-3.423310947734349,-2.4028981663389195,2
-2.8190770108021477,1.9069114127348308,0
-3.3769662979239734,-2.2711282998001234,2
-4.3461513645367855,2.515628451053787,2
1.4070585746275737,1.0247539359960545,1
0.22552020895435895,-1.607883574769234,0
-4.133121810633371,-0.42110439472873207,2
-0.21176143340417666,3.564055578470428,1
0.2765352474667645,5.300422931114332,1
3.7057724937670624,-1.7012232384065833,1
3.132966354077668,-3.194045645085221,1
5.51177823434773,2.4760081072707756,1
0.6776273469892321,1.0684737431211768,1
-1.3404710718202189,4.030006882718422,1
0.4321525269633392,3.9223777837314335,1
5.032563516481613,1.0635327406571777,1
-1.319093191628281,-0.27077158937331613,0
2.5234327601378412,1.8572044216496315,1
4.284361560727753,-1.5280158912825845,1
5.30923996401334,0.2084136877553668,1
-2.3605962860528424,2.825409141255803,0
1.7735350324502708,0.1060375777495956,-1
-4.345903039227933,5.96271450220444,0
2.748130451718141,1.6282146366215602,1
4.269156522515621,-1.7289291814102843,1
-0.13520707215508268,1.1779248765189054,0
4.587688761487105,0.23401994401644366,1
-0.9542666845436322,0.9781352346582954,0
-1.3502925486095991,1.155305149556326,0
-3.600464306441122,1.058734237805187,2
-3.4303153431346765,-3.367248856149601,2
-0.6845311642447808,2.8534484947551206,1
-0.7093726359423939,-3.8389655396394513,0
-3.426299456849825,1.7425010500404183,0
0.46066819556988964,2.309898956738116,1
-2.709384411275802,-3.654009806786754,2
5.013133757458507,1.0197296941111118,1
-0.22925282286135307,-0.6002333521717497,0
0.7222083429614098,2.686530020411035,1
-3.6105031983115854,4.346837567202265,0
-3.8266856682390817,-2.200171395890242,2
-1.301417352713558,2.8616570484271993,1
4.892336994688354,-0.2568633632131893,1
-2.229243544728763,-1.810484915468958,0
-2.817904013707263,1.5763578991131548,0
0.6314148834207157,-0.9596840703844264,0
-4.483043056727098,3.6175219846092896,0
2.232002132522367,3.7435343984558647,1
-0.7199029818706288,-2.421190327716559,0
3.8712703278709837,-1.2433194728371126,1
-2.809468296442706,1.637014992749582,0
4.967406366605206,0.44466791900562724,1
-2.255695858712977,2.637482267546349,1
4.544328264670043,-2.6740382544373276,-1
-0.5695750195908311,-0.14955827988630516,0
0.13273603199246367,-2.1622156729864006,0
4.281342414132102,-1.7828698358869217,1
-0.28192290062179887,4.562514265767003,1
-2.506369816389072,2.370917153707426,0
-1.032767553728964,1.732628282369715,0
-1.1694417848286403,1.5815578600782565,-1
-2.4515298715977862,3.771242783887883,0
-4.605965358921109,0.9808706143057269,2
-2.687084680830205,-2.3179248395822514,0
-1.7264026942875426,1.088239229735587,0
-3.1858118619067324,4.379339205895256,0
1.5352119630090393,3.465668908388672,-1
-1.8435114014190555,0.5417396183877972,0
-4.221689237025499,5.0051136954333,-1
-1.5381328981145284,-1.6300247998869655,-1
4.522841651574335,-0.22237214585171527,1
-1.5582957742039534,-3.250211724466567,0
-1.1029716771444307,4.456283959552569,1
1.3415025018869569,-1.5661021108061448,-1
-0.9679439370149472,-1.44275424981921,0
-3.195232085780082,1.028570663012787,0
4.05829208937085,-1.5847908748662618,1
-3.75764526793682,2.2400759679934255,0
-2.874989028888945,1.9512188308232492,-1
1.3219610345738757,2.3310675541750823,1
-2.8190147067260205,-1.2595598949408486,0
-0.9499890302178388,2.586751998246485,-1
0.8696784307519598,4.692567905192354,1
-1.9544154248113998,0.5150871664972344,0
-4.138829876918368,-0.30829723660284963,2
0.22078065987442488,0.48340832896976554,0
4.530423876255525,0.41709103272875636,1
-3.883489815600974,-2.164531869792553,2
-0.5711125149120686,3.34055063586711,1
-4.416574878736089,4.901169346758146,0
2.900086701558289,1.9572675466919978,1
0.5784880000010213,3.8062326888879676,1
4.6491585551945525,0.03764223204298158,1
3.964748110812648,-1.679958673585318,1
4.413852101289751,-1.0195175670780903,1
-4.693011248677081,0.5121620474967898,2
-4.168473674940614,-1.645787626734647,2
-0.746320030812747,-3.9153499375602143,0
-0.33311156066698544,-3.027947642614092,0
-3.991620157873566,3.0520873325567344,0
-3.6324574175946482,1.5865842199911318,0
4.3385236781564895,-1.7931711210307388,1
0.7351001836002178,-1.4786187508873225,0
-1.358506754552384,4.92046425457687,-1
-1.6208753208755726,4.00475590988326,1
4.860337610137075,0.3320563101931999,1
4.061310064645334,-0.3447333977648044,1
2.7206466470039747,1.902483479785194,1
-4.560435673178304,0.3005423570311628,2
2.3758891731670513,-0.7464963282698902,1
-2.8962668060365235,0.6823219823905828,0
0.1352332995285921,1.7919190749593692,1
-3.420062000694472,1.096648734622113,0
-3.7334065770382185,-1.2573827328794935,2
-1.2470923356258539,4.972018665728954,1
-3.018352245895785,-0.2267258210243172,2
0.5640884248451344,-1.2088626952339188,0
0.3387179517917512,-1.9882691430014892,-1
-2.955879718467192,-4.443722760751574,3
1.8602419555931844,3.089744043966046,1
-1.475516163893534,0.5939709134001484,0
1.4793066785396887,2.845169297199395,-1
2.9575051534322774,1.0178501118872287,1
0.5981239174076356,4.680689368737252,1
-1.6117452031374095,2.2426470542179544,1
1.0997144834017238,1.0208745251343747,1
-1.5144468439529357,0.7071677260673342,0
-3.392611180502921,1.703156611117872,0
0.508874129623932,5.0143083414920975,1
2.3435381283687007,-0.1330155951468513,-1
5.268831249527944,0.011586006888356959,1
-4.1974723108093706,-0.29595697068805665,2
5.1915821571933956,0.6541900761303917,1
-3.227987199169961,-0.09721394569357537,2
0.01832847630847871,0.6206886632552485,1
-0.26830781037259793,1.6851214701467736,-1
4.6900040398815115,0.3004419783105957,1
4.947231940120386,-0.24493372941483232,1
-3.4092354957578874,2.036813001019361,-1
4.517087279623416,-2.016112234441603,-1
-2.15919466694654,4.982600886731943,1
5.313649041697188,1.76745109733524,1
3.8137577241839833,-3.2643018009558697,1
-0.05162524217097757,-1.8463788110858081,0
-2.2939744351886144,1.1099524142229351,0
1.5677322073573623,3.6860527996005645,1
4.740929951336425,0.5927530062347561,1
-1.9432688510316654,-0.17023478146114404,0
-4.205485110268579,0.9143731384003342,0
-1.7488717179837208,-0.9107859604459215,0
4.857739399514644,-0.48835561834735713,1
5.00112748493871,0.3053591999742946,1
-2.041719748159291,0.7377630893201982,-1
-5.06912742939976,2.4819095663232837,2
2.1422617019364107,-1.1056332416610795,1
-0.5753811803917621,4.814413284380086,1
-1.9261107579449421,-1.709103442794419,0
0.6368542723430896,-7.693291893982796,-1
-4.169959829184972,4.706662460737869,0
-0.5080141160858966,-0.0742280026756852,0
2.216423528932162,4.135506041023936,1
-3.935827047196882,3.9866412772479785,0
1.7374179251956898,0.05374180900834793,1
-0.25942295534193455,-2.052350314493919,0
-4.5479715158272045,1.7654154897425125,0
-1.7979168556698781,1.4986938323417085,0
-1.6966484073211996,4.423209362877493,1
-0.6310739065163612,-0.7646346083724143,0
-2.617396716020712,-2.6120712578332053,0
-0.7046483915796059,-4.715775943529917,-1
-0.5398909580202986,5.5536938771825035,1
-2.483290495823402,-1.7015165018873062,0
2.7424547577054756,0.6787736480806305,1
-2.986860646301121,1.5236213143460204,0
4.39782852038064,-0.011757881726325687,1
-0.7077895894090307,-1.641156667097898,0
0.6941804247851296,7.366145292089942,-1
-3.5935987975311923,3.0687159630071377,0
-2.7359528520996523,-4.883100550852469,3
-3.158467583143119,-1.5092735623711175,2
3.3991353766536134,-2.9535694165224977,1
2.7232248774148657,1.4186635351752022,1
1.433819085817438,1.9034056674192723,1
-0.07631847458307518,2.957614078514885,1
4.854850956921928,0.12121733663647961,1
-3.724882706203008,-1.7873821231130673,0
-1.8047126775968712,-0.4923120249827436,0
4.247503806726928,-0.4773077964489339,1
4.920845460302317,0.2897915721085859,1
-0.9584167320054097,0.559755631703697,0
-0.8481104281557099,-1.8825434518045454,0
3.8060664922401846,2.3407708103148206,1
5.180331651935531,1.193403180617269,1
-4.218198543674218,1.8931245700129717,0
-2.0127918119558577,-3.1390597408493397,0
2.3851857197398143,1.9814065040700761,1
4.363669029747875,-0.8394008992014826,1
-2.548010414103793,-3.4083509607616995,0
-1.5888371880070824,2.8821624786757676,1
3.8130517545609597,-1.3772499955104918,1
-2.3054681611197405,2.023773038406369,0
4.111464708110042,-0.8980530804725713,1
-2.377722159450527,-0.8932649008576988,0
-1.800677714333025,0.8681271758060641,0
4.025897253997206,-1.5123580275079747,1
-0.6912417006192972,2.5298211608518484,1
-5.3606389766448785,2.6203816780947706,2
2.906899587559062,2.6929900485083644,1
-3.940094739794119,-1.8820097365208928,2
2.4064283533215653,-0.4902959718677535,1
5.2653002276925065,1.4214455690238064,1
0.7173001307109107,-2.7656194476677944,-1
-1.0087526448235302,0.8540325803727093,0
-2.865857883945325,1.2184068081955723,0
-0.610837366422964,-6.441427905224903,3
3.3873510058487604,-2.3875241764927733,1
-2.6915528163134614,0.37198810039353725,-1
-3.0046370556022044,0.8932872695051974,0
1.0359771054276512,2.321703585910736,1
-0.9634275045068413,-0.7715972665591806,0
0.7126893770560762,1.2523344953928583,1
-1.9833479800620382,0.3508332829279192,0
-2.4610592828033946,-4.691982686839871,-1
-1.8391291739155051,-0.7760840815351953,0
-3.3351563721911486,-0.22775804667999577,0
0.44934837148803847,3.327806712891729,1
-3.9604130598957243,-1.1223985821919116,2
-5.136910848388812,1.557012002344685,2
4.817160299860621,0.8087842290141627,1
-1.4971831049036088,3.5074507645839197,1
2.153023349070889,0.8447998727510214,1
-0.9114683389590754,-2.8908582134759864,0
-1.767516781561334,4.239462812146901,1
0.7677166178080442,-0.7982736424094382,0
-4.296360158828393,-0.4877800037549599,2
-0.34116490221155565,-2.3619711380382227,0
-2.4849102914075156,-0.9728613814905448,0
4.785193081481923,-0.34929534267412454,1
-2.849842825248708,3.3544367625409266,0
0.31508120258764877,0.03145845083430719,0
-3.8361916251521997,0.10104070572522415,0
4.8767477356124775,0.8119460291680911,1
-2.1683506341472625,-0.306986996941383,0
-1.6822020520754561,-3.4240457296405094,-1
4.644113192221845,-0.27517675529790614,1
-0.526819717598693,4.406561766897803,1
4.913561365134224,0.26754453447542664,1
-0.13783436511189612,-1.0297173868003342,0
-5.575217035410978,3.4067856671285957,2
-0.30736629518686526,-4.05508669913524,0
4.15314814665883,-0.8029787344279482,1
-1.4831117041264388,0.06945409949043437,0
1.395977577644245,1.8536381800146058,1
-1.8145216993631095,3.267934762200261,0
0.8621994744160429,2.1539504993784684,-1
-3.7362578322005664,4.056688324760367,0
-0.6610343827223644,3.9320528665981103,1
-4.707073532474321,2.811197965292763,0
-2.0489785370976845,1.2508002632876938,0
4.657028382243712,0.11752140294246079,1
-0.13271213580976973,2.426005758476699,1
4.502148680697789,-1.1311179635225486,1
-3.469564599866811,0.13727288079340616,2
-2.2991743216265514,-3.1543016701359923,0
3.4873503079813917,-3.335809152495591,1
3.8272610014306703,1.3871005574694564,1
2.1025722596911742,0.42892589003712855,1
-2.787153235025244,1.3478402192848267,0
-0.4358544931205837,-1.9512858662109585,-1
-3.497576423147731,-2.3599981909393377,2
0.5354210087297767,0.5637804122222889,0
-0.4750177362326627,2.073454214673013,1
-0.43279466284020557,-4.161947367284262,-1
4.547673043278012,-0.36524715373392036,1
4.01463135567598,-0.7810234615414189,1
-1.7620375496220364,3.5292831327124587,0
5.505142669933774,1.5611677988571033,1
3.278772631676605,-4.954783392127223,-1
2.083412780086403,1.8746113611428883,-1
4.69495456145574,-0.4737775384267621,1
-3.9357611577905063,2.0402373867130983,2
4.507659859370967,-1.1171215332428486,1
4.289489679197995,-1.5749846455363556,1
-0.8972565527928906,-2.19108795243499,0
-2.83191048352032,-3.2418591367602443,0
-3.175986257781591,-1.7802116267910748,0
-3.62717662099679,-0.9093989475978544,-1
-0.44611176135644465,2.378675113064242,1
-0.9091767894089623,-1.9492050818105058,0
-1.0630537919440506,-1.6726116273455451,0
-0.7911163101442943,1.1789950742550683,0
4.558703514612047,-0.10399404167702218,1
1.888998189860161,3.620713216396751,1
4.409427158100887,-0.9468820681926391,1
-0.5997729499227681,0.08044292713653263,1
4.965499084463993,1.0518457171620463,1
-2.324132987833068,2.5451228120912273,0
-2.7001770513917287,-1.8081013235181707,0
-0.7637474116226514,0.27486720386492525,0
-1.4471575430019867,3.304405082985417,1
4.692929806591861,0.8487993383483446,1
3.638129748687668,0.2797103599402376,1
-1.188569708866446,4.222502391026736,1
0.3164484371951153,-0.7885816649370423,-1
4.474048931185965,-0.5464838276731261,1
-1.4838971228876048,2.5998067693279965,0
1.7056951291984155,0.6492978662856197,1
-5.772225292463286,5.371891086826635,2
-2.8372358642154225,-1.7518447121985863,0
-1.6921259139320424,5.929650068946964,1
4.783705379612805,-0.41200898617809417,1
1.266619414430717,-0.8271231399777323,-1
4.378704947137165,-1.5048098805225425,1
-3.600141817407738,-3.3380651237003303,2
0.012643095385171488,6.701069790699755,1
4.887489685815342,0.06350308159173648,1
-3.2340092991059293,0.45873182494205594,0
-2.900651002077935,-3.5200609518993224,0
-5.60127074200776,2.864120651968101,2
4.317561731413442,-1.5630565563804968,1
-3.1484006630300314,-2.6004653247340626,0
-1.8400118991933758,-2.515815180280675,0
3.602669960898062,-3.081270035761509,1
-2.363237376241361,-1.663475486381939,2
-5.150828388980266,2.060077731500838,2
-4.904703873260805,3.083202471791421,2
-3.637009482948973,4.447511147696271,0
-3.4659446250011645,-3.686643012175407,2
-1.6324917174138422,-0.42372014859506724,0
3.298623081684746,-2.206130355214323,1
-1.6234629439461599,0.8347897905650861,0
2.3547773214997427,1.046382016342939,1
-1.8947378438382387,-6.370334625006367,-1
-0.43416286598546217,-0.7109278224416448,0
-1.12255143390289,-1.650466072453747,0
-1.980501447588024,1.2884952570378183,0
3.132145846634616,-0.16617591550383504,1
-0.07671213180382637,-0.5182226466563284,0
4.027134662183808,-1.1809154936218622,1
-3.59712394892903,0.9730001996192861,2
-0.039297498653623905,-1.2236012147752302,0
-2.949054587262284,3.0245217537405824,0
0.36090131900821815,-0.29907613496754337,-1
4.346195400191528,-0.5974588704346343,1
4.579117469049133,-1.133664143124092,1
4.786940148889953,-0.07364849168814773,1
-3.7092117790187515,-1.8996926784819717,2
-2.657502623092098,0.8153114288067281,0
0.6946964364419826,-0.706497728198779,0
4.267475675227623,-1.7664647705356253,1
0.6147147111645076,2.016481872925244,1
-3.5030207590769002,-3.2648101623250674,2
1.2944384303181533,-6.866317859440216,-1
4.331732961381548,-1.7624201666015993,1
1.1700455080652432,3.8120259173640676,1
-1.6730261191843538,-2.358395609999957,0
2.3114335095707848,-3.781589604597697,-1
-1.7474780805062662,0.8574779430741576,0
-2.2119333209852017,2.8925079862752083,1
5.259996681889484,0.8499482774525841,1
4.3439521991080445,-0.7191797414446833,1
-3.0020592561183346,0.8998458261765689,0
3.864561809520037,-2.5129476613813306,1
0.7195348400556966,-1.6662894428605948,0
-0.21000463941811892,0.583199855861638,0
-0.5412711197986593,-4.800638849655363,0
4.616336077284536,0.08596018551867074,1
-5.453700061955027,2.6726416130136497,2
-1.7314551155742992,0.140676192630507,0
5.31074710068867,1.4308602926520515,1
0.6201242977191154,3.2865397810403723,1
4.498492395237639,-0.6625064059246124,1
-2.799482084123196,2.6987496106116753,0
4.145310125728562,-0.9521375444261937,1
-4.18167928103155,0.6145436661292424,0
4.746944239984546,-0.2202013967198026,1
-0.9437526622810329,3.7317199723342416,1
-2.499069284550372,1.0058374759817954,0
1.6182863731182926,2.9021859166777366,1
0.7752832016572435,1.7151077751307529,1
-4.038488709272727,2.2206716776462967,0
-0.47940895440239134,-0.8963031626673519,-1
-3.42328107806188,4.588593146392727,0
-2.868204660811768,1.8794319914583346,-1
-2.559738372135254,2.155726695233984,0
-1.1173352708986348,0.22805893110122633,0
4.552898173580203,0.4795213930598664,1
3.1724700951887352,3.559664385474364,1
3.2030099791864806,3.533002317039783,1
-4.86654301102468,1.7274281263466753,2
4.3998867809903945,-0.8366988501233326,1
1.7607341886401493,-6.259023483081867,-1
5.031288131484603,0.8564555371013559,1
-3.4845723339693606,-1.8709975095524483,2
3.529050298059016,-2.3326266552493373,1
-4.40133684388429,1.288516111376239,2
3.485840095641493,-2.428426281556678,1
-1.6129201897140686,-0.5556543290265421,0
2.839641624392601,-1.9604180572430072,-1
-1.795170661210926,-0.7851125912757106,0
-2.040598490536907,5.210810955893073,1
-1.1892122371145166,-0.3518112936755352,0
-4.346450521191575,-0.6726658139830192,2
-3.1427373187170904,3.5653916533611745,0
4.468551635284592,-1.4483597611623755,1
-3.0063756605249234,-3.3846129554053728,2
-3.1088556518001016,1.1733216023770103,0
-0.5779144354610021,2.8488551486375417,1
4.624131174267467,-0.34854835824736574,1
-3.2143464403889066,-3.571573532586529,2
5.138888934528545,1.164025916859867,1
1.3837705361938366,2.58848248120553,-1
0.03818005587911226,-0.4087868391780329,0
3.7076229842762682,-0.6978677913498607,1
-2.5864209016800275,-0.7453370591787568,2
0.6052437776865254,-0.062294766917020065,0
4.912643627460505,0.039413569569341105,1
-1.0736557598253094,-2.3169820122387357,0
-0.9643815298274551,0.3910195799401937,0
-0.13856631069203235,1.7824387353843199,0
-3.9600959727563736,-0.6059148021882678,2
-4.624538097154028,0.2858683626475394,2
4.2956060055722745,-1.7798681333383695,1
-3.933179841889931,0.013340629500616472,2
-1.1362236079338348,-4.644391556356987,0
-0.5690229181062487,-0.09108195388038175,0
0.9175059723381063,2.232139986187709,-1
0.8695402550541927,-6.6536026944181845,-1
-1.3200313279921665,-6.94576447921276,0
-0.9643086886116566,1.082853880312368,0
0.8983874871963587,-1.1718607251444928,0
4.945092800587065,-0.17360269203193157,1
4.5842484256156055,0.8082119908708407,1
4.576919937312836,-0.7506209163498145,1
4.175042446180279,-1.3181908966112328,1
4.949651773460206,0.8667561501290534,1
4.245084993155814,-1.6902288467834798,1
-1.6717539964481158,0.1315010988479626,0
-1.5655638987516092,-1.3068495296301794,-1
4.881940593320675,0.9181758106664022,1
3.2329626141941583,-3.9077972577923146,1
0.08953311504834958,-0.49299610626027124,0
-2.7730447690708595,1.4409685705828699,0
-3.7091307590948075,-2.832843354196293,2
0.991412054404745,4.073683328310216,1
-2.1803196914645677,0.7854997256877657,0
-2.2369590033190465,1.722979156040791,0
4.331082028271733,-1.0067647693556645,1
0.7583582664703777,-1.1019497439617878,0
5.152945907390806,0.4589579950470669,-1
2.2654066979350107,-0.6962014575382308,1
-4.913493732554801,1.794834031132181,2
0.051573262347217694,-5.60645036171561,-1
4.501116986102732,-1.4865949228817839,1
4.770447938098733,0.10250568505838217,1
-3.074318441770947,1.323427243897914,0
-2.765125795102643,3.3126220537737256,0
-1.6073493485458843,0.9929566327441919,0
-1.0922796555649692,1.211637969481911,-1
2.332930474767311,3.6828344500203785,1
-0.8190681615593239,0.40665184277303695,0
5.64376601297127,2.4955751431141535,1
-2.87869690185493,2.7717509918474894,0
4.695907912561446,-0.3647886428651148,1
4.312876891334519,-0.7458780024797558,1
5.07343842521032,0.5072053515594845,1
-2.5171646164735706,0.20178729568303633,0
4.582403756479246,0.4509617561698696,1
3.9292911328815783,-1.4086868044002325,1
-1.96193019955953,0.4592835566242524,-1
4.877597896910412,0.7977975770504618,1
4.433225008732378,-1.347271235920305,1
-2.981350141448341,4.230600704743119,0
5.483537942314309,1.8624339517312933,1
-0.0916832504571959,0.26093622389359694,0
-3.656297783783441,2.386279671752713,0
0.461229424754992,-2.858709303426353,0
0.44942574741181396,-2.0993366749313824,-1
-0.30993410544126015,-0.6566373658010662,0
-4.326509499805943,1.4685180381025518,2
-1.2799266897119392,1.7018514201463364,0
0.3928179854636516,0.7456123515307154,1
-1.93789305568846,5.823381146627476,1
4.673560495650935,-0.491279273890685,1
-0.10685523144820151,0.83950770416475,0
-0.6568408974846989,0.3865599113141522,0
3.524996582641317,-2.360371660407649,1
-0.4899439793473793,-4.47443512423229,0
3.3375289682724003,-3.346084223319064,1
-2.8081127105506107,2.8512732352227457,0
-1.3855447556551994,0.9871299681408983,-1
3.6180952419099306,-3.658740871391344,1
-5.104196218702465,1.6772817676498326,2
2.943412021455338,0.4171829124788228,1
-3.2089247906696645,0.5947614508861027,2
4.4089237081877775,0.263213684763877,1
-3.932189338370606,1.371772385318637,0
-1.985367276079811,-0.6629367479414099,0
1.8796832853631293,-6.084453095294439,-1
1.565651291724103,1.2629451384817174,-1
-2.065088852407045,-2.678705329603596,0
4.250536732202289,-0.45866328783534555,1
1.7076924640876214,2.2773993345820602,1
-3.6511189482530066,4.107017275450588,0
-1.3161588995006128,-3.6357515026072664,-1
-1.920515045710307,4.0072200367249495,1
-3.380928504013259,-1.6371474480956187,2
2.776567947161698,3.319817726271976,1
-1.3276551334455728,4.029924954830622,1
1.3754173462775587,2.744329594600177,1
-3.0687805688522825,4.992531305861413,0
-2.606601176692587,0.6965802373849302,0
-1.8893693333629975,1.3130758956833946,0
4.6972368338568025,-0.35060326715747475,1
5.003168781495754,0.9670707568773828,1
4.61439793211923,-0.5674360864088258,1
-2.6972025460600966,1.9902666807613532,0
-2.5200456561775493,-3.5254540280193316,0
3.3938164541129865,2.2819144167544816,1
-0.6421291555589477,-0.563852264175443,0
-0.4068162059660188,3.7105096857210094,1
-0.5092758200355463,1.2200168788424273,1
-2.00221618863145,0.6070402754216027,0
-4.129535383446213,-1.8208939676811993,2
-0.713300498613016,-1.9857189924034797,0
-0.6167914666669805,4.418789932707368,1
-2.6864961903558573,-0.5748479914980636,0
-2.3848344069396763,-1.2423916963446744,0
1.4731609193318034,0.8308821135867572,1
3.088519936993262,-2.4735363835335544,1
-4.00741975900891,-1.39943043609833,2
-3.342019191908693,1.8787780452141447,0
1.6576411349377873,1.6151625211158063,1
4.7890173480159675,-0.19642157685750022,1
-3.0271933099881574,-0.2709701265685514,0
4.20719160676076,-1.4500164460813398,1
4.595486897714884,-0.8454615077517793,1
-3.192352160516413,3.153726495034922,-1
4.192366094286119,-1.0385883531424962,1
-1.6117498757890918,0.13122509142684216,-1
-0.3562627735713842,-0.4288341907485054,0
3.410377040401699,-2.9161874968212023,1
4.144619648485867,-1.1841533285669252,1
-1.3374195497294072,-3.874522715019621,-1
-0.8072207890753468,-3.4441905334806058,0
3.694899222163658,2.154265471091209,1
-1.6803829503046444,2.284621051408624,1
-1.7941274274278458,-3.831197442422475,0
4.442522613627025,0.05334303567217911,1
0.519014457821946,3.427650852280837,-1
-0.9483554750062856,-2.73759921817394,0
0.6614211833499224,2.9047464786396984,1
-3.616213542254467,-2.577677565803945,2
-0.5797614089098545,1.3037701439590332,1
-1.6078153096567458,2.4694627538036857,0
-2.986904577939952,-1.415942179560861,0
-1.5948366090232944,0.6578475461582468,0
0.9089928471856831,2.2126667969575737,1
-3.197912099105497,-2.667344045603621,2
-1.1185955582194707,-1.298223424054427,0
-3.791256083557642,-2.3454511229985306,0
2.236551595025419,-4.651975161831275,-1
-1.0997162972753218,-1.10099760821234,0
0.9955672260208882,-0.8298679369433505,0
3.347559511914442,2.8717705101779862,1
3.8007755157465066,2.658887321732267,1
0.2902741707850392,5.260765468867598,-1
-0.057718197303983323,-1.1782545256731456,0
2.0074445769040525,-0.3221138793681962,1
1.7535643572397381,0.0898604904594483,-1
-1.2994818501443162,0.5934802470697355,-1
-1.6180911332164087,-4.1588416953572525,0
-4.191562623785258,-1.2236269604283492,2
4.8373972610967915,-0.3496228360694094,1
-1.773859852070503,4.073702625169829,1
2.600471431672754,0.6833864898411169,1
-5.449390039352002,3.3663550300276146,2
-2.432229244246118,-1.364210127853569,0
-4.243126630040576,-1.4575531635500112,2
0.3892713293372822,-1.6921901056589403,0
0.9287608664255178,2.5222669989923228,1
-2.9587080809532957,1.1510228365157404,0
-1.2760042866035266,2.665565622762747,0
-3.4922163900186467,1.1195379965548709,-1
2.551557988011887,0.10024443532269459,-1
5.224347476231592,1.147675513992399,1
-4.69878736525534,1.3789802790130672,2
1.7531210412542677,1.6917319528544357,1
1.238338908959425,2.0805032612651253,1
5.1060323432937365,-0.3631629843335093,1
-1.7510652346828601,1.1273099649874692,-1
-0.12138210145287416,1.9126520598358843,-1
-2.4923803113566425,-4.643411517537101,0
5.098132338260445,0.9258394066218545,1
-2.5438552979178506,-1.9687044073556068,0
0.10362236760354497,-1.8005150292806014,0
-0.4699250709414581,-2.8260566202909474,0
0.26356418895327677,-1.8345852855003315,0
2.878217208318828,2.053194435700943,1
-4.197968717873323,0.09443216916999057,2
3.6365534126159,2.076196449532594,1
-2.08292102178597,-3.951998319595899,-1
-1.6521879799746373,4.632242995278729,1
0.17048990487342994,-0.031927453755114896,0
-0.8231959948232437,-2.1141428397324242,0
-3.7595880333027187,3.1625251548331046,-1
5.0452706062695265,-0.013207986903080554,1
4.7519132008688425,-1.519137997887754,1
1.5986695785047687,0.486372345202955,1
2.2155971490128854,3.0332471700280057,1
-4.339744703275256,1.0492124456189795,2
4.867504312623025,0.7885077042708512,1
2.7926191194644847,-0.37973091194209524,1
0.3417258233526376,-1.1413216092704312,0
-1.5855283336563446,0.1417017354722236,0
-2.0295442064644096,2.1265172015963083,0
-2.639863130204914,-1.932946443352109,2
-3.7200957549051736,-1.080097511084551,2
-0.7307728873460747,1.8992938819989817,1
5.103522711474416,1.62752076258219,1
-1.0961944658403213,0.09687139945067484,0
1.8824035104147145,0.8627254604355411,1
4.867861194471638,1.1792758776408614,1
4.276433759782341,-1.6932075464276288,1
-3.050871701943345,-3.0707581388351417,-1
-0.36690620004886687,-4.697537559019174,0
2.317072550346246,3.319472489292579,1
-2.4260409907286213,2.0863916587173037,0
-3.294037230310465,-2.297339529190232,0
-3.5254932618360884,-1.3515177939845597,2
-2.1356728826999327,2.1995585376654225,-1
-1.7735899974142049,-3.987839224808766,0
-0.8181244825949725,-1.4897764766297095,0
4.992325353444915,1.0939590695781698,1
-1.2459867184389888,3.8590220752837796,1
-0.33202325191274157,-0.6819515870676489,0
-2.560499571479875,3.412804324562394,1
-3.7045971493799845,-2.7007095534719734,2
3.1781233096057626,-2.8481159241017173,1
-3.197099190489984,1.1797529773306212,0
0.5099577723793629,-0.36051707398052873,0
-3.4939343145011903,-0.9799878991086347,2
-1.2701006773942887,2.7135805786932505,0
1.656712611694534,3.4072178708085037,1
4.754209471098403,-0.5360200770246859,1
3.4067210636263185,-2.668298367347624,1
-3.17994777455159,2.818234274801772,0
-3.226006278711098,-3.07023662949324,0
3.971559230227081,-2.1357526729904808,1
4.127289821736243,-0.8127780810772328,1
-3.940593904724734,-1.364411550742767,2
-0.8825705426932674,-5.705770783181427,0
-5.711288441208094,4.1621158620580205,2
-0.5282855374423203,2.1932756455559645,-1
-1.26806876142478,4.299771456763053,1
-3.97379106464342,2.4093038297171674,0
4.0016079407690786,-0.9323689856541122,1
-2.361616616770994,2.747438991304786,0
-2.8352534769272775,1.7235643626444865,0
-1.1878954139123437,0.7193192548842218,1
-1.6011834057145258,0.6560424531343473,0
-3.928920490680962,2.2129644411010743,0
-0.5668827027218153,-0.5609754525201581,0
1.8201612824753748,-0.23305102890704893,1
-1.39087878236721,-2.6486143887866476,0
4.8253755727708585,0.2945454511462059,1
-1.7056540282214805,3.494171842866926,0
-3.0159451296351367,2.210539061587317,1
0.9820561359947914,-0.04896827766499057,0
-2.519043479314616,5.052929381272885,1
-2.3722446974086573,-1.7344354017251524,0
1.3240503222728492,2.7949155930065053,-1
4.264496966541036,-1.193692862960206,1
1.2402217052390079,-1.670521947304707,0
0.40001420442623997,2.2007991896969323,1
4.077781800149348,-1.9115341163727109,1
-0.5456970661861389,-2.5847255342242192,-1
-0.3350721919950969,0.5225918197430149,0
-1.0685930673318238,-4.911403854102244,0
-0.7854632100976184,-3.053542280511613,0
-1.802741698015214,-0.8219184160808449,0
-1.3298007094442006,-2.094899944994358,0
5.1131793270607755,1.031812079716752,1
-0.5110955306103055,2.9866779044127596,-1
4.722963632462112,0.05139577926121173,1
-1.6927228953524702,-1.1275356527535187,0
4.893482656367835,0.7710362705357756,1
1.7894256224483347,2.665050492772476,1
4.517077776366221,-0.6016646514291988,1
1.243337340513958,-0.935476966999899,0
1.6070448243467537,-0.14001805222926406,1
4.044354145394171,-1.8890889662202135,1
1.3292826376549733,2.5536830243892417,1
-2.455200493581647,-0.0366999538185168,0
-3.791116149787231,-1.2640122766279094,2
4.1370878218165625,-2.13599245155818,1
-4.0187734172687115,2.4159074476425135,2
-0.9246158654756699,-2.25569562508909,0
1.061698089591778,0.3519539436984944,1
-0.7887058262111898,1.3288472504434297,1
3.3476166810530286,-0.7764307104828486,-1
1.1291574508682065,0.201503720797342,1
2.2810610907985733,-5.4131264639601575,-1
-0.7212200223251553,4.100975251092935,1
-3.3829980276740708,-2.0658311701629404,2
-2.666788881859324,-2.764750603081909,2
-0.9172787462535126,1.2523719388960566,0
4.3049072558096135,-0.4765805802639446,1
-0.735410951642255,-3.915736420180246,0
-3.4216873502379093,2.0335606657669287,0
1.4821511621780739,2.6461830777041535,1
-2.4163989855256363,-2.899113958402411,0
-2.8161825860159384,-1.2506276682832518,2
-2.276919366681623,1.2234764678994545,0
-2.211767104014713,-0.27931856768443647,0
-1.8399890094426614,-3.2263310716320075,0
-0.25912297752235347,-0.20460560948981227,0
3.4386146309746537,-2.172044579258875,1
0.28086325357064346,4.943408553680219,-1
-0.13111653246890234,3.850720361114401,1
0.3826085531609692,3.1558601193025138,1
4.879354288324854,0.5080312772874006,1
-1.3876885919129602,-1.844607800867938,0
-4.445004538329246,-0.4664129610144462,2
-3.7768603588431557,-2.2903588664106693,2
-1.5408685899165502,-1.180347448762575,0
-0.14654141182562244,5.458700036709438,1
4.440119046867298,-0.33214679860906887,1
-3.7052676150743786,-4.875833862778368,4
4.652102050844298,-0.26296747604513754,1
-0.5377878583197666,2.687883622978615,1
4.4016349061936415,-0.9474200489733904,1
4.198473127364957,-1.9983892308857418,1
4.751875166455866,0.6274457957393309,1
-3.542950114729407,1.0175690094826535,0
0.0029255589616491834,-1.6020318454266353,0
-2.0629158128049205,1.1471248894572375,0
0.2407520922860586,1.1430648701999708,1
5.0949248179087006,1.8518085425799375,1
-4.430666729439048,-1.3285825293865494,2
-0.9236760959144795,2.682047980093492,1
-1.7322824518208102,4.569388772446842,1
4.4769960115933305,-1.1075440509004515,1
-3.9514962733403025,-2.2877292615743974,2
-2.6303901429390217,-0.6803655407486466,2
-2.5552905282787375,2.2685405294182206,0
-2.529348383212792,3.273375023836801,-1
4.4670340895856375,-0.7111148723023034,1
-3.55645744687996,2.591277388149197,0
-3.274048789819631,0.8120552604977409,0
3.586373719848138,-1.3663165443381315,-1
-3.8418111643204997,-2.2550628247911213,2
-0.24879731999173646,5.702282334622994,1
-0.5532881949066765,2.960232691055659,1
4.345170507450264,-1.218450314292815,1
0.8452597287474538,-1.7782635212090372,-1
-3.8376545673476317,-1.7206567853042867,2
-3.4199839751999006,2.9736137396150264,0
-0.5908572374980946,0.28493583026159086,0
-1.6568344785298574,4.847506810900368,1
0.9360947513404648,-1.6039588266597613,0
-0.5800097773040437,-3.146282034409185,0
-0.4331586815889206,2.4742498564257884,1
-2.3637534148372885,2.093396766686002,0
0.7715847489990191,3.281099434211265,1
-3.317043820047955,-3.129893322240335,0
1.4607333535207925,4.584045751889585,1
-1.6580325580946493,3.4421741420476395,1
2.813565460742596,0.14998801256086874,1
0.29404682831662216,-0.23878818871136856,0
4.85818362845322,-0.7854382113499361,1
-0.405071366518555,-6.91152842322142,3
4.255826191472748,-1.7193545854317223,1
-4.122737658844007,2.0389040840850825,0
4.126013434934475,-2.1899659363841653,1
-0.4115942791813065,-4.539857437861819,0
1.258809280078355,2.5740753547691284,1
-2.940471295706316,-2.885492457190676,0
0.9089229929006878,-1.4211351787513469,0
-3.9039326336526377,1.472877799637457,2
4.338159636145106,-0.9838924273633802,1
3.2745326147322564,3.1885985746133305,1
4.115590776812014,-1.973635713695452,1
3.69348539218391,-0.6575611714952436,1
1.4154196683424092,-4.474302916042963,-1
-0.5876169302076882,3.5775742007710596,1
-2.4353198800091227,-4.695887265449324,0
2.1756352113613096,1.28442009666633,1
2.7175235672920723,-0.060101765285666624,1
5.502007480649612,2.0929545418398825,1
-1.156578880229706,-1.8624632912549648,0
-0.4560005679274048,0.4454256186666345,0
-3.149223489400411,2.2741468653440604,0
3.704317794639129,-1.8475541906598576,1
-1.7235470797180892,0.7283754161980944,0
2.2423782881090393,0.8393068718697649,1
5.737968663572566,2.700587333556725,1
-4.185257430133258,0.3987329889401456,0
-5.5059981774030735,2.883744583376973,2
4.377139361908392,-1.4938218488469124,1
-3.3123617993370247,-1.2491216012588553,2
3.659038922077766,-1.5509407448175447,1
-2.2174259237141483,-0.1637494908520432,0
2.246517303623832,0.37315605441528155,1
-2.486233697706336,1.5605399948842174,0
0.817863486923934,-1.2951921128233248,0
-1.4552177020756234,2.452513541509611,0
0.6169503852431949,5.926607626297116,1
0.35206094265343524,0.8443340320480862,1
4.44266288283563,-0.3941075443048809,1
-3.40299311234524,2.7618789935315458,0
-3.2975120095378427,-0.6097228347346829,2
3.898619548391856,1.5772630358393271,-1
-0.24617913074043768,0.4558368367669034,0
0.5123939274530572,3.0029732782990104,1
-0.5802752774880896,0.18622627305306438,0
-5.0109525679190074,0.9922710248307915,2
-0.23786641855346147,-1.1272757709412224,0
-3.3374344748044447,-3.081346086062787,0
4.547912103756508,-0.8471795672033454,1
1.1054434394370498,2.044566769480469,1
-3.588369730820443,-1.6598291163801444,2
4.146746655637695,-1.4280117403780774,1
4.396453957892498,-1.9619461399313083,1
4.428031895123524,1.0026983759944978,1
4.3383768501618665,-1.281639269383303,1
-5.474765256922196,1.8983078823387043,2
-5.248438150884114,2.480714422836094,2
0.2943673045355722,0.2234730686974623,0
4.134223391498395,-1.2047599117276966,1
-1.3500755328684826,-0.5852395996069608,0
5.181292814325739,0.07833153178354271,1
-2.5428400272828684,1.9570772433860717,-1
-3.7157244971248797,-1.460250233783118,-1
-3.000993375128568,3.112739051480266,0
-1.6033346152563357,1.1881677466216782,0
-2.0173231946390957,1.522275624979671,0
-2.6030939968156184,0.5867008256315703,0
2.214448460822794,0.7129180433071115,-1
0.7313175295540174,1.1066458396542707,1
-0.6358344687929378,1.4813557708709735,-1
-2.5217920040015196,-2.6459682497900467,0
-0.3885477142149644,1.6439557925986847,1
-4.305797547646573,-2.068407333888073,2
3.247572801870398,2.070418261039348,1
-3.053421125228958,-1.0046362615468796,0
-2.415361223938824,2.4627749770740546,0
5.041037181797544,0.760507109685465,1
-1.5427581241982384,0.14028402090630226,0
4.510523546214388,-0.07728159314196108,1
-4.494573774568018,1.0862032005342417,0
0.493922922541992,3.060967627039052,1
-1.9179309452323163,1.98895813165902,0
-1.6750065250964479,-2.764388620930356,0
4.297886524245023,-1.5603533544073793,1
5.048924131208818,0.7375416576005529,1
-0.17131758795156551,2.6837388622358143,1
0.7598461018950159,1.8227123601080153,-1
-2.499242801566548,2.0876438609647106,0
5.662753403822774,2.2568182260824714,1
0.9541415042801752,3.421370091521236,1
-1.5436596710753965,-3.748896196618717,0
3.4116869059240758,-2.3381118562914347,1
1.9905602891450742,1.029361406610474,1
4.362157697505469,-1.0835572898670247,1
-3.6786737543736043,-1.3128209625487763,2
4.552109875212047,-0.7595615106233886,1
-2.1550099683268162,-2.663487901715247,-1
4.656092859935348,-0.8266741105874885,1
-0.5116075376925866,-0.1870264360723655,0
-0.30553234931166623,-3.660281822680375,0
-4.256885948396849,2.4740195172769326,0
-0.2875066223057652,-0.18218327543310356,0
-3.7611645159490035,-3.8104884135319224,-1
1.6579289225680354,1.473116183339748,1
-3.1738906118577184,4.6999488877546165,0
5.026778846168383,1.0973497578245728,1
1.3330175685993124,2.2178544907873494,1
-2.2798810934302676,3.4409404170808124,1
5.482212697768194,1.7032338773905493,1
-1.751091544150674,1.9945791805403836,-1
-0.3483734875217771,-1.986632820789921,0
-2.8601366060001596,-1.3881827078311992,0
4.676302608722165,-1.0010684557385872,1
2.3194778598422814,4.352482135785424,1
-1.1443643368189003,7.705080903543915,-1
-3.025602323168172,-0.2979440178175435,0
-4.299073724703998,2.355390473371002,0
-3.5130999249761174,2.0876943428915493,0
-2.562387601980107,1.6972074139386002,0
2.642217426910373,0.768294434010178,1
-1.0062637006276165,-5.3967755424704755,0
-2.4027294241075,-2.062718464790647,0
-2.1905608059215855,-4.009555433747138,-1
4.589358218715271,-0.17514891903784519,1
-2.0552895245583795,-3.2324513747174883,0
4.523208256073051,-0.8774958486564559,1
-0.13180236615861896,-1.453428653074358,0
3.6888396875337217,-2.9454726053613522,1
-0.3020460890567726,-2.0118632671239345,0
-1.1117124938851322,1.2805913601007293,0
-0.5694070689794201,3.5333165479185795,1
-1.766756081221343,2.9387461163072532,0
3.9194934674003483,-1.681712453585666,1
-3.6129131370821628,-0.9967227905759342,2
-2.171460025021375,3.304736650762084,0
-1.9885366465384795,-0.9022483566265559,0
-1.2977570875477207,0.22812832175470155,0
-2.52192969377658,-3.38534956109504,0
0.14078099911843459,-0.8647019839258211,-1
-3.17040851225199,3.939555455552973,-1
-1.5718009787195046,0.6552515621504337,0
-4.958127736674857,3.1201164395062198,2
-0.35510193702865456,-1.8604196914937696,0
-3.2920660631590852,-2.3837328291053392,-1
-0.37915273573596964,-5.320275245786307,-1
-2.4570802759786665,1.364341793525669,0
-1.4056698456176924,0.4254619720218826,0
1.3772803343250803,-0.0426856298010178,1
4.220409773652691,-1.9838485607105667,1
-0.16238035245300306,4.153591111876123,1
-2.9732700044346596,-3.7063361286143386,2
-2.1928398496283403,3.3572171410398255,0
-3.5885265010945417,1.5325512714966307,2
-1.3739032188062055,-0.3144977222135106,0
-0.19014426973224743,2.5971721862504773,1
2.544228133090753,0.7865911186421464,1
-4.19165701755943,0.5910570963537425,2
1.8096819400863997,4.216721197983294,1
0.8276890123372695,3.9572436084155216,1
4.4747122992084485,-0.6747846276249839,1
-2.8032706824949627,-3.11802139231367,2
2.895870442896315,4.45605169495608,1
-0.1652057090077842,-3.384504755133407,0
4.877071917271021,-1.5327764568906281,1
3.6888286878859944,4.810098790102631,1
4.459692313381561,-0.31645648915459224,1
-3.587948658038757,-1.1975044592898256,2
2.766845443481201,1.1965229195402907,1
2.5332942415706046,3.156705930089257,1
4.944572164681892,0.05577996764547242,1
4.724707298339284,-0.27943143164587175,1
-3.601661162806633,-0.3875894331518668,2
-3.401896355231313,0.9840893870174334,0
2.2053857097619365,1.089854357023228,1
-4.976209618090609,1.6236721775679044,2
-0.7839825915449071,1.8322954555332691,0
-1.687832602515786,2.1121912673476313,0
-3.0321559203781643,-4.038709876921626,2
1.657291302314952,3.623994856560438,-1
4.187804451273269,-1.1229946196345637,1
0.20748134009465125,3.390467015777784,1
4.125365024221116,3.5104339558610147,1
2.5431156570456697,-3.9925892304591764,-1
-0.35144002734472274,4.300472406683146,1
0.8439237437980736,5.087394486062363,1
-4.064398659685171,1.5384485316474108,0
4.425980100578037,-0.8831093260873539,1
-4.4947372604921,0.3472769326506991,2
-1.1061123907728554,-2.2677677538208485,0
-2.7050009976787646,-0.5203596331459702,2
4.252398696866063,-1.7104235358825524,1
-0.36874522113481534,-3.723418745099878,0
-3.76271051159426,-1.13230308689543,2
0.6996014037413271,-0.6579122003065464,0
4.667652837344949,-0.3807940657284033,1
-2.506658756721156,-2.871011108460426,0
3.452512977599512,2.912447162637794,1
0.16207153739927346,5.956872511121976,1
0.7675547341918438,0.3500241299612347,1
2.0615305726071727,-1.3868608950152506,-1
-0.8338851345192521,1.8623048307503405,1
5.040377092448047,1.0172940755627435,1
-0.5113307507186082,-0.9970976431644133,0
3.394093771884873,1.1145525654008988,1
2.9553900511464763,-2.727767963938349,1
-3.9604405996400196,-2.621203396366272,2
4.285237789396757,-1.5510523492457293,1
-1.6382792351792796,-0.5497309566312528,-1
4.971748048302352,0.685970250568934,1
-3.342725620370867,2.6507729879255204,0
0.8351905254772397,-1.004375343198304,0
4.3623108017690875,-1.3284110346487064,1
-3.3484405004613556,-0.8746818537332127,2
-3.5883848187715204,2.392646822286439,0
-1.712886302774246,-0.4027559692414293,0
-2.6596642514902347,-1.8491281026836826,0
5.159618616766954,1.2965639878911082,1
-3.169142406392351,3.751965588978954,0
5.06204075692161,1.2539918703770119,1
-2.4273979086613022,-6.055114061204025,2
-0.3692419890044711,-0.9994257750527542,-1
2.3923675484839606,1.6028608452049204,1
2.7573194630502518,-3.921663983880062,-1
1.976352017451962,1.01287971589891,1
-4.501491546314998,-2.0638949601898373,2
5.340696884472526,1.7324788626118075,1
-1.3882991674131488,0.2872375558089262,0
-1.536118699847645,-2.3251733550975917,0
-0.4044480988915543,-6.949134925395318,3
-4.866890023196115,0.9781696266898312,2
-2.063237921941721,-3.9978280652530565,0
2.862452693640278,4.171392085706919,1
-3.0465477398692995,0.30486519260266254,0
-2.200190146617591,0.10031852142976914,0
4.354202627753988,-1.6146885337628907,1
-3.0489949442298316,0.7684795061104173,0
2.344045686663782,-3.984761750143123,-1
-0.3704869514480928,3.9530450159428323,1
-3.3655599409092285,2.5590541488633782,-1
5.244254570330438,1.5851245536600682,1
-1.574837195903749,-1.4326115915746624,0
5.125659667930983,0.7005893219794552,1
-3.285055820088439,1.7574729449781619,0
-0.18969479584470042,-0.5260251392703705,0
-3.5018657979881525,1.9740217708774097,-1
4.895988827300155,0.742366038998918,1
4.21700710665511,-1.3965260484462916,1
-3.661030859566121,0.47417970029751016,0
3.427356892788435,-4.658863093758636,-1
1.860488271170331,1.2451941405170728,1
-0.498717794577722,2.043827179751835,1
-2.7771081542434235,-0.21047831819638635,-1
2.2143093234359505,-2.8426575489095005,-1
4.797113674824484,-0.2642751176194619,1
-1.5462189864390226,0.05844947333045442,1
4.723981883814213,0.05513877835377285,1
-2.586713312429847,1.0557480424259995,0
5.128386201402923,1.251050102724962,1
-3.988150808538724,-1.5370349133559358,2
4.817514763746174,0.4651321107721048,1
-3.33280721937526,2.3620598839217744,0
-1.6826604473196733,0.8913003249569842,-1
1.8544833688884625,0.9320865694646944,1
4.408235713474674,-0.5431030807780245,1
-0.5059777688643089,1.0209309014895203,0
-2.8573282715404416,1.0472896124729467,0
-2.8653217663904487,-4.272580195907111,2
-1.1819934171981694,2.6352979201361975,-1
-1.4519333536804968,-0.6484243608294504,0
-1.4540370284632225,-1.2316176381382054,-1
0.5786762939111237,-1.5903288179131105,0
-1.5852326147456905,2.4349056083569036,1
-0.6185907115457372,0.40481223369026126,-1
-1.855434980770992,0.7211993317199551,0
4.977611491931675,-0.4368212794610498,1
1.2044734499523555,1.7187169778191196,1
-3.0945813714125787,0.6161476297190028,0
-0.9791388568827204,-1.6945131681137808,0
-1.886581184853329,-0.2781407284711684,-1
-3.933513814383686,-0.32310898582347536,2
-0.5413429352902701,-2.7067335126116783,0
1.654134096256478,-2.3305173362027665,-1
-3.939508940638775,-2.900824021805597,2
4.197934297717499,-0.35324424483734956,1
4.529869404043904,-0.7897409050857475,1
4.98256979401446,0.25039589445505167,1
-0.9948221410163839,1.5198462884617572,0
4.728030875868553,-0.07676495814094829,1
-2.1321393131348825,-6.882997753383816,2
4.050426659036928,-2.145444859340324,1
2.838350383878807,-3.2518716527274742,1
-0.9579682606537222,1.4050407894429457,0
-2.3649763669512582,-0.4045752886609499,0
4.130998421976878,-1.670971656984596,1
-0.7400389957649297,-2.2846718901875276,0
-2.4342082348435534,1.3260648779163684,0
-0.8151232611294679,-5.7681193926170815,3
-1.1667064839919976,-1.0471144318162562,-1
-0.8637114103430386,-0.5643024092381144,0
0.8799940544207661,3.1496849661408066,-1
4.542124506566016,-1.3730848769780337,1
3.9054937342297946,-1.7959985697168876,1
-4.038696989129522,-0.12881353930543482,2
4.27663462224579,-0.6480414073830432,1
-2.6411372665419375,-5.713729327770289,2
-0.45233557278568187,4.25104156848332,1
-3.4416825058394904,3.2279665719662214,0
1.7024806229924236,5.398077345283835,1
-5.40608102582152,2.781888486448471,2
1.1825885811649923,3.821013810232173,1
0.39502538406613646,0.7722819666268155,1
-3.771543047960748,3.5932582030923146,0
0.6800761300731761,-0.7671418598134506,0
4.908229414314569,0.679811805650806,1
3.553260622119549,3.5731106894498548,1
-1.4848555113480701,1.7619761074210516,0
5.06662135569224,1.475217783689295,1
-2.7379743038133033,-4.0658453830538726,0
2.169030272378034,0.990338425645051,1
5.118646044280582,1.9035288519688667,1
0.7771961459188482,1.4504743447968722,1
1.1001588576783936,2.802123673995668,1
3.4216984455555983,-3.9635008840055357,-1
5.5322287733713615,1.7450433329568047,1
0.26103835133171843,2.7851428091501416,1
-2.393028966747503,1.0862251614964045,0
-3.062880501730936,-3.2179571213591482,2
-0.6020383171246539,-1.7725074421624474,0
-2.287191085641535,1.9305765608322902,0
4.04411118538026,-0.7192942349466579,1
-1.3830834281797162,-1.4801353178653949,0
-2.563747828083861,-1.485473046359743,0
-2.349163204552128,-1.1096373769095726,0
-0.5205502487407172,0.766647665541882,0
2.153828140276567,-1.0798198037542688,1
-2.3510533935564855,0.2810896306440391,0
4.867579684283229,0.3348508135133219,1
3.8064051431610593,-1.1982963792507717,1
4.7041789563802885,0.1913523840912874,1
4.552888079122409,-0.460585158011622,1
-2.8969145512217866,-1.8077358880214436,0
-1.7775722940782972,-0.6838694330042145,0
5.057109343985971,0.5491526740218432,1
-0.040787941065239204,5.304767404788695,1
4.169579322965875,-0.48938105534939674,1
-1.128773306972966,-2.267515767853398,0
4.693701655300786,0.15507977982574628,1
0.5956122832537479,-6.753227941428025,-1
0.16938887118074925,5.142942277478072,1
4.250109356836506,-0.8463366327195225,1
-3.161337844768065,-0.14556704958380434,0
4.7636842306578755,-0.9309021484477813,1
1.0795868338321735,4.402005696861617,1
5.535489396348152,2.3215620615100163,1
0.11413456426616918,-3.4531297664545155,0
-3.4351785775382764,3.961399260006736,0
4.396738014465225,-1.1249106349959828,1
-2.980415607916466,2.301613735324724,0
-2.9957493301298093,2.4980775756795994,0
-3.0705925699871184,3.154709208773273,0
-0.9978214446658303,-2.467660159818939,0
-2.8383932590927814,-1.8993555074751538,0
-3.1332391866322085,2.3004770208554834,0
-0.2398943381649021,-0.6091033644874853,-1
4.037987409408955,-1.4695960374239332,1
-2.3585714069987986,-3.595873435361384,-1
4.268729361531038,-1.86135430985716,1
-3.6602087016875835,-0.15148701368993375,-1
4.008371235434504,-1.7705373017759538,1
-0.9919525584363897,-0.07869561017691647,0
4.0792816659664455,-2.4026965938398757,1
0.3179585364824225,0.4974973788226689,0
-5.088341639951215,0.7866336662888752,2
-3.147287295018053,-0.6878555653970484,0
1.0704381938423309,2.721380431573092,1
4.505725931262253,-1.0626851995457116,1
-0.5682310601782803,-2.3079241925463285,-1
2.1692293452546885,-1.197272024453027,-1
-0.7372522716837446,-0.275135010464579,0
4.531641805896144,-1.636177612737337,1
-3.450038253869523,-5.00237990340861,4
4.632052261824609,-1.1249888209431729,1
-1.7483018618487687,-0.37737693508152304,0
-0.16142290299323073,5.775528501774139,-1
0.16798931742330417,-1.9049429178116795,0
-1.4730007854118188,-3.7071376717269464,0
-3.552385358088667,-2.300579330902353,2
4.296662454190512,-0.9859424096631502,1
-0.4522161312097152,-2.220955234990906,-1
-0.7259193539143208,4.5788435918197745,1
0.954747632070794,-2.3468175825073225,0
-2.946151059034178,0.47133641842640767,0
1.6752634815644023,1.5042796459092036,1
-0.6828177746374695,-5.420551328487496,0
-0.3291009948795017,1.3460317813195304,1
5.102911182669234,1.4487791175645526,1
-0.4843133564490389,4.491643333006567,1
1.8953494817471088,-0.17617897537572363,1
-1.5146400926453367,-1.6766896817038233,0
4.614302851359856,-2.047051240305916,-1
-0.7696286389545954,-1.2811086782706034,0
-3.6720089805232123,-0.7385669319656404,2
5.092437952602265,0.13757972036853225,1
-2.701916238400523,-3.185709145890305,-1
2.6647412645130695,-0.770870231062536,1
-0.5818983066566733,-3.586079337024995,0
4.536631109054004,-0.14538334752649756,1
-3.1645953618006297,-0.6145011938559383,2
-0.24105184425756532,-3.805828909227051,0
-1.2538246738832217,0.3336714877851118,0
3.8283800600301543,-2.607298599781036,1
4.989867567282062,0.6158706200407341,1
-1.839651070473368,0.6042892335447786,0
4.822252675403914,-0.29322709798364033,1
-2.165536689147384,1.49633924590863,0
-0.007903747879643696,0.29865880679871715,0
-2.5581929916147836,0.1735591868719027,0
3.4504495221770313,-2.2029620424434397,1
-0.9231020455570436,-0.9022581548300976,0
-3.0780271477437853,1.8675676571155808,0
-1.6281604437667525,-0.5169644329231513,0
0.354841941252837,2.440503668899361,1
0.2319681703034598,3.134415288669839,-1
-1.7146598657566259,0.44914884783591497,0
-1.0226433269492499,0.4530077564412183,0
-3.2789632214906588,3.512225669930345,0
2.3861153159279658,2.1238403474172367,1
-5.175978399974287,1.9805327240213368,2
-1.0970280621854078,2.0605578126044093,1
-5.729243845197604,3.7423957903671745,2
-1.3255663240437812,-3.7327403152912386,-1
-2.3562028230228447,-0.6985008840135746,0
2.893664289041161,0.9026756337378362,1
-2.131224032280139,-3.665649180073544,0
4.552634920003609,-0.4778734480375542,1
5.008460740480058,1.219887036829247,1
3.436512728699557,-3.7210391175431337,-1
4.026788886207173,-1.4538831721275973,1
-2.4141667436645227,-4.0951606984648965,0
-0.9982369170007157,0.850801788281729,0
-2.7019640746899993,1.8765407011664503,0
-3.5439749718498827,-1.5889560470168202,0
-2.4576198472586355,-1.8492793963508198,0
-3.190539104884418,-0.7741232042462639,0
-3.2528229142773735,2.1107550906870998,0
5.192302084282529,1.0064568740325637,1
-1.0087140224671847,-2.2098936795584088,0
-1.8997455952860856,-0.3130824870811412,0
-1.9099217841375902,2.2685129349636437,1
1.1457449981195091,-2.881400284951396,0
4.375838601372155,-0.3290076470337357,1
1.4300215333108632,1.7236987906405505,1
-2.9288381119561486,-2.1589387543919694,0
-1.2983890018160908,-1.8518836818662716,0
-2.2129178906375544,-3.013659948414591,0
0.2962125784709422,3.4518659670763676,1
-3.1662781155136854,-2.0549904564416526,2
-0.8506446494139039,1.2078357222959815,0
-3.2872890337081397,-3.155509233004808,2
-3.026813802210699,0.7661362344376245,0
-1.6443335832060417,-0.538610908679788,0
-2.0361853700426287,3.287055817502389,-1
4.452344589145736,-0.5169983267676649,1
-0.2966239936930134,-2.875530275473911,0
-2.8424401843007616,1.4644327403956026,0
-0.96095285880378,-2.3723420876092947,0
-2.528286923828743,0.41032311078304123,0
-3.241577717327153,1.5170319747223087,0
-4.446589698888147,-1.8406333554544523,-1
4.325906226483665,0.11165647777481164,1
-1.5386493656528049,-0.4463062173112633,0
-1.0728820345917947,-6.3026516679348,3
4.624708177288906,-0.4555790750843279,1
-0.7576468759390034,-3.10216580336347,0
-2.63409040350093,-2.115718786539441,-1
-0.6248018764257327,2.307237722057851,-1
5.153444047829356,1.199361011509403,1
-1.2950444478198009,-5.001187155245921,0
-3.656244610727209,3.487142518028047,0
4.784741085939049,-0.31192626860597283,1
-0.7606277182388784,2.9510903841652465,1
-2.7762786559130728,-0.08017804451490004,2
-2.187465174920892,-3.6167993035072636,0
-0.7757147382854542,-1.5744854191297668,-1
-3.0814553272843415,-1.8440448192042929,0
-0.9984282094226692,-4.321839929691864,0
-2.7475684701725913,-4.34674847357644,0
-3.0005927059478887,-2.842252771025349,0
-1.4905941327493588,0.2719168244360681,0
-0.6207096234230965,-1.0842819231586687,0
-2.9456220561655737,3.0203247597710363,0
-3.4483586642917263,-3.1904734435353688,2
-0.1814916115445855,1.3285008507036826,1
-3.0231619924745017,-4.094839487671379,2
3.070063872367766,2.1391992158180755,1
-1.4530761721127923,0.45788166917085166,1
-4.261932863732451,-1.8871100982166038,0
4.889538326327669,0.5068375208531306,1
-1.4828551979361262,-1.7310444373240432,-1
-4.613079429490994,0.9698747055354169,2
-3.466004281438414,1.59467291244728,0
4.537684660923847,-0.7125403755941819,1
-2.7664783332665364,0.2022881001852712,0
-4.097015820673355,2.690679207184445,0
-1.0235378791480256,4.103302007173479,-1
-4.127797733636618,0.8723446377248504,2
1.74036382476738,3.1389354066446464,1
4.163917758191468,-0.723816064723637,1
4.275011420101472,-1.1304715985528628,1
1.5762927823826909,1.8384673399311748,-1
-3.702190293413856,4.224440353684068,0
2.361538912268777,0.7127952184514837,1
-3.1059794683231026,1.0546099381468148,0
4.464603604585969,-0.816766079591901,1
-0.661624797981511,-0.31406497884932105,0
4.709962730037926,-1.1907101793445583,1
-2.922554740743499,1.7741084278144261,0
3.6681837618306035,-3.0357409703116818,1
-1.0012434399748769,4.638806722598468,1
-2.3094153609378814,2.104690485967662,0
-0.26024132157324625,3.5704888354192184,1
2.0913702488059593,0.8415192742458528,1
4.3232604366099725,-0.5351050224046964,1
-2.732261141457009,-2.167013834352596,0
-4.29132416866359,0.11448180976079016,2
3.446474254907195,-2.2298309878118006,1
-0.13694955106930243,2.945708877761218,1
1.2363408692174545,-1.7730302424055986,-1
-2.1460507074988784,-2.5035708370811864,0
-0.9878137862985302,-2.1489814979958863,0
-0.7238301610072497,-4.724000827592259,0
-1.0170943576403757,-3.4942369360221117,0
-0.7151563438124698,-2.74330019623913,0
4.451464916370652,0.3805644938490779,1
0.4860603557631335,2.200664794378724,1
4.589161652819522,-0.6243336068240758,1
-3.8758222296958835,-5.308801174280678,-1
-0.4896857100920695,-4.019015730431237,0
-1.4939601632760755,-0.4983570641850568,-1
0.0902878256699013,0.7327140921554353,-1
1.83530663163785,-6.58335824584584,-1
4.606213355963036,-1.1141799048221994,-1
4.5360816258981025,-0.40263588242915366,1
-0.574830715383235,-3.853698220643824,0
1.5434334133395098,3.2329594744882044,1
-2.4089466354003157,-0.5437152167903897,0
0.1729827273325452,0.44109312003274165,0
5.134806995398988,0.7930965315327227,1
3.9406923265011313,-2.29940034543401,1
-5.088902526504432,2.3130609726107574,2
-2.3146385147902775,-2.013795337696762,0
4.733086404013685,-0.20432064784701226,1
4.863709960294428,-0.21425105253023558,1
0.011535990440826694,-3.6768723850938154,-1
4.6666173802670174,-0.8415289378643291,1
0.975681754471231,-1.7484912862315638,0
3.277985361184577,-3.462561689435688,1
-2.701059206928366,-2.545463261185807,0
-3.4199738932403374,3.546265708590612,1
0.681330531855984,4.492386361758178,1
0.8213460291632645,2.5098427869929614,1
3.332362633419379,2.2633954444419473,1
-1.0412414905414273,-6.132318413905537,0
-3.7971217009929954,-2.277335711964916,2
-5.346040419928004,2.0570912230428977,2
3.2890322665593072,2.586783420594801,1
-3.0612632403270124,-4.602835936678528,2
3.599217420245273,-2.8564376330292025,1
-2.5761510646008565,-1.979422309022821,0
-2.422627111217955,-1.8846721280851588,0
-0.7135798296508535,-5.701552856088935,0
3.1987529624690114,1.781743214643584,1
4.056032327390401,-2.5927635453357354,1
-1.9208826473184608,-4.256254256507614,-1
0.32974650759065227,2.872681629554959,1
0.5889107452955403,1.6281111019091756,1
5.178968103408718,1.3877381465607184,1
0.31267356824146625,-0.18895059451354437,0
-2.944941727589357,2.819548494249257,0
-2.5805908998568383,-1.521472392086327,0
-3.262333395111689,3.556684689067277,0
0.6606959626713593,2.8541360196507304,1
-1.6904289302284423,0.587076105167986,0
-4.806490545334851,1.4553205183642846,2
2.937332486190926,-3.860870123215478,-1
-1.274822375226144,-0.015135571221893296,0
3.356472839587649,-3.12912955951825,1
-0.9072867801365169,-4.890094144838214,0
4.699693187180855,-0.07381051148095226,1
-2.1163833143967263,-0.35949688717049133,0
3.4091311831455586,2.0314448933497435,1
1.0267621723480485,3.5008489986333293,1
-2.626496116441864,-1.2501325114669604,0
4.558185277551925,-0.6912516965626351,1
5.016705774416144,1.698292261461282,1
0.35897456397888394,2.701107381243019,1
-1.881871447285996,0.8615107890773406,0
-1.5542082979785534,2.62892042825452,0
-0.898121203098352,1.4626268488085652,0
-1.6853459462085965,0.4949911297408936,-1
-3.6777976455040293,3.4910322820994706,0
-1.2167905191378678,-4.456957438722311,0
-0.445482777653746,0.07540899606416228,0
2.975751320483968,3.157628052559854,1
-0.543676101489514,2.5416102755247865,0
-1.2512659404756827,0.25240896844180827,0
-1.229227702985916,-6.051030126768222,3
-4.028167009509523,-3.2557304335678707,2
-3.2993910146201464,-2.0074276571547798,2
-1.3577357409568334,4.501522776777633,1
4.651723221881776,0.045327282336579754,1
-0.18328921824861527,-1.373169310595681,0
-2.382530294924485,1.3032992505254957,0
-2.1863860112826465,2.096983673089501,0
3.778947808418789,-2.166371880033123,1
-2.222769696726465,2.576921395442534,0
3.929109721578479,-1.0983080708391288,1
-2.9875827216563167,5.056440908856273,0
4.437527864331302,-0.5205239542831176,1
-3.5909293847999524,-0.41722665711947143,0
-3.0273292586639933,-3.6409002196860945,2
-0.9433098458100225,3.345468249169619,1
-0.7543420443868595,4.161570741227053,1
-0.571483996243463,-2.94222264900315,0
4.396594932153057,-1.306212614046004,1
0.5042418958039183,1.1975413893191205,1
-4.256760367672442,1.6575383355260573,0
-2.0450386671840755,3.0417022963609615,0
-1.6794977353798894,-5.05566611729358,0
-0.9484027171168645,-3.3129086455694012,0
1.041032336018171,2.0313484483084108,1
3.574307176748746,1.221903690069294,1
3.2105347489646836,1.23322639006892,1
-2.2003058101211597,-3.5053038159418697,0
4.803026334681953,-0.06671290394404607,1
3.781038030868642,-1.102265866251113,1
-4.149740210667476,-0.6280489184981649,-1
1.727397711284383,1.9137288178025929,1
-5.233185734019799,2.5556913672544397,2
3.9717088994166083,-1.5046169734422412,1
-0.8907354054029002,-4.2592336507393105,-1
1.3591140839395968,2.123084098433709,-1
-1.1099230758111345,1.3088293779334081,0
-3.160882404245059,2.406349378127856,0
4.883359597007715,0.57687593690442,1
-3.383691445236018,1.9016879743175794,0
4.499858416823617,-1.0078561168118227,1
-5.816139969163952,3.9041369258238148,2
-3.75949578397004,-1.1512687670223254,2
-1.3319873243383438,1.0611081144026493,0
-4.792381655094848,0.9724764427734038,2
2.9754872357990507,1.6245517242738623,1
2.5920557840714324,2.9456444681357157,-1
-3.2703147625604125,4.934237085602722,0
-3.0746383275206908,-3.9556446325392995,2
-3.0563851145640504,-2.204853436828022,0
3.348222706449493,-0.17516452623438566,1
-1.8365701107028083,-0.6926086927537799,-1
2.8726135524942165,3.2266504659833766,1
-2.184494634753109,-2.706139074835782,0
5.129564095362183,1.3382865397338883,1
4.555979245504056,-1.0789858287952003,1
-2.888954646188456,-0.7120513922179806,0
-4.206145888113844,-0.9936854459316005,2
-4.005225731710377,0.49350010169225506,2
3.215273131721454,-2.537137449414013,1
-2.0961174243654264,-2.7743420738426976,-1
5.104760750743748,1.2091213210856195,1
4.120478153266548,-0.13778413493962016,1
-2.604882364281463,-0.8448281158680261,0
-1.5032982103237058,0.33798091884808723,0
-2.3969649566567157,-1.1059070388604368,0
-0.7389564382698355,-3.4091990037719855,0
-3.267130021340284,-1.5871766642211265,0
-2.583927697311609,1.16712523060925,0
-3.3998760829575696,-1.144113747764013,0
2.045039415632013,-3.4891564869491685,-1
-4.873301098224367,1.284676078642505,2
5.021404207281391,0.4009714475542346,1
-3.5532561831931804,-0.027754355780840928,0
-2.5959574469067817,-3.428413311016747,0
-0.9463689671853528,-4.7193401211803865,-1
4.706784152594419,0.31231970551430943,1
-1.4399102705152989,0.16958343450421348,0
4.309992367682012,-1.288836593345544,1
-4.58272467916828,3.176250557564951,0
-1.30139122371688,1.8993783203036148,0
-0.6011359926082986,3.756577529021883,1
-3.723670487312429,2.8800886614240895,0
0.006732028537894775,0.49409420613421007,1
-3.851335533944917,1.0722509059782062,2
4.8126144485758084,-0.7438104186888255,1
-2.3869179129740683,-0.4029858051428243,-1
-1.4695537105372787,4.140099636905408,1
-2.6788417076268174,-0.5829259853617085,0
3.99128107200143,-2.4524388270991984,1
4.452293469499125,-1.1199691022183118,1
-2.3244659988233813,0.6273914662640767,0
-1.0113429624830483,-4.598294231879527,0
-0.6516846527886327,-5.131303752187637,0
3.3359145479956935,2.654359204310571,1
4.511615461830245,-1.3953914846342714,1
-1.5425747911118788,-4.4177963142947325,0
0.030652972414740447,-2.256552406209617,0
-1.0053081531987056,2.0134870591429603,0
0.7219146500158037,2.830056451742513,-1
1.5845270591625376,-5.983937561460114,-1
-1.8905751995711324,0.9507922522364409,0
-1.1788648925866843,-0.5045120838952795,0
-4.244564572091639,-0.604565961466467,2
-0.6235917630880353,4.899467580665512,1
0.47253242096657294,-1.947050285643838,0
-0.988039507823217,-4.184114706141336,-1
-2.344046161214243,-6.756335129180376,-1
-0.8842744688028352,-0.4930845609439271,0
1.4426942642116436,4.022457825757813,-1
-1.5533758772689543,-6.481855376645131,-1
0.07380437685173023,2.402798991450271,1
-2.0104856987614577,-3.042472649504931,0
-2.60084063077132,2.4435691841714084,0
4.5017425091773715,-0.5961935063783699,1
0.6727491843539306,-3.120550043123577,0
5.040303576180648,0.5127691793024992,1
4.179651892225451,-1.2708366014395982,1
-0.31623970872256757,-4.2739576939089305,0
4.4793465421885195,-0.9311098794090233,1
-3.1094019102416017,-1.6905295990445826,0
-4.294351745801961,0.8153806763571834,2
-3.2737105515369347,3.172797861535616,0
-1.282972480616664,1.29657031961601,0
-2.2912976555922846,-3.492637359454844,0
2.7030911075594246,3.3117541472265146,1
-3.8135154102644524,-1.5016378860068265,2
5.236704511194282,1.4625351661894466,1
-3.4601896434563777,2.1886819370911152,0
-5.1490867369013,2.1653214919889656,2
-2.0072641618474365,3.139019615937153,1
-2.3271439900714563,-5.703803244489343,4
3.949013643804807,3.5897752452601104,1
2.3075321018076433,2.610290033989912,1
4.177655418295159,-0.6676249536970976,1
-0.17076669719166623,1.1353295683158726,1
-3.03730955588616,-0.30884072695511056,0
3.495261588179835,1.292460370702508,1
4.235167410028229,-1.9103176524724435,1
3.134324618978299,1.0542903566232202,1
-1.0725193371645751,-1.4693112704565374,0
-2.981379367947218,-1.2805920119300336,0
-3.1742545414750705,-0.3332953407450668,-1
-0.7052609074341495,-1.565489435760753,0
1.6172287083593126,0.44310939925418247,1
3.7619349272696287,-2.7639732560757233,1
-5.607915101048527,2.9893681065842137,2
5.38373579273546,1.0051731706822458,1
4.440536446452826,-0.8595415718940106,1
-5.516715160460257,2.6961158798287843,2
-2.5687229160880993,-3.106540863351824,-1
4.776680812204936,-0.7566803496490161,1
-3.7725534028569463,0.08059792371271661,0
-3.562756747462458,-4.104348800958305,0
4.166787860161572,-1.2423258065323943,1
3.5540032265232147,-2.5271975483920444,1
4.556569258238747,0.014474404517920458,1
-3.834902837135359,-1.5238458263255727,2
-0.10595388519013678,1.523736130432142,1
5.106247091687098,-0.04693850659909534,1
-3.2982898902254245,-0.3610120466941816,0
-3.7799511196888402,3.526678994915111,0
0.6181884193430167,-0.6871288504359961,0
1.041351859884567,-1.5692039187545692,0
5.657809227657429,1.650143533765289,1
4.529446345052153,-1.3162851356049632,1
-2.4056977656676435,-4.469276896328762,0
-2.73655719388169,0.4152690805561186,-1
-4.498101752560917,0.9593616922656079,2
-0.11109331790123929,3.751898056405208,1
1.0808146202980216,2.559277828785635,1
5.438354604279581,1.607280913237341,1
-2.912282325076348,-4.275392769569065,3
2.90912848768762,-5.834111073702995,-1
3.3137432897501347,1.4990195288932435,1
1.0320708993945342,1.6413135247804218,-1
-2.301047827547602,-2.3994678568361456,0
4.4042271220993925,-0.9404038498721183,1
-2.243762171981998,0.29402911295354256,0
-0.9732555711601677,1.1008997734995714,0
-2.200527004569759,-2.685929616146412,0
2.745995392327196,0.48364832636389543,1
-3.5137544908389367,1.6932291185741273,-1
-3.2133222549599143,-2.7332718930972426,0
4.550074257653357,-0.6411084469440658,1
3.8554656097889195,-3.4794428824406283,-1
0.7462357034892754,1.262287094502729,-1
-3.8129645223169777,2.789050027958033,0
0.4191040510240826,1.7589294094200474,1
-0.34337320266500765,1.121207176864764,1
-1.1649421534912503,4.156891794164711,1
0.3304635081658353,2.39613256574205,-1
-3.2608436015682893,-0.4293038237799579,2
-3.926026323009659,-1.3068040760630872,2
3.2112958861920777,1.4456966272750709,1
-4.49935344249362,0.48419264242684895,-1
4.7739133273865555,0.06655500935835107,1
-1.5772201685549878,0.6688198032458179,0
-3.601492656509844,-2.067019826568514,2
-0.9437836272326848,-0.6577251460397248,-1
-0.48194481155369856,5.405849230427812,1
3.12982690255321,-2.782230697931701,1
-0.08574494152122848,-5.144921883020694,-1
4.726898003049369,-0.3004877372903031,1
-5.096923898763492,2.927826566669022,2
-0.8439445471379696,1.102848113764456,0
3.237686923257171,2.364903775122773,1
-0.4339121014320559,0.5728505688306028,0
2.3150774100638185,1.768831287269251,1
-1.0480699480810598,4.713262440502512,1
-4.945015078429516,2.266260077395638,2
-0.6544691525792744,-5.683573650291049,3
3.29620637473,2.051647217391333,-1
-3.575127512780739,3.4915255848619484,0
-2.5441895291277046,0.8849346025998284,0
-0.9710900264503667,-0.19973048271613617,0
-0.8382928863590101,-2.47257640507606,0
2.666827995321223,1.4691498695653504,1
-0.057940469147826364,3.7172791588349083,1
-0.22008811449655788,-0.1331157349580325,0
-1.180105610524536,-1.7588829045181824,-1
-2.4925142184233344,1.7462712917674406,0
-1.9340815024574343,-3.0484002689019194,0
-3.4759383680268066,-2.254261644195797,-1
4.555864394760021,-0.5923743332420139,1
-0.9823839107426359,2.568117719461128,1
-0.631017938370952,-0.6310653812839339,0
-0.6378927065401853,-0.03174423024136738,0
-3.5436038708839424,-2.775434417694713,2
4.554556659428288,-0.7082380785432746,1
-0.06717491369320784,3.702858986963554,1
-2.3129862760596165,-0.07625143779905569,0
-4.511455208821078,2.3113950673257473,0
2.861259182147534,0.5611655085729246,1
-1.8705569060247935,-1.7061399027247972,0
5.100152782822212,0.9837181259144507,1
-2.438331508168622,-2.061098484879625,-1
4.167060401214529,-1.6909197521252792,1
0.6603520403909073,0.4459157319010384,-1
1.104583021436075,0.19819181881715875,1
-0.6500383684256672,-2.3025932528729625,0
-4.011086202759259,0.025131166115360856,2
-3.9600518203821387,-3.4112326481053596,2
-3.8515076647863697,-0.26417628290907474,2
4.2367470877030176,-1.3457225846279084,1
1.393646696720225,-2.2467067838446226,-1
1.7294349663786228,1.8312860456235052,1
0.6204830595669079,5.510234821999687,1
-3.751593852769604,0.027604336643375124,0
4.357936768295223,-1.0293445129202148,1
-2.852165797899179,-3.0808125259331693,0
-0.5881676393769647,-5.580062462575283,-1
-2.5932021869864132,2.1276107081283557,-1
1.7394147520998062,1.5930558085391386,-1
-2.1676164582754986,0.2461078971369337,0
-1.3999576210490061,-0.592038760226863,0
-3.3753343966734626,2.3310513552414784,-1
3.4857304312765436,-2.4116254320516606,1
4.776906934115134,-0.6187952295339785,1
-4.203141117683143,0.693201686279732,2
-2.409213699694664,2.2122407675420517,0
3.9543973113616513,-1.4393658934521072,1
4.767005139405793,-0.11968348323014401,1
4.789387043110912,0.5581420225420862,1
-0.37287386721596133,0.33927860192089115,-1
-2.7737260394772627,2.529886171284492,0
5.06384097761875,0.5608445879785272,1
-4.735835496058256,0.054556495602095925,2
-3.5823327653097814,3.534336145729649,0
0.6967679772611022,0.04753974379493705,-1
-2.2774963816038403,0.9411141099957023,-1
-2.0848422374966833,-0.7631444468362897,-1
-4.074903601246388,2.734614381687136,0
1.261866422373782,4.841263020476885,1
3.4632228393103865,3.1898974628688284,1
-0.8170908761735577,-0.22363002998252374,0
4.043808505152205,-1.7025498121684097,1
4.546993850287532,-1.071201628382181,1
-3.713183838189305,-0.5570927624914462,-1
3.740560043104138,5.0363948343253515,1
-3.1107335739237487,-2.4898952359705855,0
0.16782816845910184,1.5318427648215303,-1
-2.2417434743184095,1.3954220283748549,0
-2.3915725174553413,-3.329957814532853,0
-1.1597332607324284,-5.705511609475975,0
4.146914619196922,-2.3602780428654695,1
-3.372066807158456,0.1938667133046098,0
5.167212339950184,1.5271037618347827,1
4.590635829332016,0.3873188059131327,1
4.124165276344087,-1.3051632040734502,1
-0.33550136693347227,3.047293662270642,-1
-3.375650123035859,-1.0131490146500357,-1
4.367076943251995,-1.1449257971897158,1
-0.5925202047096313,0.36514625356283903,0
-3.1893274879489804,-3.0566591316385443,2
-4.351191541618164,-1.1527512293450224,2
-3.0013720232817582,-2.7904997979173323,0
-3.101272156090983,-5.124496973928582,2
-3.927506760318089,-0.8386105515731922,-1
-1.1423287711361647,-2.7717531096196226,0
-0.11615418107924642,1.6306717802904103,1
-3.8314400269056605,-0.9503769435440014,2
-5.091284902029757,1.152107877097617,2
0.9344339538107318,4.316242136969647,1
5.815158438047855,2.3158857376200204,1
2.3389834453146428,0.12761678844857086,1
1.3969006291689647,-2.453861482464617,-1
-0.4018666039165535,0.8030497074306531,0
-1.3819187205223171,1.1865867540499764,0
0.08139506318879512,-2.6831553094354104,0
-2.266835363486399,0.013304643355081372,0
5.6368205045806965,2.742782868937346,1
0.5129655910285548,1.143948929205805,1
-2.086242918453991,-5.8858372864879245,4
-3.8811953114061803,-2.7274604794650936,2
4.620025262692287,-0.4864415703578215,1
4.476777630001189,-1.2770846971630017,1
-1.514786002923764,0.5364790504481272,0
0.8003044115809547,-2.358970934622335,0
-4.212438929444843,0.5455299331076354,2
4.528346591814066,-0.9392773052909043,1
-2.8928150044163217,-2.5070240436741518,0
5.15843545865463,0.27398508462178917,1
-1.5367499249118435,1.4931438945880164,0
-0.1642288408851116,-0.5980466163567775,0
2.9004491248550264,0.05650532532193311,1
-2.0305326244944,2.755140801070295,0
0.048582834265368455,-0.8235393074990701,0
-0.9964185177792292,1.5871068402632538,0
-3.198332762155843,-2.7448297227290435,0
-1.0923576726523403,5.67003446875553,1
-1.658818800125347,-4.861719489821035,0
-1.9014345028505573,4.330493935467413,1
4.944440594660295,0.7946778107372625,1
0.002725869488690514,2.1220397316508413,1
-2.445722908235739,0.8731826736840527,0
-3.2331658698663124,1.689966248683638,-1
5.399033391446308,2.1342852319038177,1
-2.0323765628485,-2.7945821267020947,-1
-4.512110335688846,2.172370291086695,-1
-2.1098974462123614,2.016554610286041,0
4.363355237916628,-0.18364570456081597,1
-2.634959293132111,-2.8223575409916073,0
-1.3086465428530527,2.7466117789082167,1
4.515871584672673,-0.3363353173687772,1
2.129546995736386,-5.43920054692037,-1
-1.710968390922186,1.3869366100312994,0
-0.7565121780712231,2.7340892968382122,1
3.6924680550208646,2.3600858475988553,1
-1.4272603609269676,1.7054755233125911,0
1.0868235124971057,6.293647633494345,-1
-1.8608426088116288,0.5626688813415686,0
4.914774566400795,0.9131273393934611,1
0.021884045151564432,2.295064491054801,1
0.8766456190971603,2.1088111490872996,1
4.361452763040497,-0.06756151898689268,1
-2.0217531360559375,-1.0683938209781112,0
-3.6518843292482654,-2.2293893663153845,2
4.745287933305297,0.2697378353064353,1
-0.40579715617811335,1.8824499293026657,1
0.8684520795779676,0.33804216990704195,1
4.429736954206118,-1.4530961462181227,1
5.5315040083358875,1.698729637534927,1
4.20374163468031,-0.9089444212010844,1
-1.1828720435100164,0.4078645939213716,0
0.04102290533816348,-0.755924378496924,0
5.297126640237347,1.0788912092594634,1
-3.3076433791692286,-3.066737752507854,2
-1.8293160032420825,-3.486081087935073,0
-3.7572481953938928,1.6514916928679357,0
-2.4433967267679804,-6.7597979399561705,2
1.6019594468576974,1.8097752495108579,1
4.401097149186732,-0.40171787544119336,1
4.455133025113171,-0.04028119446158198,1
4.440704436725282,-0.47485175042766076,1
2.2182907635333846,1.6163421099899438,1
3.7909563902779055,-1.8414559652220053,1
2.0256646904572193,3.807836234211499,1
0.7472119252391239,-1.3209857680026913,0
4.681096760556488,0.7407816737390223,1
-0.708167199304991,2.283044005003888,-1
4.977191325464318,0.5675307847448344,1
1.7664482759356215,-4.273290739296382,-1
4.413879721841454,-0.9748753712948408,1
-3.7646656707790926,-1.0709213243094586,-1
-2.3488546003062725,-0.39323364465225696,0
4.304555048346188,-1.1716387198445992,1
0.3848226727978178,5.14819570825046,1
-1.8537755621529812,-3.385007451400242,0
-3.181590785835697,2.958407156663223,0
3.414815664833361,-2.745690158703847,-1
-0.5414013557335456,1.1083673647197179,0
-4.116556409031925,3.5659780550003317,0
-3.1343334905879616,2.6713297664553246,0
4.360335591570229,-1.1450505052012865,1
2.433542575394933,-2.3439545306688334,-1
-3.4650019564912315,2.8077975822157875,0
-0.0978754775622196,0.786556436749972,0
0.7348667133673347,-0.8690960420250606,-1
-2.1060261096870496,1.44644716936681,0
5.383057032601963,1.7130253008508347,1
-1.569785748558385,3.8340598817059983,-1
4.372882957146032,0.11640156155220652,1
4.518116986039193,-1.246750221063397,1
3.874464531673733,-3.241616873912194,-1
3.912902216347518,-2.276926768247328,1
3.5887303444966587,-1.9308656371022799,1
3.834547983054931,-1.8515248022131876,1
-3.7910372546545315,-1.4935372393871895,2
3.343014619468623,-4.7969516125359934,-1
0.3815419859976796,3.641430593036794,1
-2.6946760607855205,0.630668984496467,0
-3.744013467242419,-0.20466087837269123,0
-3.982208706063398,3.369482437194349,-1
4.816677899788379,0.5702615860589272,1
5.2135185409219975,0.6331781168929218,1
-1.6879609437727316,-0.14428999220727157,0
-4.160993789136994,-0.9637132306906938,2
-0.2827037174521964,0.4250034966438503,1
-1.7971086625661692,3.017010278209072,1
-2.3912863613454873,-2.9326260827674626,0
0.4107205276364074,0.7666245927071487,1
-3.222073393579798,-3.170690733251918,2
-2.5260279525596947,-2.4939292817900776,0
-1.418644688101453,0.22695376912082238,0
4.634985785669671,-0.34786567609806696,1
4.638782090255032,-0.03183154892785358,1
2.9749780974842452,-6.327842013249734,-1
0.5298906687754249,2.3073827127838746,1
0.1092213333674553,-1.5503892518804974,0
-3.0145458289958564,-3.5927518631753266,0
4.532463540706613,-0.26211929103001,1
4.911596282497764,1.3369796748291427,1
-2.454194385779047,-2.492461317414692,2
-2.583650945938276,-2.6832245109699047,0
-1.7614984868557817,-3.4721721281803393,0
-3.123595545562427,2.0830751590269627,0
1.5136946008801468,2.9676917102321623,1
1.6147095590009475,5.682527524239373,-1
-3.5756761708508766,1.1812350041914506,2
2.2554181875826855,1.7901521716015472,1
3.7792673064977995,-2.3155754735975966,1
-1.5253056164524497,4.690238907206736,1
4.265035340601496,-1.5456583755350135,1
3.131687457620824,1.5943311360986556,1
-2.016580777171085,3.661836440204369,1
-2.2274058011082047,1.5048356312382851,0
-2.0882854885147273,-1.4783783163156998,0
-1.479766409996218,1.9646867163124537,1
-0.8451730545409275,0.5867990442821106,0
2.368402271018109,0.6790268699501648,1
-3.182075926418067,-3.6588376992031773,2
-0.23741577714920112,3.2673130892649493,-1
3.3297650392317504,1.7517490684616188,1
0.2230199459231281,1.3317294018830528,1
4.035884037169709,-2.5241036155291856,-1
-2.806306706236651,-2.3820223160394143,-1
-0.8697341535142583,-0.35020459906009377,0
4.772566611086164,-0.9260924777153607,1
-1.5233318973776733,-0.6495879173156562,0
1.9015778597608948,2.3970327622172554,1
4.264607702210732,-2.0285741516296896,1
1.6502634368359996,-1.3764923114488161,-1
-2.48595205794222,0.18923837655889963,0
-2.2706110798624684,4.461384340414854,-1
-3.361845117310335,-2.0284525907573414,-1
-2.528718994578549,1.6592155126623072,0
-5.081708916282559,2.7419634872681855,2
-1.1205567170079198,3.514628241071882,1
3.8456231805836225,-1.6345514114495003,1
-2.373035682855538,1.0824865887802289,0
-1.4859469144230126,0.006065046638974378,0
4.441329892768601,-0.7673358073468217,1
4.891072790281024,0.18681140571376476,1
-1.6209546617538158,0.2471962291640658,0
4.826592269797652,-0.08701586762816858,1
4.1505961487165655,-1.9959664393199101,1
1.745272063878862,0.1878927981701609,-1
3.6936985811538485,1.380146490275224,1
-2.250615318687343,-3.7259338473771493,0
1.9311403899867914,4.3617367009216785,1
3.1938289226894803,2.05077106226787,1
-1.4537189220139526,1.7470997220863789,1
-2.4100404686310446,-0.47649716583512636,0
-2.482597427498313,1.8183469841002993,0
2.8686271860206394,1.9379359929890678,1
-1.2617810503987255,-1.6980940966856257,0
-5.612373504494086,3.6560480374259514,2
-3.594101634195418,-3.7429257118105626,0
3.93200072466967,3.1895165121994986,1
0.8164455490283176,1.2296326856356898,-1
5.567320033070724,1.5326694149366509,1
-4.7707232965918935,1.001631997958553,2
-3.4061664870755934,-0.519101577962696,2
4.344407607929533,-2.1865649918904246,1
-0.7885634103709738,-4.670223941690999,0
3.1085018628315773,2.9410307976168175,1
1.166284192539,-1.2131375824091972,0
-1.855894318160878,-0.42445175624764625,-1
3.505744437115983,-1.3458582782231423,1
3.4979365721999445,-3.4413998395093346,-1
-4.268019193373007,-0.02275468895037286,2
3.1509605277977193,1.39737403602862,1
3.490381849577837,-1.5373027976477298,1
-2.8898809332871673,1.496526203400435,0
0.631291623512617,2.579537428897113,1
-1.4407869461465403,4.770973507753646,1
-1.6125604749471203,4.307896098396904,1
-5.083600414466524,1.3903249595000422,2
-2.1834427558942284,-3.6700713056377663,0
2.701310232408703,-4.317581822662353,-1
4.653115550418626,-0.4972201215927767,1
5.1609496118099,0.219257779318613,1
-2.4108216370972286,1.1821842938025087,0
5.103020961082048,0.41354020396366137,1
-1.80894530400642,2.9233031547632913,-1
-3.3543524916284073,1.0850992720841974,0
-1.6935604216283375,4.568106642351177,1
3.1500301552372476,-3.0181112907476666,1
-1.7681917240457672,-0.8404397914491879,0
4.246453323350296,-0.8976898198087009,1
-0.18174016638611365,1.0603783315992077,0
-0.8762634655386522,-4.686145824765194,3
-3.307349841218369,2.4863594577208175,0
4.371579464385108,-1.1913263888769796,1
-3.5044682360582025,-0.9450850039930916,2
-1.445301208653792,-0.9263469262603201,0
-1.9912478001990548,-2.259551652839211,0
-1.4101920755916464,-0.10939231792252059,0
-3.0313259738648552,-5.22716061586885,4
5.324567610009412,-0.19480086186719275,1
-2.981544948676004,1.6325241510701263,0
-2.7075912761397913,-1.075945701527051,0
-2.832908683266483,-4.291396113509595,2
0.9061226841419348,0.7091681800671341,1
5.005382035049137,0.4752789025794909,1
-3.3410617810823515,4.573080126789376,0
-0.8157171214798363,5.190337652611721,1
3.5418605926296163,-2.7620551300755705,1
-2.3528218216326104,3.489267338259972,0
0.669501001464549,3.621648637937911,1
-3.1187944991641277,2.0828432198175055,0
-0.20243723782066583,0.9906479826560771,1
-3.485109419137739,-3.07774959628895,2
3.467742267948937,-0.4003170971907802,1
4.827113897802616,0.39733898329970335,1
-3.48234589437959,-3.0330646779575843,2
-2.791517475792429,-1.871504850137576,0
-2.2983898494504618,-3.8276970275614532,0
4.861414129830683,0.3639307744127248,1
-3.794299583099687,-2.1142718277183215,2
-1.647229710457887,0.477701975805675,0
-1.46701959354744,0.8617983119986413,0
4.556712310228012,-1.0365403202071066,1
4.207949705095729,-1.0692204070365152,1
-1.1827903733547342,4.593834904017875,1
-0.1960194421415601,2.3187748201936715,1
-0.2620257506267885,0.9378402505678878,0
4.637748568031499,-0.48352392617523493,1
-3.2396958951061245,2.3465407592650482,0
5.324028822647179,0.9777463743729307,1
5.03642363659062,0.5282600632299751,1
-3.9241013319748497,-2.7263636589827835,2
-2.2355048461027636,-3.7127603630381105,0
1.4037699463271838,3.4447738777771972,1
-4.173301092228262,1.4191167726568792,0
-0.7146547275554704,-0.4614153601305753,0
-4.3512056917413515,4.985162893925669,0
-0.26541149786342194,-1.767077502880307,0
-2.4445949787790275,0.694094086329324,0
-4.067950217420825,-1.5036811267879595,2
-1.6100288464437442,0.21369499521064117,0
1.7873766596724001,4.621475941293424,1
2.1568608210251186,2.2645920381005364,1
-4.363288004384267,-0.7873502489990966,2
-4.332793122250921,-0.27184161699392795,2
-0.7793789188771237,1.8854262587396455,1
5.748628509952708,2.259020670350925,1
-2.3668384525091293,2.365213350707218,0
5.228954482784258,0.7136211253754458,1
-0.9676791342618624,-1.9747624097938434,-1
-1.5380455695976776,1.3542314228753158,0
4.339725803160907,-1.5706523602104236,1
4.521412166823841,-0.8928957244051874,1
4.5419797572497655,-0.7587574622004776,1
0.17236748102890456,-0.4350189671038051,-1
3.4519470059551156,-2.303990245629882,1
0.45774692079706897,-2.874756464510385,0
2.9722501166732576,1.906368651510138,1
-4.955623776683895,1.6302731891653923,2
3.386864230614138,2.1608917970924697,1
-3.6104493768904997,3.9716643733442853,0
4.69172225077787,-0.5177356964522809,1
4.203376742158397,-2.0345090810910116,1
3.939112122243663,-0.6176105884734577,1
-3.6010610822521447,-2.1565762380242344,2
1.7123830128743684,-5.35100872615576,-1
3.3609095462560448,-3.223584168455134,1
-1.692216132657848,1.2355826734136228,0
4.585265649986151,0.8157508460394998,1
-2.6541207764633263,0.9055725513279602,0
3.649422155678447,-2.6257900256249167,1
5.140156286896349,1.3072983668423912,1
0.44633283669787055,-0.5998041844798483,0
-0.6009427682345322,-2.754527245026873,-1
-1.1304033041345574,-1.7273747276842375,0
-5.446949045347449,2.888035891378546,2
-3.957463039977906,-4.029220925769546,4
-1.16866664701513,-3.9203167278930637,0
4.630676633698873,-0.8825887349710255,1
-0.11788369465689884,-1.0820094537003357,0
-1.876869383812494,0.9624657246776303,0
-1.6118845120050813,0.19767522959419237,0
-2.6216346654901663,-4.346230541781907,2
3.3405458215439445,3.9213472502789557,1
-0.7476798377872232,-2.6735597503653183,0
-3.8844125009469126,-1.7669180758049945,2
-0.9507864863877559,-3.0586822393121853,0
1.0447765682276686,1.399495386258294,1
-3.989218247103679,-1.2915857511247943,2
3.5401451186797046,-4.258240659204338,-1
-1.5530061992138051,-1.2233999350092861,0
0.3778439293679399,-1.913709458567843,0
-0.19066745792857612,-0.7836914863312058,0
4.6616501495175395,0.14454140879214075,1
0.014150844672489544,-4.080402446512729,0
0.6913240446769501,1.5575523517888326,1
1.4648373556737255,0.9551885113978774,1
4.931632788671388,0.16817943787338546,1
-3.0952045862782755,-0.8691172976069618,2
1.1246267902199023,2.3167396971803034,1
3.9384838437714764,-1.5526786692967856,1
2.7021138045286555,-1.450099020849956,1
3.567064364462775,-2.1742210796986328,1
-0.0830801665440949,-2.6282883299461295,0
1.7233670355381054,-1.3161616379785992,1
-0.8042676182699495,-0.6647601455686155,0
-4.199293179774194,1.7964769326411325,0
4.662885560922853,0.5884477254600937,1
4.053542373958274,-1.1721439230750306,1
-1.8462708796391787,-5.188282630341898,0
-0.5959421248049016,5.79778387489327,1
-2.5705556501666034,-4.077729292248675,2
-1.8208417309038063,1.0466871329184129,0
-3.4053007614874904,-1.4548892947191423,2
4.594323230102488,-0.7251920443501796,1
-1.7557162391320602,1.1054466924835185,0
1.289026288024833,1.625766135416939,1
-3.523850176862445,-2.6188901990817355,2
-1.9962702581292173,1.4733079777422653,-1
-1.4147294116262605,-3.8086173894969377,0
-2.1340531115479555,-3.3911719356679537,0
-1.9715512630086311,0.7970399849966329,0
2.9745084568855744,2.222889544634835,-1
5.096784258573955,1.565107801603755,1
-0.8850011920441216,-3.2499631623770218,0
-3.886734168278205,-2.3684870959460165,2
2.3561259338529092,2.0324062025619196,-1
0.6759839031020656,2.503130545608043,1
0.28902839388902885,1.7980500233753078,-1
-1.918580646454647,-4.375728471697027,-1
4.659563013517753,-0.7223526274370353,1
-3.5399874197943233,0.2780727438094475,2
0.3818359123157719,-1.7968311107977415,0
-2.833461045438408,-1.8486316301574837,0
-3.691678413565084,4.002577987717752,0
-3.3656474391168363,1.7050307753836171,0
4.712833130554056,-0.6862980703394048,1
-1.2260148033702134,-0.6519903302395843,-1
3.526650444961211,-2.0112143017548325,1
-0.2166157857721113,2.291062097380414,1
-3.8722934890037224,-2.6035282552516557,2
3.845761243199271,-0.7412718288562253,-1
-1.6570943954909236,-0.7482965199213906,0
3.6977708696271208,-2.554840868941255,1
-4.003128551474386,0.21001181954242676,2
3.7627545659664854,-1.6594319898367405,1
-2.465786382573036,-3.9962820930837712,0
-2.8854803294985536,-1.2223333164158858,-1
-4.929586729140203,0.8472733481284618,2
4.309073471860115,-2.1943642623155943,1
-3.9120064187555768,-2.3151387797377563,2
4.193891930894582,-1.9436771981164316,1
3.7783950252233134,-1.83321710150278,1
1.8047261981775402,0.7623259934962665,1
-1.9262150133445928,-5.924400683972667,0
-4.9393785436451525,1.4837494458891027,2
-2.0807708107932585,3.5608280234177143,1
2.8304710411662724,1.2394016767283464,1
-2.804074526095803,-1.2902517887257845,0
-1.6029228237088504,-0.02314021986612788,0
-3.7084864310998094,-1.2328300625625594,2
4.443945528535566,-0.34043346802325786,1
-1.550073932719886,-1.4422866080773176,0
2.71854282224217,1.2159279681691553,1
4.440670760794792,-0.4781088876108189,1
5.101859421755309,0.7751916456663313,1
3.5591578753958837,1.6990217980982492,1
-2.90551942744647,-0.09747470311840037,2
-3.716097347082321,-1.5244948011569093,2
-3.4682784843831698,-0.5309221243737874,0
-2.687858797858901,-3.2764000925154826,0
1.0733896426965537,1.0779850802815707,1
5.124074842722699,0.5490430003050207,1
4.995671916041108,-1.1375634410050208,1
-3.6321279648379208,3.507126804644416,0
-2.1238301574398823,-2.5873460364427645,0
4.250644502663308,-1.760397449791947,1
0.31721200890004386,4.824466015194672,-1
4.387036646801856,-0.09527954962301326,1
-2.8690084969721203,0.8091241195777586,0
-2.053198822198386,1.5779904674540575,0
3.9988282390041174,1.6682508001523422,1
5.183009987718654,2.0968169253295295,1
-0.06568690025365222,0.18987880501700005,0
-2.5404250170829235,-1.0105624633096315,0
0.19340286921500785,1.6326935816871748,1
0.017580371241304443,-0.5539307044566976,0
3.1619173475162214,0.6895399774822093,1
4.359950171011923,-0.45742572377734253,1
-0.8900564819222517,-0.6196056793940243,0
-2.5143657699964743,-1.8477111729422948,0
-2.6713786184125747,0.2810711467785085,0
1.3065185205617222,-0.08764055292312119,1
-3.2429530885118805,0.13141543725637705,2
2.735141280734912,2.2539982287706595,1
-1.4228429039808463,-0.27630081774203097,0
4.763522134775602,-0.31025113030522744,1
5.426607463716706,0.5873599497289325,1
2.0029442563304665,0.7605021815564506,-1
-1.5412913101589911,-0.16919893343240217,0
-1.4839709391072486,-0.9435828444627297,0
2.6651471996419867,1.36635060764055,-1
4.461371173493267,-0.13787039158602693,1
-4.0893825117877745,1.7808481261653364,0
-0.484657813121997,-2.4610737178353923,0
-3.8592842142786608,0.004742580715810588,2
4.505771633208868,-0.9000697733282739,1
4.569880462517782,-0.6560417337424882,1
-4.226728044354351,-3.496892642347633,0
-0.5002736933892743,-0.5144514431437234,0
0.41231497506321607,-0.46542002472614696,0
-1.8520130043958827,0.24888383234033618,0
-0.9543024960420005,3.948135876351496,-1
4.412864589537922,-1.9040607008822505,1
2.03562960646957,-0.10553725078557223,1
4.765611809987914,1.15997080575394,1
-2.8421388152255624,-3.0871773087432786,0
3.8229094131297123,-2.4034347235692066,1
-4.319806598513554,-1.2344045309502103,2
1.017762337432225,-1.1738359818634192,0
-0.45564319095462846,-0.8298088293258494,0
4.237063455993531,-0.8108676901605226,1
-0.047716186268325175,-0.8038822607529746,0
-3.02348995866016,3.482586513239941,1
-3.6211720559308014,-3.614830674550387,3
4.466532456362148,-0.47032377958314403,1
2.0362117675575937,-0.9798998554882634,1
-3.592049641603997,-3.7048176850023484,2
1.123751003161824,1.4952096512278137,1
0.05272969699344131,1.0001602881920355,0
-0.7343186888420776,-2.412282890829841,0
-0.08430249775099415,0.5884751511094561,1
-4.106052572727558,4.669906754643199,0
2.869423700178686,2.59534976367944,1
-0.36305536895996493,-5.275031865841403,0
1.0150036215592633,2.8701299994500005,1
4.386219350915508,-1.3643119892332516,1
-2.1221051847619465,1.1709428033832088,0
-0.7093126525540087,-0.7687196283571809,0
-2.5890843676094484,-0.28368328174875557,0
1.720729952691884,4.758697210664184,1
3.226788549626623,3.141827940589316,1
-3.1085840466936165,-1.61280283211698,0
2.8630590842816406,-6.108464921551739,-1
-3.491685593664812,-2.407129702882978,2
4.370250634586756,-1.0177718876149195,1
4.3745240076225596,-0.6005283319628171,1
0.746168046079647,2.258389152684392,1
-2.570154332551923,-5.157752439481353,3
-1.173472533860827,2.5013034728667827,0
4.962101158911563,0.7702858103510081,1
-0.47873895474304445,-1.5410019104308794,-1
2.389784253959605,0.35990618943674324,1
-0.6109887539315637,-4.837853818897878,0
-0.5278772322983067,0.5932445566433684,-1
-3.2623649608189056,3.8799194288832517,0
-2.5502958314180826,0.35994371456226876,0
5.0483402112811895,0.9015523298835726,1
2.841420998122506,1.4527211872469872,1
-2.502580437395025,0.09300779548713424,0
1.3424319908328577,-6.367768926362333,-1
4.74525392022928,-0.22647610205832713,1
4.621645797850047,-0.20492885029567248,1
4.3825831420614465,-0.3976809490581062,1
4.5176786181039175,-0.9555491735852335,1
-4.888412163868738,2.302330407434344,2
-2.9810910881007824,0.8221206644775093,-1
-2.7757263212376637,0.13757101432252278,0
-0.7837676606051606,4.64951779550527,1
-2.0469323708985447,-2.9409947791132836,0
-3.536729393833986,-1.9317757271021647,2
2.849039576614953,-3.7044964363918758,1
-0.9115668309011817,0.6990656330194505,0
-1.6945053942591295,3.683521914511521,1
3.446883245164875,-2.679378358247209,-1
4.718165424100697,0.04630545816976273,1
-1.8500300338929025,4.176057486925411,1
-2.4924375419320084,-3.9454877597475164,0
2.4784278311794234,3.062261278311544,1
4.807367565549213,-0.7269385588445519,1
-0.15233442528653993,0.5054283054344757,1
-1.7463595062053636,-4.579719856348299,-1
-0.37654205478724606,2.4746346069159446,1
4.476530520290519,-0.5825220368231898,1
2.768909084784073,3.1868825543079478,1
-0.03507515967493242,3.0047182277325453,1
3.8843624031440798,-1.2834728297165332,1
-4.557134307383479,1.2919936860419998,2
3.7202979911138563,-1.9473747541988098,1
4.219544366547138,-3.5682946123384323,-1
-2.4063317392548553,0.0969901647437451,0
4.616156211847042,0.4009604511020111,-1
-2.4072650119100225,3.6168337172913634,1
-0.6261191121531109,3.947357465483604,1
2.0816279726748665,1.5036660982688692,1
-3.582941460499789,-3.206716301038849,0
4.816344136120519,-0.053573418807205335,1
-3.1849551589221448,1.1699329074303157,0
0.008092173705154788,-1.66537115788159,0
4.754530855742244,-0.058921232501542124,1
-3.437469115241368,3.125660734523074,0
4.6574878693372375,0.4870521556858685,1
-0.1589150496534962,1.039791627296568,-1
5.29189593589542,1.6905060328671377,1
4.488903405150333,-2.1757539433969546,1
-2.510915729431969,0.6167853063170909,0
-0.5055103620884737,-1.419355761321514,0
-0.3550471230083484,1.0825521974486576,0
-5.267881774419145,2.4238307414265554,2
0.39522147986238415,-1.0156762995866484,0
-2.261641017065573,-1.9476205915508673,0
1.406218799899656,3.862140291264514,1
4.867093422777019,-0.08081182125775684,1
-4.547969446815514,1.3014813732351338,2
3.244411017078854,1.1260681475314636,1
-0.9124649211306659,0.489317197128224,0
-4.360229028295707,-0.8400826072006642,2
0.02175223715594278,5.294446310305484,1
-3.1497646480879213,-3.162535042629473,2
-1.24349672251564,1.2318682456530168,0
-2.321511595856731,-3.468653852780974,0
-4.1547613896508135,4.57769522880168,0
-4.297085629042,1.431113383823188,0
-2.7163237337296215,-0.11794204537982252,0
3.911928696161892,-2.1182176986049206,1
-0.7007522139051345,-4.119332183773663,-1
4.897519131437857,0.1918795521015221,1
-2.002206237867766,2.5811179773592334,1
-0.6693323717426526,-3.7554202821441516,0
-0.7365701155206834,1.7514186036154007,0
-2.800808027872396,-0.21597341082260826,0
4.413815670716722,-1.9356038843477512,1
3.1692053695248235,0.8921896133817363,1
-3.544678606776427,-2.1528831350215207,2
-4.196667717610164,0.360829647504062,2
-0.7854304528866858,-5.387503089617742,0
-4.738447690197032,-2.328249016458421,4
-1.737591027104323,-3.5642031102091147,0
-0.9340267206706264,-1.3577173449969622,-1
-2.1256077146121823,-4.232471325238088,0
-1.0941768256745255,0.3119256598288348,0
3.150030078317275,2.6753576259241116,1
-1.3136816760331698,3.030326623488166,1
-2.5810804873364304,-3.1155423406849896,0
-2.582922285595601,1.5371842507723903,0
4.872748506165796,-0.23832546623060102,1
-0.344945810059014,-4.053179102645997,0
-3.369567266465821,-3.3558155076084186,2
3.420397690672324,4.088006588538995,1
3.7234516479583633,-1.067353250992155,1
-2.4248740177876353,-0.6217684370647989,0
-0.3326103032537307,4.408360306119154,1
3.7561672953738423,-1.8071896493152093,1
0.26792736895025493,1.0689179407940017,1
2.3448404665658154,2.8779916700671873,1
-2.1543258277267308,1.4244147363742112,0
4.7156591478722865,-0.49029066853760844,1
-2.218041686259717,-5.090052070415161,0
-2.6426996541111243,1.373348192261574,0
-3.0579994044627083,-5.056841057124324,-1
-0.8446982433590442,-1.1715649643315993,0
4.040727612635829,-2.2714259521330664,1
0.9264780240030781,2.0699170928203654,1
1.0472908140573862,0.16195371686047064,1
4.621801824440684,1.3522068590582246,1
-1.9886917465586504,1.2402963992869924,0
-1.286622002962339,-0.046203758509220524,-1
-0.9026611398446656,-2.2718933635640397,0
-3.318948169083912,-0.9428507411734435,0
0.3443046352077901,2.1808803343367016,1
2.478836561613269,1.1721777176731967,1
-0.43632060094699426,-5.183216229436264,0
-1.1632448976436869,0.8441479565355168,0
0.9348181239578447,1.5759722779192853,1
5.498712109175166,1.7520883105791296,1
4.801635234651667,-0.8139521621767501,1
4.3817243403153,-1.5496355804688553,1
4.64237379726477,-0.7101799676054621,1
2.8282253217650926,-0.33917806513210536,1
4.471030336636636,-1.0995514472051875,1
1.5608890144870935,3.885396675577463,1
1.1579739444171135,0.8120013136916193,1
-0.12455613350907323,-1.2564573443493119,0
-4.052327031749474,-1.264028340641619,2
-0.8756347649189892,-5.5807604233512045,-1
4.549040139850489,-0.3400635374731652,1
-2.332828829607783,-0.17580467621815896,0
4.985352957921371,-0.15879380063377907,1
0.5732985971650817,2.1427053311058937,1
-0.7322523205981439,-6.724939821166619,3
-4.471318930991906,2.3360249675949527,0
-3.922597208697446,-1.346881524176116,-1
1.937780925753772,-0.7566851922327134,-1
-0.7154866624460092,1.3756549550428199,0
4.543598170882618,-0.17790179103764825,1
4.87467705329415,-0.006951202933218625,1
-3.9487751653344665,3.19168831941495,0
-2.909152919462348,3.3711992560629165,0
-4.9682888847471105,1.3107152502955215,-1
4.272082527951062,-0.5385628599579867,1
-2.2068862640597207,-1.011299030682751,0
-3.2063304825386734,-0.6818048673842946,0
-2.6717710064449887,0.4324450211259962,0
2.8355993543963054,2.8635674846389025,1
4.518847171168882,-0.15670557782935335,1
0.5500605529491921,2.9532144069901785,1
-2.0694791088835602,2.4260099453540076,-1
4.3578306703942395,-1.0764969285821584,1
4.43472074093827,-1.3595339424216062,1
0.523902853685099,3.6328511400293952,-1
-1.7286981715182994,0.743334839765159,0
1.219394453843503,0.5800777497448164,1
-1.2074158528206895,-0.2213075715068274,0
0.4809996955673499,4.325223908163236,1
2.2928012620428104,-1.7323244751280718,-1
4.255821942378373,-2.0126228893835334,1
-2.7891488549902523,-0.4066368943740097,0
2.3224576361291156,1.3676132687113973,-1
-1.2496571404922794,2.5885352393859735,1
4.101030839153779,-2.4019613902962433,1
-2.0545137059601988,-0.9559183920344106,0
-0.5052387975930817,2.241386065681759,1
-3.140247880288894,-2.6079359115187266,0
-3.987645171014483,-0.9018231205317778,2
0.8389667959728626,2.4631559662806404,1
-3.7239003814561906,1.2963867833234841,0
-4.5039743100061695,1.2433083726679945,2
-1.9377014767677287,-1.0491414908411414,0
0.6274908168493188,1.0467416494042217,1
4.749098436961266,0.9069935499466228,1
4.352527520847537,-0.6787343127141781,1
5.424741295430831,1.395129374669177,1
1.4045125892718255,0.37463077134274847,1
-3.5326583664429694,4.128182622906991,0
4.261912594109659,-0.6759718735771477,1
4.359966582102764,-1.6135300474970784,1
-1.545249063109528,1.0537117721860716,0
-4.017235867146022,-1.286256297372978,2
3.7841943418614825,-0.5574356321128702,1
-3.1546253558743738,-1.3428467008129321,-1
-2.16608157366957,-0.9723901068688753,0
-0.21366655879426474,-1.325778875872375,0
-1.605773805644581,3.0740521024107776,0
4.937790873556098,1.0068944317753672,1
-0.5814872858642947,-1.3919957373748686,0
-0.8687993098917219,-0.26662994124524486,0
0.1606513254254575,-1.4402768259575973,0
-3.194962944283862,0.6452263344972197,0
-0.9208902486948607,-2.665343900168717,-1
3.2246672857030365,-1.4846295850431448,-1
4.629583043785355,0.506462892044897,1
4.8827776240965735,0.5394247704172764,1
1.1358248312444277,-0.15200645920392908,1
1.6901879904996664,0.9334309085823571,1
4.982750339105875,0.5014728541634655,1
2.328696023958018,1.1875606134890397,1
-0.8636952745200535,-0.8654316128630806,0
4.309238916485311,-0.3090713679231291,1
-3.8458659055692226,1.5514740689081636,0
3.572196467755376,-3.2859644196812874,1
4.6750913491074835,0.5254863221654562,1
-3.7959768195907366,1.2251493212991205,2
4.589583459577877,-0.4578985608770085,1
-3.537072483884446,-1.8273317928758845,2
0.29927458508193516,1.979246244739057,1
2.2568900883328435,1.582412506782124,1
0.31204415924509027,0.9428294638308528,1
0.27325479612239917,-2.1830323317315186,0
-3.7733344218618785,-1.4149576202586776,2
4.767772262051378,-0.13334371662209377,1
-1.6258610771533237,2.9617387414064753,1
4.198335077265113,-1.863160079223541,1
1.0761998195167921,-1.8994423029037926,0
0.5583951211256568,3.217834079916755,1
3.76007444754384,-4.0782025149889165,-1
-2.7404031781886244,-3.7571488354788625,-1
4.867507767413763,0.11803151984475627,1
4.248613316651287,-1.5464545689364786,1
3.7583132362399083,-2.4906232047803276,1
-3.116579655736503,-3.982216943428199,-1
-0.808555232010523,1.8037035901170613,1
3.7667109512274117,-2.7175429079042557,1
-2.899494797604505,3.514395729826154,0
2.069421135132114,2.5552686462465433,-1
4.44012755862537,-1.1084302141176707,1
-0.9939641892796802,-4.6964982513150035,3
-2.085289008996553,-0.18025657124929,0
-3.241463928301074,-2.1002323120585964,0
-4.830634239483117,0.8719919335260056,2
-0.96636739304747,6.635376088342355,-1
1.2240688806526132,3.4260647656758874,1
-2.442709629311794,2.3322457640359135,0
-0.9477543255291739,-6.3199184539904065,3
-3.2065227479820493,1.3502649507183644,0
-2.806664417871969,2.3074790048830773,0
-1.6834975537422032,1.1384235542286878,-1
-1.9989969930463989,0.5374510561509267,0
-2.2967846223851742,-1.9212564620908306,0
4.711695978817946,-0.09255928399357648,1
-5.241296053603477,1.755741231144075,2
1.2825757514601026,0.680635430351759,1
-1.4217963939181364,4.807889632420177,1
-4.90657994989518,0.859882375917903,2
1.5946923102809683,-4.719852669108799,-1
-1.35809117986198,4.058868365416439,1
-2.242827387153618,-5.121691614718633,3
5.000271953873471,0.3720394085954212,1
0.8248953734248157,3.1016839468093855,1
3.308544208997248,1.6779669757668874,1
-3.5866655238203333,-3.0190726525593767,0
-3.1937243474928287,3.9014470201465223,0
-3.3287691440674787,1.9733210300374542,0
1.1357399495279157,-1.3924491185742243,0
1.9359965689659155,-6.450812961902945,-1
3.6988879871344404,-1.1647457821575509,-1
-0.5815043431792535,-0.9533003774420435,0
-2.32322632594048,2.912657937644975,0
-0.412008511106657,-1.6893862130929127,0
-3.1423871007778628,1.6115051143486148,0
-2.4979421120540017,-0.06657954923331341,0
-1.0519648704737112,-1.7759156432578471,0
-3.620746246229026,1.6162523884674398,0
-0.8009046160343458,-0.185129697363319,0
2.6771042552339988,0.52317866549087,1
-4.411140919878565,1.2166561225823647,2
-1.7886108375503758,0.3613612471273711,0
-2.459400026149772,2.6783479955401526,0
4.768584583576027,-0.44219746865321036,1
1.449166263621611,3.4275046060822523,-1
-1.8108662099364259,0.8976436288981224,0
-1.8550434875760604,0.5055155561936772,0
0.6370268238295342,-0.9997444660572776,-1
-1.3114887127423027,-5.509980594389155,-1
-3.1134382972629937,-0.21187380066199069,0
4.873120297127684,-0.7731821281200189,1
5.143965815087078,0.8645060106172259,1
4.186102882142973,-2.0112672848916224,1
-1.7443121979203027,4.129721341432034,1
-4.2759214505828895,0.09712734886751588,2
0.5016053501086468,4.610925707632035,1
4.991526418458053,-1.0402322207855152,1
-1.6862547843416111,1.415568801183463,0
-2.232390761398163,1.2197244857731127,0
1.447102298992765,2.117637393905385,1
2.8301854326074536,-4.04670088111614,-1
-3.663408154355708,3.3109981089545117,0
-2.1510840538825713,-4.353461440312228,0
-2.6116186369116594,-2.092229766306068,0
3.4069055248493347,-3.675068466640869,1
0.364585890115875,-0.8363841693518526,0
3.6072064895036644,-3.281299366312655,1
-3.7004701910433666,1.35246695666403,0
-4.713045662018096,0.1488625565203348,2
-1.2345827667385272,-3.4951053306832565,0
1.1145979328972062,3.7635503659769274,1
-2.167711936321315,1.1705501737903823,0
-3.572056903618747,-3.3315259416732093,2
-2.5097096066194204,2.4008943835452836,0
-3.0471073326186624,1.5323941081639831,0
-1.5565145271698468,0.7158837664951965,0
-1.3647673966959462,1.8341325538235198,-1
-1.950763845644882,0.6741445372304464,0
-1.5328499982085668,-5.368359563089475,-1
0.6614502536954946,3.1645297577300022,1
-2.9511203620064466,-1.3274167093477445,0
-1.7247737530797034,-1.5161662485207763,-1
-1.9064547639678555,1.297520862393861,0
4.509562707369837,0.40666281746413013,1
1.8074085182388273,-0.6391064076939937,-1
-4.034710289695139,-0.7813378367804129,2
-3.192730231995635,2.3035617397391195,0
-0.650441975568504,-1.6320690939921703,0
-0.7861601376375459,1.6440427756824443,0
5.772850506838075,0.8183807970082638,1
-3.0168446574456813,0.11156933675639018,-1
0.16036386548095605,1.631093011028212,1
1.2039744019874201,-0.5220913680348095,-1
4.336843756765803,-0.7667850865713081,1
4.67729438491398,0.08040243168723378,1
-0.20798302453769435,0.5174149959241374,0
2.1885916427970176,1.924822808404606,-1
4.513073032189561,0.622161108260026,1
-4.071202419245614,1.282358749913325,0
-1.4851178571141619,-4.139963863124301,0
5.318561106656783,-0.20822316695624732,1
1.8941312905137464,1.471945057384295,-1
0.6484932260006353,2.2437066928410756,1
1.8820677412799571,3.3980797435995087,1
-1.8787723214003669,0.7804551904223135,0
-3.1028788159965157,2.1201702388356196,1
4.37923568018109,0.1936787107092902,1
4.326827019935284,-1.2406320143912266,1
-5.293969749182766,0.0497290340806555,2
5.361669051490239,1.3935954186816177,1
-2.839648458746249,1.2037422078425042,0
-3.094755693964685,1.9606209864295066,0
-0.01615142202854182,1.8923325875477568,1
-0.45794707877758795,0.07207964442228602,-1
-0.5841012558629979,-5.783542295505198,3
4.36465042400975,2.168739645452374,1
-1.1621947553650909,2.3531446936605938,-1
4.87094291264776,0.3534951491043468,1
-0.7729767416920262,4.312838602880004,1
1.445761443022145,-1.0215178505251248,-1
4.95584185605981,-0.2534297945245517,1
4.638578360885574,-0.1234271093563498,1
-0.15888841312519728,1.544750815612816,1
1.782406923946543,3.9215985907386766,1
-1.357684694840775,2.6756562069298626,1
-3.991870327275364,-1.8254271134142768,2
-3.7238201248123737,-2.341362376577546,2
-2.9576460431562235,-3.865017678126501,0
-3.3795751329762678,3.022286287205118,0
2.760395649439347,-3.181519323771123,1
-3.9835144667299303,2.809954191068043,0
-1.1362770725620492,-5.30258773459611,3
-3.6871695597509646,2.701119413931552,0
-2.033570885501981,1.0304642100014274,0
-1.4419566469474674,1.3487420894952924,0
0.5325334728443432,4.290420619323787,1
4.386722568129923,-1.4952593693576748,1
-2.2743628139663024,-1.8116239595598242,0
3.439209714133937,2.9295583990316025,1
-1.66950443943719,-1.4400012952736696,0
-2.0085740868224473,-4.050526573484988,0
0.2394808144827529,-0.30717164615706777,0
0.08506414440972405,4.2338975384286,1
3.9128581139002905,1.9799362320454343,1
3.0984437254123867,1.7438202947034511,1
4.677834626181015,-0.4923039100076298,1
-1.5461642000410536,-2.6968295653233807,0
0.5402544484072486,2.4818393205863654,1
-3.95989953200525,-2.167385233598722,2
3.486678186801272,1.4297904443261644,1
-2.1167669283424853,0.3629469316172447,0
-1.1089366053450131,3.3576987823890647,1
-1.9423496161553033,-0.8583004294919899,0
-3.3599095098418337,3.6063558003064897,0
0.7081464305019054,-1.22775245884089,-1
-2.3390544273113942,-5.504827280039367,0
3.334180987112968,0.143483215398763,1
3.659492680794333,-1.9574950352707041,1
5.320140530972639,1.5538617560289432,1
0.7393498648261928,3.1074423851421034,1
-1.134014442084714,-0.5197608080243115,0
-0.4664382712909147,5.145061180536405,1
-1.1526878308175141,0.9041749997343076,0
1.4228966801336056,2.812109570977328,1
4.663524067669803,-0.7460126534271903,1
4.886455515725408,-0.423258300703434,1
-0.09649227473923828,-0.7802305304068414,0
-2.0268372126946934,0.6855556534313249,0
-2.2981507582487795,0.3091551425291422,0
4.488512264761214,-0.862917996770544,1
-1.6886737236681686,0.2353066293742599,0
-1.7902450086133277,-5.128075627150789,0
1.0828659852824016,-2.127563439951379,0
1.2128945498932944,2.1906799852721814,1
4.236270915707771,-0.7477001598711295,1
-2.6924878581608818,2.5358474264221247,0
-1.7899082886002828,0.31192641422515754,0
4.745611811496107,-0.024756706801465515,1
-1.8721160474638827,-2.273196825695416,0
2.145683517678855,0.7792377922604169,-1
1.2793317281768126,-1.4912640154833998,0
0.7894260120478429,2.793546319763773,1
2.2436269550328927,2.6247441739334367,1
-3.1871335192518035,2.5157142953806706,0
-0.8416632857661706,-1.9196348494531523,0
1.4371133017827842,1.504620192271411,-1
-0.6168648548438965,-0.8105146687267177,0
-0.6086792837287972,3.352747073268523,1
4.968405545745599,-0.06994608148936816,1
5.053484120330466,0.5852873383577119,1
-0.24734111419744395,1.0431902911904414,-1
-0.09919697897746436,-1.634612978594752,0
2.5056973730013756,1.1501938677712662,-1
-5.13175293607511,2.536546562953757,2
-0.772977347334404,-0.9941955402439839,0
-2.6680948566542586,-1.57528781841537,0
-0.24937742570567276,4.350065268958615,1
3.3447286752286627,-5.076894853435051,-1
-0.5651677555871168,-0.783558131382537,0
-2.7632674451478945,-0.35757850618416237,0
1.3217158554451747,3.866899934414472,1
-1.052462437173543,-2.5677541189913997,0
-2.9263920555586846,-3.872551696179496,2
-0.9175487786409185,-0.8615361152662471,0
-0.29987381212133585,-6.429113645837071,3
2.2502391319543125,2.767610851831466,1
3.5200950818930608,-4.048603205858007,-1
-4.581616617103756,0.3859716632680476,2
2.4544721916239887,-5.308684778743276,-1
-0.4132341345402802,-6.635227331118801,-1
-3.768423104693231,-1.565919833040188,2
-0.24073530669967697,-2.334879382997774,-1
4.438994971322244,-1.6725301627073639,-1
4.299137584558008,-2.0375709465371936,1
4.4208145750273,-0.9109404668314338,1
-2.666964875007287,2.325913175394532,0
-0.10964165128305776,2.476291461361194,1
4.336301429181864,-0.5901698250980336,1
5.140395769688483,0.38991421995030273,1
-3.177152654303975,1.2922801887789404,0
-2.0831460078051065,-4.824058295278504,0
5.1671259452354255,0.9216451037109715,1
1.5293567227360607,2.2580518065864386,1
2.0156509139154464,-0.5930251320614832,-1
4.96352344602807,0.5431246095078276,1
-2.3924084128048726,-1.1105409594365097,0
-4.3678036568618905,0.3348754616984597,2
3.343685705706949,-2.3616582085877087,1
5.0083103707154155,0.42509750372656113,1
3.473501712302302,-0.5732856495942175,1
-1.066951514673929,-0.5681144891897429,-1
-3.550882654934364,-2.9670074456283233,2
5.208290526713101,0.9588272854242572,1
-2.794607441546074,-1.3971925695018208,0
4.886869038751842,-0.45563641224763923,1
-0.4415661195068455,4.5775621142737855,1
4.788285297717106,0.6857602508110506,1
-0.058076365108690506,-0.8305728878761951,0
-2.144578457589367,0.203375436656409,0
4.604369934888855,-0.8219615033643212,1
-3.781813352759439,-4.41641477836208,4
-0.8450931696608289,5.678686061700293,1
0.5737045595623498,1.1646086575129184,1
4.779929207431371,-0.07778225126389983,1
-3.4922625007919565,-1.7084811626134595,2
-3.856364607429777,-1.710682752728628,2
2.854325769159718,-4.483590862387487,-1
-0.1587974308819098,-1.081205202899144,0
-3.3739474947413974,-5.157755953296845,4
3.474703978149141,0.4349904252273867,-1
-3.6268998423389833,2.298355397201,2
4.512793921005918,-1.4246254852340532,1
-2.0690602598665113,3.2415497577746857,0
-1.164096635564568,2.1971969317103284,1
3.9121630043049733,-1.1782147865457298,1
-1.357985896512613,-0.5479123378946499,0
-1.1269400837939498,3.6913034841138703,1
-0.944410461508336,-0.4655383780045908,0
-3.393283875573747,-2.2563114723499926,2
1.66939821889839,4.859370938177738,-1
-4.241976432015569,-1.587284033402084,2
-4.810688085358501,1.880438103596108,2
4.494913997699899,-0.24401714467377061,1
-1.1714766333437596,1.0458556359603364,0
-4.485038860284868,0.021735205314962855,2
1.9804071912869716,3.979661579310058,1
-0.8888254404565257,-0.5223969949383691,0
-1.2235333394903132,2.9055479322540405,0
4.797850962486914,-0.6568156381156787,1
-4.229033123211424,1.364534316990425,0
3.3176184438817513,3.629220447877578,1
4.7330152619155,0.30807974787205744,1
-3.4082563550673886,-3.8137472976608713,-1
-1.2917549899587355,4.723778694267768,1
-4.664952028576822,1.2886799623254275,2
-1.4216496617740926,-0.37178337294786085,0
-2.2855786438833317,-5.859267767429456,2
2.5750678356245547,-4.314556911132401,1
4.0647170438920615,-2.213824792531773,1
-3.9653392060543102,-1.9492374406452257,2
-3.3249085052627927,0.3486127530350281,0
-2.6229670731216306,2.2998727243081287,0
-3.657016849317281,3.6877109362221927,0
-2.5244932212048496,1.8716238965695635,0
3.8932226409700337,-2.1938776818951227,1
1.6492130558788747,2.7722204079177075,1
-1.8531129547764678,-1.4956638838064853,0
4.277896882854943,-1.625583525003691,1
-3.473204163035504,-3.645419332940454,0
1.10902677613474,1.5556046760825237,1
4.484801330263148,-1.2464300699764734,1
1.10109425638061,0.16986199707980074,-1
-2.77728524827548,1.8534611065986974,0
-2.9404082883025238,-0.1333941391634714,0
-2.927408246708807,1.5126511248641674,0
5.047371600679224,0.8878700078897422,1
-0.7727765562794638,3.694372132622861,1
-0.700158952995955,4.051636927446006,1
-2.426890549967894,-2.3567010929672825,0
2.4144574951318143,-1.0776350334282172,1
-2.180974108720836,2.8195639347047137,1
4.666266156899191,0.00382455165571275,1
-3.2352888959778965,0.7364877631048543,0
0.6801573481113741,3.511159859359192,1
-3.797307806844947,-4.788385533484273,4
3.7325481785056183,-1.5974417482730132,1
-0.256706973312056,3.424219227736693,-1
4.88889698708816,0.10510749046845899,1
-4.165483824838756,3.2029227855576266,0
-2.23565116382563,0.11462170111852071,-1
3.67471523535279,1.8941110176698803,1
-3.9978897557637008,4.292082953856317,0
3.755466983447377,-1.5362285705971348,1
-2.8887034152244766,2.2387157135922533,0
-2.367246123892878,-2.6722672265604825,0
4.059807180026376,-1.4690340417137022,1
-0.02122903109562026,-1.903030148485714,0
-0.9861786046902217,-4.3858916741566984,0
2.7845580647464376,2.2010557501705397,1
-0.5686420601805767,-0.4937295322621861,0
-1.0918017559333766,-4.252395624851971,0
1.7034661425790765,2.866632848869312,1
-2.897014854067845,-1.2753279466182081,0
5.103968986145998,1.0785360093729368,1
-1.2984227873778413,2.8656158899952935,1
0.5796941415798362,1.6371838994761714,1
-2.771001404535404,2.0593746937354553,0
4.685502295761659,-0.8592386421966139,1
4.376147138328665,-0.5316031235516371,1
-3.9876639309912765,1.8185714812285785,-1
-1.8287256335355384,0.35400993345533577,0
-0.3013361855755035,-1.8121253983234873,0
5.081313807782004,-0.7975769745475823,1
-0.6929717137813076,-4.706371559021677,0
0.741169851869586,-3.3933291600760045,-1
-0.1585709698249281,2.0137498472151383,1
4.185073562401868,-2.0336600629027832,1
3.3971419575842132,1.480778397413793,1
2.8932270025919653,1.460337177258501,1
-3.6653685150477298,-2.2019267052571547,2
-2.3651643431257208,-2.9518182420824752,0
4.74541575350602,0.09263848993145173,1
-2.2722711877921773,-6.043866189077615,-1
2.1487557143905813,1.691064761696498,1
4.0932063691314164,-1.331489120594504,1
0.07253569347595633,3.2202556117253507,1
-0.9513266788956908,1.7802148495922336,1
0.8357525584715569,1.4082653159306693,1
4.38533510995113,1.2907813687268161,1
-1.317328080456714,0.92178029503954,0
-0.32455629199220387,-3.088884704153587,0
-1.684516731323583,1.8000670006769137,0
-2.133010512766218,0.7220782248850989,0
4.572420884827982,-1.3969130264656382,1
-0.4716964477667538,0.0558424898738044,0
2.8742798446748576,1.999042475971946,1
0.7251884805317298,-0.5640424279643763,0
-2.8265678729018933,3.2966349574258302,0
-2.938618779540043,1.1259055161619094,0
0.4218723221058658,3.658729727139505,1
-3.153311451240301,-0.830046026757316,0
3.9305594336372356,-3.2195041514236062,1
-0.8299351577252263,-0.7902565971023983,0
-0.46350052967746586,-0.32493966815692843,-1
1.9269064912495948,1.8621874605791349,1
-2.848986702455718,0.017195118947856733,0
-2.769268698107552,-1.8161602082189752,2
-5.484387605658864,3.4440854877411193,2
4.218192097439097,-1.5764916843239287,1
-4.229637325619336,-0.9368062411553488,-1
5.221992441484498,1.45688177443682,1
-0.08980529477069256,0.589284262232945,1
-4.0997630384602255,-1.0821227404966787,2
-2.1698595705675965,-3.734927597473529,0
4.555012681825283,-0.32946243583386126,1
0.04317872119796849,-3.078888876322419,0
-0.2586546922811626,0.03268563404136397,0
-1.394291754680012,1.4667628300566273,0
4.264493159503521,-1.7409002449627882,1
4.244740209375202,-1.7230137850291898,1
-2.0026285415784737,-0.811263799968216,0
-1.3223324723256584,2.4585444056606884,-1
1.2452284565347969,3.0038980946703333,1
2.88508824322588,2.6926213674299624,1
-0.4562031863468871,0.4270009683313227,1
5.194159021003984,1.1741773877872,1
-1.1042886453826755,-1.7288666207280399,0
-3.43203983261266,-1.317112584950093,2
3.357601335328219,1.0006009717584723,1
4.590706443026738,-0.4165424535711972,-1
3.613783491564462,-2.4114113781358544,1
-1.9576666647622887,-2.0503863354112473,0
-0.413031633528858,1.0915086563046663,1
4.533047174075088,-0.39334518363060517,1
1.8445726081609877,3.1803581270700207,1
-0.060112168130039674,1.2384050435171319,1
2.184197415906476,3.3671588884966894,1
-3.1520670367954593,-2.94598020872191,0
4.852142249165458,0.2271342804428729,1
2.5402725246029942,1.972745869173714,1
-2.9264134369517794,2.161046202808249,0
-1.4040243065095048,4.8216003696891665,1
0.9533521341047099,1.1151760495246446,1
-5.122704674600461,1.6834207446044165,2
-2.3500800686752332,-3.0232671743080384,0
-4.102286710956777,4.218910050346153,0
-3.0596639470208458,2.5902948590077686,0
4.70012933750083,0.0040504336532281365,1
-3.2702072594862863,1.4655012515834145,0
-3.32318571809367,-3.0442745585927304,2
1.9070052969878195,2.81827012102436,1
0.25450319288347023,1.6506920561849852,-1
-4.9260190228203715,1.243850032638827,2
3.8514543541908197,-4.431343977902904,-1
3.672366960985858,-2.72224315040197,1
-0.8930489724027263,2.7618769850655025,-1
-1.181290337427714,-1.35924988761532,0
-3.0489886493218212,1.7193213515128625,0
-3.1516238862656865,1.0005136227920859,2
-1.8005038586864002,-3.466631782100698,0
-1.811150214607626,5.311181568622706,1
1.3152580641537073,2.295511982573276,1
5.284638108496387,1.5715459768660038,1
-3.101752753979332,-4.376146880421794,2
-2.74595132379269,-5.7937931084586785,2
0.5411480401178911,1.8554026398128014,1
4.175272335567848,-2.1487933656451776,1
-1.7161033559020888,0.3261092742104357,0
0.12439051775767139,3.720339686976787,1
-1.2164690906483815,-1.5782339138681312,0
-2.1023551475570854,0.9821912693861194,0
-2.5441597992729648,-3.708877684673996,0
2.7196421221225675,4.719789394670069,1
-2.383499672617132,-1.7497681291668798,-1
0.9378042910477976,2.3292989473360897,1
-1.7442984199682061,0.8844852504618552,0
-0.6820342664339427,5.63654721858533,1
-2.9162855569066264,-1.5034767908176447,0
0.4461778813057159,1.6780541955046957,1
3.837757523897773,-2.579862008709217,1
-0.730845674427663,-4.205176570837315,0
3.967594458635743,-1.5839254240450544,1
3.7876396926339257,-2.3031939197610183,1
0.5330586339980571,0.18124704150480273,1
-1.6892450688189409,0.2960409893424692,0
4.405014270249467,-0.7287372758653157,1
4.330994549974996,-1.1956779686610075,1
-0.14215453896071203,3.1197097739158552,1
-1.0206928041293948,-4.429740380616315,0
1.4997409972905114,-0.07412671438370856,1
-0.3838804960914043,-0.5048442433299852,0
5.554800896306563,1.908864485931802,1
2.164217408179048,-0.44937536121455196,1
-0.8275369530294501,-0.437075829445168,0
3.1206429190593616,0.900576845369307,1
2.52321953850487,0.8113786983258245,1
3.556794011858681,3.7788267779712172,1
-3.868667027764016,2.0502547713226713,0
-0.9948865612080156,-1.875198091801319,0
-1.0086813126691965,-0.4570877829380931,-1
-2.952163394014773,0.9514127074143557,0
-0.28257687830572403,3.336544233291172,1
5.15219602211104,0.5672169609864313,1
-1.0224705261862923,-3.9298426149136327,-1
-3.655007117633154,-2.1489173202540415,2
1.198793064862138,4.438242798503414,1
-3.8298046708288633,-1.192904373270448,0
-1.0439592190174793,1.668656932343,-1
-1.8775980270695654,0.30904191180395774,0
1.2997282478251364,1.3302549972384452,1
-4.168090382489879,-2.8024667386957804,2
2.750314537449302,1.891585853924486,1
-4.051673325326679,-1.5577656280389414,2
-5.333274559576825,1.8333388393247352,2
-0.9862441602575865,-0.6439602420086245,0
4.207647613566819,-1.5100415361914987,1
-2.4947426935823125,3.0233323340519678,0
-3.2913331342162184,-0.46343605539607,0
4.847138766761041,-0.3105428688602181,1
1.2258154992438672,-1.1143642919389956,0
-1.7542932554668627,-0.615728341477723,0
-0.17230179166601436,-2.2801309457265835,0
-0.516772982232239,2.6366745615961644,1
2.9940385479940006,-6.041664459928806,-1
-3.205480168430826,-0.5352999882433164,0
-2.8561825427658545,0.03721768249305239,0
3.90483479866353,-2.18232340100549,1
-2.3406518470553936,-2.373410467144463,-1
-1.3586014155707755,0.6953733527896478,0
-3.4771289512453682,4.251072385639777,0
1.8804081332705016,0.5065568036283817,1
-3.727519299867212,-3.7615104631330154,-1
-1.744706812695671,-6.343053657629988,0
-0.8819185496167558,4.436644220165074,1
2.9608437781972086,-1.5886621887663621,-1
-3.2784669657607837,-4.52968914093496,-1
0.4571391694686878,1.3041145943246617,1
-0.9227964194855767,-0.8770334427262587,0
2.0696916143109423,3.845593022686181,1
-1.573911648904414,-3.3286660275403706,-1
-1.5786143536228574,0.36449971705222084,0
-3.215234596290381,-3.1321742090351123,2
4.75004664912983,-0.08820493037740497,1
-1.474628997290257,-6.013078071469645,3
-4.0769855876454795,-3.5109631696341905,2
-3.107655981670628,-0.22671254735088722,0
-2.4331845736694575,-1.25815511961221,0
4.665468348610758,-1.3801755658963202,1
2.2124525428256256,-1.4708097526155939,-1
4.01158868036651,-2.750707709823629,1
-2.5006590969018396,-0.0034398295927765693,0
4.436017748651378,-0.745869867147006,1
-3.100899445331351,-2.415357676171696,2
-2.29583462908429,-1.9411217947975326,0
0.12358251023346932,-3.02395708791624,0
5.578067191692681,2.055435843147825,1
-2.4240937992578666,-2.326230756088532,0
4.819069289717107,-0.5395879560367385,1
-2.0240245339293597,1.3345385446160187,0
3.9239001907263633,-2.069866090976614,1
-2.988653029876122,-4.817564525096119,2
-0.44746074483839426,-2.190638288204038,0
4.009703562507021,-0.9320393310668287,1
4.016198634517793,-2.8840990490131317,1
-2.2823073071714446,-2.0608358474548494,0
-0.9243079695139436,-5.75500659699264,0
2.0298731198455178,1.2826052483585881,1
2.2107850574075982,2.133408429613763,1
2.388673934016721,0.7560507014174874,1
4.696940294721659,-0.3200351374493603,1
-0.27011984844062314,2.59618431542307,1
-4.283451443733804,0.855986890951546,2
-1.9489714213095723,-1.2238602242000667,0
-4.218872731538189,-2.0157629670838255,2
4.958629726587017,-0.23250601838305696,1
-1.3892761831896903,-3.122704624100631,0
-3.4635036472648673,-2.3840183787012097,2
-1.2676609972128219,3.9203144157660175,1
1.4462872370747801,1.3308309214213876,1
4.3854806247149085,-0.8340616478760748,1
0.04984886613261313,2.802884456012903,1
5.337099656039752,1.9143931711922357,1
3.2527818094846825,-4.157426492061937,1
5.247512078540092,1.283586981351523,1
4.456022151983345,-1.0671132121472127,1
5.667260001865393,1.7612615121655326,1
-3.0199085036271316,-2.348422210494815,0
-3.0466055897810858,-3.6571047647314474,0
-0.7588140954238912,-5.178054467428643,0
3.9178771488041195,-2.5328145351921445,1
0.24088847946115596,-2.171842634420249,0
-4.005874945544868,-1.6523279486769895,2
-3.841228490210998,-1.7093368479809692,2
5.210077590218254,0.992916895323831,1
-3.428598724124393,1.643633631576148,2
-3.7662231862574176,-2.1558280728808423,2
-1.517586623536257,0.5101517089415893,0
0.020354513051283756,-2.6309071676995184,0
-3.670113144803559,1.8297499349909123,0
-0.8264295946005505,-0.1438438840320211,0
-4.52769233398275,-2.2108443188012505,2
4.415075494515308,-1.8725632852663687,1
-2.821928259401616,-4.53293542304308,2
4.958376776889254,0.5461319164285698,1
-3.3681855839194914,4.020581929689622,0
-4.221542157363657,-1.4352894739590811,2
4.932437497697784,-0.3856761664223743,1
3.3823677433335497,-4.879394727835761,-1
4.4063732792732155,-0.35728186143215374,1
-3.5539503491974562,-0.9288057887556144,-1
4.258219697511773,-0.22434366768975433,1
-0.8653242305895739,-1.9971563970551016,0
4.0735586423962635,-1.3379890233633644,1
4.861531176082533,0.08780638773206165,1
-1.6166385266148744,-4.074212753974999,0
5.228955976167147,1.0406761445761912,1
4.807166315414422,-0.36063497943381256,1
-0.26598428949192837,3.8903790643576026,1
4.791278680950724,0.5728524274011394,1
-1.8069432944644586,0.7839533007487987,0
-2.2353989969261976,2.6832249700575472,0
4.862974182265392,-0.7894661214436856,1
-0.7705087089540477,-3.0264812398166003,0
3.9481942249023616,-1.5672066817214148,1
0.023706361480282528,-1.2801986023487795,0
-1.1402026677620936,-0.8801816087295994,0
-1.427973845010093,0.011166221325142209,0
-1.2857428624199705,1.9964771069206462,1
-3.096976513659156,0.028048012423966998,0
2.4374278415556976,1.4187739493153555,-1
-0.4522363225698784,2.2945984597212448,1
4.633697196744522,-0.5287318741903676,1
0.6033762959933027,-0.630056696913113,0
-3.682996543761097,1.4488013820311618,0
-2.431003403551614,-2.9520353162685655,0
-0.8607172977916381,-0.3704288018379692,0
4.118015143991532,-1.6244927882628744,1
0.7497193301925545,2.451031995955218,1
4.58806471107688,-0.3855815155342867,1
1.1953851054551612,1.7983497694978734,-1
-2.3937372955255114,1.981682734927836,0
-2.8880562192048806,3.1716504312158844,0
-4.199212436804559,-1.9580744493832674,2
-0.8912869387475911,3.493618779058938,1
-2.9863707992478745,1.8808227193608111,0
1.808673068766248,2.3311250263649765,1
-1.966780801003912,6.165413047353315,1
-3.1734816565891943,-4.531719089921922,2
-0.5741822900387394,1.175018356028935,0
-4.861329694367692,-0.008271078612000993,2
-0.3110846303805374,1.5713203046835242,-1
-3.5188898427032616,0.9241616788441271,0
-2.4423513140416686,2.494136175336746,-1
-3.167159387056951,-2.1545713156671553,0
-0.7897232689208762,-4.012041462069253,0
0.23756166435804604,3.3897856490738256,1
3.980882470078414,-1.4164819085572133,1
-5.567804728924799,2.855581351781324,2
4.714542126619145,-0.7812771785760787,1
0.9973980735278253,-3.13478060394764,-1
2.464519775186621,-0.2935701755024338,1
0.9803121329581018,0.44685224011350316,1
4.530658345989363,-1.1185235896788033,1
1.464745752736341,2.436077621178776,1
-3.3196843268047527,3.402148998003223,0
-2.4926916359714655,0.3433506060848958,0
-0.49777152721770185,-2.177042410427101,0
-3.9546597852826477,-0.22819387879595016,0
0.9266742912027924,2.0458589722122813,1
-1.2082679326997354,-1.9127108858522779,-1
4.888928742432042,1.0016723685943116,1
4.817615875545132,0.11877547362465331,1
-2.9567432131353644,-3.5566293892538643,0
-3.183143840451971,-2.495034394175423,0
4.105533815208924,-1.5711003843325995,1
3.051790134594528,-2.806909260705283,1
1.4372279536626031,-1.3220106855121658,-1
0.3933562927584054,3.2442976594509347,1
-2.629167845227434,-1.287859950256474,0
-1.6452782984862049,-0.14849573785079964,-1
0.47185096834585855,-1.056565995259302,-1
-2.6519434431487037,-2.734586636363779,0
-0.731181537520458,-5.928574489781961,3
-3.002214478448115,2.5278139855105013,0
5.081806882447786,0.03990005540356429,1
-1.0121060499966177,-4.14034692508824,0
3.4184401745962707,1.0815221849784649,1
-0.11171552418678839,4.031843108499899,1
3.8960506103026726,-1.7761799276039487,1
-0.7905461639831517,-3.288543672181125,0
-3.8260484067697047,-1.422965403010924,-1
4.1700934986633795,-1.456875379636935,1
0.5953058436150994,0.5966138666402515,1
4.944371688416699,-0.26439618021091493,1
1.280693226580645,1.6915498614346718,1
-0.9016043639789962,3.7374971540926585,1
5.165472075982233,0.9311763867498767,1
-1.2192756624862806,-5.124454369867758,0
3.0370182894749034,1.9484964953044186,1
0.01099134903875142,4.898569314211417,1
4.41449968747274,-0.6474786290285222,1
-0.8066367485065111,-4.504022442848,0
2.7944590215115226,-0.052292677764427996,1
-3.7317061387887414,3.6336523802621947,0
-2.3382962063025827,0.6213140176941202,0
-2.36210061237332,0.8092287400813022,0
-4.058061742726945,1.8685412716218543,0
3.979972913847435,-3.4051541207793385,-1
-2.082287874458909,1.0210495590862403,0
3.5577480754308666,-2.3158158975998244,1
-3.7301712285268382,3.1775268981018656,0
-2.1006698879290053,-3.334499649526184,0
4.3404601976162,-1.2829994139202567,1
0.5435370817437472,3.0940790891564336,-1
-1.7407609745837822,-0.3137297948742171,0
-3.208202703739678,-1.6951642704554282,0
-0.1746193029943704,-3.565892776226557,0
0.6481334291844945,-1.633838254693344,0
4.904091800869956,-1.1593431863055839,1
2.9077285947520726,2.757445334454817,1
-2.4814592046943,-1.8845957578577115,0
-0.8241743772739513,4.049879442153662,1
-4.156915157724832,-1.4362963138329694,-1
-3.8591067476680716,-1.2383122668208009,2
2.816868581519263,3.523669880946713,1
-1.294142691258543,0.006784580322815634,0
-3.0304274898264274,2.275862401922639,-1
-1.4436511898670557,-0.48425289523378934,0
-2.034168162053915,-3.3033083212007774,0
3.01266791672969,-0.5585502564298395,1
-1.2875197424645326,4.002649686413671,1
1.0084346993492113,-0.09520744875486124,-1
-3.8833639634155332,-2.3007424795483176,2
5.049549778331618,0.733080421715985,1
-4.08981434984215,-1.491176947835719,2
5.154903043635025,1.022442699732565,1
-2.3770459948338267,-1.976913373115144,0
1.6609704134280652,1.6522436756407077,1
-2.0492080548671674,-2.0171170240238605,0
-2.5826205459766025,1.6922866014670168,0
-0.9544840596525777,-0.7090869512350849,0
-4.335251943339245,-1.3591376503424049,2
-0.9088751890191533,-6.020953106650454,-1
1.4151775257559371,3.568343641299469,1
-0.37334701869078735,0.6407442571679486,0
1.3318445123341929,2.4292632627133095,1
4.266759084954353,-1.9746625584679818,1
-3.7280354702398544,-0.3033636512964417,0
-1.9534674302960795,-2.8665362797097114,0
0.0024518681053456344,2.1306373560446845,1
-1.586023706055389,0.9042974231174028,0
0.5082459329373588,-0.6048708423940871,0
-4.506050318889712,-0.6798088331600991,2
2.667725502354131,0.8295773513486736,1
-2.2994711473039477,1.0095803721414194,0
1.3865231480841855,2.288379924000539,1
-0.43006779749144375,-0.8475312551777571,0
-1.7783880053275871,-2.138325516537525,0
-1.4150070760672981,-2.9476496014294593,-1
3.127587247690245,1.8223311805356306,1
3.966448258926284,-0.9364979998813177,-1
-1.6194444117343652,0.38701549828315535,0
-4.190165222773149,-0.3934086114862551,2
-0.3296816140608028,3.1180795641487333,-1
-2.7735597258446116,3.749664041895508,0
-1.4205698607327437,-5.9675105335646546,0
-1.3370174773550876,3.899458518972998,1
-4.37507090168421,2.237380694399641,0
-1.7890926965667968,-0.7331275791883812,0
-2.5242046258655972,1.937802778110035,0
-3.263144302352558,-2.0731421918853927,2
2.0754705501132307,1.052255445526146,1
0.028440132114989455,1.5217963122282008,1
1.190800121763522,2.3017277637983504,1
-3.228542626108663,-1.1161001492976879,0
1.9633393197067877,2.3619047402366533,1
4.580446313617089,0.19243907599544738,-1
0.4964289620657372,-1.3675206057917322,0
1.9383830018396913,1.0671613261953217,1
0.9037906514245823,-1.986448901009435,0
-3.5414370006798643,-3.45049275186033,2
-1.1548296376801015,-0.7245250712284863,0
0.15330664385729073,-0.14541362900425786,0
-0.6310802437205217,0.8700944898285166,0
4.907842964703561,-0.20980283145312917,1
4.083407216817517,-2.0683759928972303,1
-2.8626256718500014,-0.9086445872538983,0
4.680457805625523,-0.8048932885841528,1
4.101255202511565,-2.7315044148854923,1
-0.5431432085689868,-2.962376074881078,-1
1.2308440023595968,-1.809445339225748,0
0.8126357484441774,-0.7912216114556251,0
-0.07172498624344097,-5.559051061288649,-1
-1.0075729259056907,-4.7168295699590495,0
-2.936005058101758,0.025734274223380968,0
-2.3877209942201088,-1.3760845584787749,0
-3.0451654878781063,-2.439996508344857,0
4.3533527872076485,-1.7418602089240733,1
0.47853371300160197,4.031556572493282,1
-1.2391710515299899,-0.12396544295986471,0
-1.564017267583929,-0.5009930200322352,0
-2.6511015865953858,-2.844069785597614,0
4.939336924582775,-0.6475171318574435,1
5.041464957882569,0.38537813644519797,-1
4.479089075969432,-1.0043088193926912,1
-1.2980153891715314,5.884500596601562,1
-0.06056906137297795,-1.802896986450372,-1
-2.798109651817899,-2.680227819297932,0
1.2435382979165728,1.8014657777972358,1
5.136227863578112,0.7108667780726874,1
-2.8538171659696103,-4.392771125612787,2
1.3992899403533803,1.1347038727965668,1
-3.4027910732095394,-1.1126931685564085,2
-1.2990546927119695,-5.108866399810525,0
-1.8009130047697486,-2.8826538181087176,-1
-1.1555873111432424,3.9836659915635093,1
-2.6211683929302434,1.1462534845953014,0
3.997342563055437,-2.9108268350048725,1
-3.3525059279741485,-4.135035488497419,2
4.282402047544863,-1.4286348806346771,1
-0.051909909139806705,0.24557306519374433,-1
-1.9414102400866056,-1.4986060050261947,-1
-1.857968994358952,-0.6764287065082031,0
5.318128741098228,1.391811464800453,1
-1.4704260654810763,2.2732691159327647,0
-0.28135974711163375,0.03732237343647755,-1
-2.0538004843353974,1.5065391770724106,0
-3.955976357145368,-3.483841040438261,-1
-0.9499694315920226,-2.7624523797111236,0
-1.9290992136774938,-1.8433021041804323,0
-1.6962934899868947,-5.9570409267453,0
0.7110524762600045,0.6737400593421118,-1
0.3732323728745573,-1.411296753199982,0
-2.289533533949132,-4.095210733430165,0
4.4050983637355525,-1.0036532087167376,1
-4.611281356000723,1.5885521897320567,2
-0.8041877309580916,-5.338412674091555,0
-3.896988102915629,-1.894445017693597,2
-2.625475624051201,-0.5735340437878332,0
5.001546135435681,0.8272737868039844,1
-0.49974351277585116,0.618779407496613,0
-1.6746161548827718,-0.13724650783002126,-1
-0.24284094929286323,2.496610657739989,1
4.83572506959875,0.6392223791420055,1
-3.656640721757695,0.7370962449408988,0
-4.209565278411528,-0.6554131614790614,2
1.9445142995201867,2.6021761667407404,1
-2.2828380082220647,1.2121341123881109,0
-2.237635857943167,-1.3380634030810692,0
3.745334897221062,-1.6204360090472871,1
-1.8980229947829939,1.5145793586686989,0
-0.3349839955611476,-1.8447810707412897,0
-3.2405218053104776,2.522437492364744,0
-2.4382931915263764,-2.941697378036681,0
-3.461386050721382,1.167624358077853,0
1.1706254655608188,3.2800814987251385,1
0.6464241384650434,2.728418246566901,1
-1.5483059491101336,-4.494564093085113,0
4.757240254107317,-1.176879090067726,1
4.962947419294637,-0.9532049556203896,1
1.2027605463140687,-1.557002285934528,-1
0.5046676481334607,2.012679334688977,1
-2.610201705629397,-5.8032948997751985,2
-4.144579827933618,-0.5711437636101719,2
0.5858089469077075,1.8843403214213579,1
4.152209859474283,-2.1128203215536825,1
-0.8358614764462912,-0.4908418863925661,0
-4.051550537314631,-1.5766995004383142,2
5.045618994491159,1.0636304519260944,1
-2.620452729714997,-4.877005402254995,2
-1.4929532589389913,-4.838676868321538,0
3.0124212786505584,-3.633253140048035,-1
0.046068279390753294,-0.8000028956512972,0
-3.5321035231088667,-1.2577151566126654,2
-4.74371442982432,1.1796807209252187,2
5.315488739740268,1.0336084441975546,-1
-1.0784934273138171,-0.018612216642740625,0
-3.757033333434728,-2.6193121527763803,2
-2.895244897394614,1.5024751016321864,0
-0.36797627250660947,-4.341393540523787,0
2.054374861678767,3.516369692927894,1
5.00598723339179,0.704386571564411,1
-1.0293737401144851,1.5259896495207896,1
2.4715910389888767,0.20699682297892286,1
4.778426578977969,-0.8073888420421803,1
3.628130916095752,0.9627768287681624,1
-2.1266287830519937,1.4367620360520208,0
-0.6810933623600769,-5.900207207347272,0
-2.650726298702942,-1.7838910526829643,0
4.629180197861988,-0.19293466477535293,1
-3.131239647699381,-2.4033883691335864,2
3.6605365566848755,-1.9460440109302375,1
-0.15718313391628078,2.311131561048672,1
-2.0923857929489285,-4.267912862773132,0
4.23167601024215,-1.7567942823722351,1
2.7680618117602798,-6.404071245774253,-1
-1.181174092644852,1.903553134164858,0
-0.7241041575625662,-3.392571427090079,0
-0.5661602525637994,-2.6126470296334072,0
2.337755484181512,-0.9295415690581819,1
0.04110442332460892,4.234354822219846,1
5.010828342724359,0.6837249288710385,1
0.08369850835323857,1.7007007696727825,1
-1.8458881340672866,-5.462456605501827,0
-4.591179160614086,-1.2007318962416391,-1
-2.311761708094349,-1.8230122901903698,0
2.9525579454934165,2.1071166028077495,1
-4.350353889561079,-1.8843034884309837,2
4.636423819464974,-0.6469621399246362,1
1.6871129522415125,-5.665000283444261,-1
-0.17028457260802018,3.135991547090449,1
1.7997957819048858,-4.587696704387347,-1
-0.958117583425978,4.032483346084203,1
-2.9130861191218367,-2.092566304047116,0
-3.334862527642609,1.3726800511868658,0
2.5359822706065525,0.8951820199597271,1
-0.7281674166368803,-2.075055635813939,0
3.6914227675695375,1.893431992127523,1
4.29310277888649,-1.8122579541711497,-1
-1.7090960846096495,-1.2031095172039352,0
0.4383544080021139,2.7179742432743073,1
-3.756849841560147,-2.0786485818547416,2
2.6325422175020656,3.841228557988566,1
-2.469505614460697,1.6449912218563054,0
-1.4988371872679176,-0.08138124459299653,0
4.23510806068109,-1.6622236121287437,1
1.5226422849636314,2.029966161900481,1
4.9270925421825575,0.5380725998164115,1
-2.86798847311916,-0.7390226606400689,-1
0.17655453896230852,0.804616256710215,0
-1.1093558816315516,-0.5936756147424305,0
5.0222317267259005,-0.1514759059927191,1
3.953012019018615,-2.42156641906437,1
-2.8642901809707575,3.6772088666147305,0
1.6577366632644184,0.5011110539782782,1
-3.7364534510444454,-1.3792600783370674,0
-0.6498138388806614,-4.003112843576027,0
-1.5571567015610142,-5.649046694697267,0
-2.60444337687894,-0.1051568704326218,0
-4.239658614134189,-4.203301151210718,0
-1.960499782944188,-2.4660528625805105,0
0.11101701808791549,1.8253267889505096,1
-2.2507921544539724,-0.563131192110388,-1
5.128105052804163,0.5730521252163924,1
4.09517602733203,-2.460705857263364,1
-2.2064563396009813,-0.2671756937484321,0
-2.5875386842194725,1.8042394377024071,0
-1.8265526066146143,-1.3230786792484959,0
-1.3820152789965845,-4.421866039400485,0
3.829639379849879,-0.9517588379070365,1
-2.629790190626093,0.8532442724146103,0
4.520627368728121,-1.2940534845558367,1
0.3207957233537244,2.0882656956004,1
-0.9752973801940111,-1.9605208218181713,-1
-0.015127970682692015,3.0933298931052384,1
-3.3345922492427307,-2.4392744011797913,2
3.5404273153008563,-1.8553384435664604,1
-2.0661051142411466,-1.8832180182378953,0
4.34111909485315,-1.2069975193193785,1
4.079535741352492,-2.033222055939289,1
4.863147019210533,0.8338367252561449,1
-3.4892002034566327,3.4420789207150744,0
4.589434949287461,-0.5000989033641221,1
0.0650731525406054,-2.0196035881690957,0
-1.8483599520732232,-2.1793464495624946,0
-3.7872129798349583,-2.8243443595465636,2
3.5543309130075023,1.8149328125673645,1
-1.4505067615475657,1.5713301122430277,0
6.130648750423795,0.8476939638676049,-1
-3.2352958258535875,-2.405161157320128,2
-1.6783968415418806,-2.1805387972072,0
-2.2531402244922356,-2.610641995883101,0
4.082583619704319,-1.6338351137153238,1
4.442950322236591,0.6748047710632072,1
0.34072487146724945,2.784809409358503,1
4.298536894000792,-1.784193413016866,1
3.7737773439600804,-1.352822935289319,-1
-0.7511503447501232,-0.268078400622528,0
-3.4267073069514327,-2.208771578012304,2
0.574293796033333,-2.4058146493173393,0
2.214341992647761,2.0203769788167496,1
3.0156045894831967,1.3024235708163718,1
1.121667404818945,3.004251262435815,1
2.7698151868447036,0.9451317906711729,1
-3.5526150352578707,-1.7360251154042374,2
4.44749378665865,-1.5682557288657095,1
3.1107018735362737,2.6084556875578,-1
-1.9677995027684567,1.0268630979570814,0
-0.8121105450225754,-2.4048153628463194,0
-3.169673520923126,-4.24526560110978,3
0.7287692081136394,1.4291503405031878,1
-0.9971037533653054,-1.2009340682151552,-1
-3.7630182212083483,-2.69496630433542,-1
3.6107620450065716,-1.6432208753345032,1
-2.9881285535248043,-1.5334628131869341,0
-0.4906933817469165,3.7732976471327198,1
-2.6255881401439933,-3.8437415565844475,0
-3.9225270151408065,-0.29780786469176185,2
-2.1501651424856814,-3.110244716729971,0
-3.852402729304056,-2.9986420817396624,2
-0.8400263258123263,1.459217011526889,1
-2.8195007752345482,-2.8723137427942347,2
-0.8045624426664212,-5.602138450944315,0
0.036555692860126575,4.708456315617045,-1
-2.979664173836698,-1.8742791853538543,0
-3.4567794059606687,1.0403559751476563,0
-2.1528555906361673,-4.580518489713846,0
-2.2280713987884186,2.4953346576854325,-1
-0.7075350286382374,-4.8801209044620215,-1
-2.984875954588183,3.1844171727167723,0
1.508072172469171,1.7441968405556612,1
-0.5322547917143303,-1.034028014648384,0
4.936715383749229,0.22844477823934844,1
-1.8181495995964447,-3.3123905889929346,0
3.661293400695421,1.389656746870869,-1
-0.29599029154822104,1.6943028497246142,1
-3.596078636215238,-2.236787443148089,2
-2.381488895164844,2.4116853649887195,0
2.4792256656807563,-3.643949003204449,-1
-0.2337824165253575,-4.031478431311898,-1
3.915647143066489,-1.5490911697458436,1
-0.8362480323777969,2.5650635277278844,1
-2.0145775935027106,-1.1454661321349204,0
-0.2031224012754633,-1.7943335343463254,0
-0.2755182586825068,-1.0749771398503336,0
-2.0539559231885276,4.341868612742457,1
-3.6742633932448485,-2.3884602112744138,2
4.012795135993379,-0.6288499262855631,1
5.092237498223092,0.6425534775774417,1
3.79941002722834,-1.6715084498472628,1
-3.3497954904497758,1.6263632914436852,0
-3.0874898399887614,-0.6283328812804937,2
4.882578343455297,0.1189267566861523,1
-3.1663326233206135,-0.715641182648705,-1
-2.5153481313155797,-2.0540623737840296,-1
-2.15134776402701,-2.250901505134649,0
-2.2703430059911947,2.134991672761025,0
1.2872470669066556,2.6494698574813795,1
4.132997516208446,-0.8678730025699575,1
-3.255060523947604,-1.3482788766476188,0
-2.256641815666266,0.21059328916147818,0
4.634754731449992,-0.48537642602577397,1
-4.321073765509154,-1.0146293763520373,2
0.3368233184261323,-1.56108820225677,0
4.89624861348005,0.721989328534875,1
-2.569353251820541,-1.1448639122365643,0
-4.534026675032754,-0.087139072640669,2
-0.49271304467030813,2.061329303407921,-1
-2.1778810570914797,-0.8833975285529295,0
-1.2122932103953508,0.26346212064616226,0
4.008682807576077,-1.200346179304668,1
4.197934174944227,-2.004759476053997,1
-2.1690642933951816,0.4587662771115421,0
-2.2192447877579893,-3.5190905972666036,0
-3.5190266945270277,-3.6520395878785514,2
-4.068161489099457,-1.19832872367028,2
-3.5062529890837886,-1.9398983087981485,-1
4.874382546367893,0.9832529364540921,1
2.7629823282073636,1.8147911672850396,1
4.707367249873511,-1.2594662751459285,1
1.6057479550334326,-1.1974342927737924,-1
-0.14112396643136235,-0.8328626553839906,-1
0.19656232738501686,-0.3029780441284547,0
-4.129635408672291,3.5857266809996737,-1
-3.3826026540197365,-5.1652156612982285,0
-2.8951284140157516,0.07016886474734459,0
-0.6440422437489647,0.5402341407924713,0
1.753389477321073,4.724988348349634,1
-2.9016448891169113,-1.9682421654277842,0
-3.733392140987776,-5.735657791752407,-1
3.0185196965617647,1.7032072827807174,1
3.713650402121058,-2.1766669923388346,1
-2.372252942310293,-0.2727961785850791,0
4.315655177296235,-0.9056856670803539,1
4.117807286948173,-1.3804856758240638,1
-2.9818721111011524,-1.3950082943494857,0
-1.5549428271727,-0.07837681190003148,0
0.6572201795125694,2.216251011750752,1
3.3030173531286877,-3.906296474749609,1
0.7719563110782284,1.3774171015950938,1
2.0182564775530816,1.7772107742015073,1
5.1912388499201505,0.33351179023823485,1
4.247790291790777,-1.5431385494279268,1
1.5375010144421029,-4.855852996126472,-1
-3.8000487576057966,-2.294892954132065,2
1.3265055241767063,1.3738183375415132,1
-1.4586757506022587,-1.452994557891882,0
3.371517095357734,-1.826021057613778,1
-2.604354125751537,-0.9480262283369304,0
-1.9588319541025068,0.18011548228397706,-1
2.7963529624741192,1.5754420308191586,1
-0.8380416502097686,0.11133196450050063,0
1.9047237206219085,-6.669052612331619,-1
4.4218398116784,-1.448624859883056,1
3.7017204017597005,1.4983697748539022,1
-2.7435534554073153,2.8691276702366935,1
-4.164210333196636,-0.9250464096644523,2
5.050589859050159,0.01453856631139174,1
-1.3716779362552005,2.450310698643997,1
-2.7867739756440213,-4.7657353660287,3
-1.909336118684817,-4.824345553489661,0
-2.9633665995794827,-2.6547387728066822,0
-0.14980705797401753,0.7516564564357748,1
1.1400231413213626,3.291791242783183,1
-3.007009048730866,-4.659664457418805,2
-1.5053581336461528,-1.992780448128518,0
-2.690408928339576,-4.31274687681838,2
1.1668333943342828,0.1935747707346132,1
-1.0529713242826335,-1.056958871771316,0
0.22775390091805295,2.2942557904535423,1
-1.7544410616396562,-4.823153114966109,-1
-3.2388734337348057,1.1231009213040668,0
3.477401550006275,-3.963532984979224,-1
-2.2807262306807385,-2.469656007008609,0
-2.6109607654665092,-4.39572214161542,-1
-5.136729637316266,1.9421297221851699,2
-0.3384336976830237,-0.5696480114893551,0
-2.972478628407528,-2.2509382548703054,-1
-3.0519341613595463,-3.7922384698330776,2
0.2982766310977627,2.013798346367283,-1
-1.00995505895174,0.8725790003536964,-1
-1.5937277755391452,-5.750856877643255,0
4.724540149224215,-0.24201028854121026,1
-2.3863921971590045,1.243977833822044,0
-2.1522713463679617,-4.4109297925497275,0
3.1061332381944378,-2.8866652036890406,1
4.491092175077058,-0.5684707810736731,1
-0.7136116809361509,0.47927894788611886,0
-1.8480076520345756,4.387407167267336,1
4.336184158843875,-0.7978581441233403,1
0.6276930218413743,1.3266007712297545,1
-3.830391077188574,-1.9763363246182564,2
-2.4042082278104346,0.6013147550536599,0
-0.21338407981244178,0.8380414841681334,0
0.8185856573506297,1.264859645633695,1
-3.191654061253204,2.532009700309849,0
0.6705585343435774,-1.2471644605702668,0
-3.3597879843059233,-3.5003038920441463,2
-3.2364854993227454,-3.5748422433431264,2
-3.560808879204593,4.143919826473953,0
-1.6763346673008763,-0.9119329394883127,0
-4.480260207171436,1.051684076296368,-1
-3.0918351805848756,-2.831682957729201,2
-2.846469662873514,-2.129582175441331,0
-3.1063016174307854,2.731251702329685,0
-3.409635260503189,-3.237346498543736,0
3.32878447589091,-1.9007770080392106,1
-0.47291682455412837,-3.113302403102918,0
4.112193600497502,-2.2822600291396125,1
4.753850662000721,0.2904634123479678,-1
4.572772670656281,0.5706059077240263,1
-3.778121151903628,0.6659130234043285,0
2.249293370402614,-5.994484904815214,-1
-2.724636374952416,-1.1277469091118149,2
-3.7636871070099693,-1.8411622936427288,2
-2.0037367388722656,1.2566282868788607,0
-1.7721776050053752,-2.8451435952136617,-1
-0.6475128805116062,-2.7550413920684527,0
-2.3957105692671443,-2.5933974790470797,0
-2.294323110117903,-3.602290110625389,0
0.44999427503523537,2.5365650785417344,1
4.279289960318215,-1.4522642106517256,1
-3.1197616495942317,-0.7776117605653976,0
-1.3912257720196195,-4.633331260281631,0
-1.9104387554138804,-5.026575838773578,0
-2.6332995289975716,-2.385581266853707,0
-2.2877625807821573,-1.0699476761687687,-1
-4.1791533465592945,1.1367669202784783,0
-2.3886572859760844,-2.776348094087451,0
-4.33742021470114,2.675322941596216,0
-1.4065598672471675,-3.4612726133910265,0
-2.4887869477170645,0.49033109385965806,0
-0.9913410500219558,-1.9488807541136934,0
4.881138590831506,0.9582492194054076,1
3.2071867524447364,3.263137546940218,1
1.6560179914810738,1.61319890819247,1
-3.8399195646881608,-1.9915841165020345,2
3.8229005507932796,-2.299670869712998,1
3.5539369245897694,1.6294006322277739,1
0.9035441379251096,3.2032987748617674,1
-1.261710114493952,-0.8226986740131483,0
-1.4755465623303374,-3.4148719967108656,0
4.206733638569848,-0.7144808183314617,1
-2.2669359261271196,-4.34625519824081,0
1.7740869774928893,-1.0994758079962101,1
-0.11708504796941692,-0.9022195900512158,0
4.539604080693657,-0.6259387052424216,1
3.964751056487774,-1.9743098927519787,1
-0.7861256406389776,-1.2504980919416901,0
-2.3090018974809525,-0.2712248026150828,0
1.454916380389172,0.9327836567837909,1
-0.030670403032158414,1.4192621652534922,1
-3.943410268613572,3.0692252377053535,0
-3.245119403645164,-4.125880671054203,0
-1.9774516584254154,-0.24921842979462122,0
1.3948965297361051,3.252257491011699,1
-0.8709666028982785,-0.18514535869945115,0
-0.5264118593783549,-1.5395807235052248,0
5.040231838227469,-0.12427183065884238,1
-1.8861493230981372,3.7787987678856725,-1
-1.6041829408663637,-3.03698912506838,0
-4.5225890216891,0.07183024939117481,2
-0.10186637618598214,-2.13686112695463,0
-3.3156995811168763,-5.0408600975235665,4
-2.623512970943531,1.9372448743646804,0
0.2910118903084715,3.311940119228592,1
0.26461940472651174,-1.2739077411671869,0
-1.1859112067138549,2.5198732192687,1
-2.407070075040768,-4.161046934856888,0
5.021441335845293,0.022531169412477937,1
5.396205472148069,0.8821609610092358,1
-0.7916548151105526,-0.6272801506902749,0
0.032113163974188584,4.842500332836291,1
-2.31570905983283,-0.24376850348184317,0
2.5659319048417446,-2.986171465912737,-1
5.071235456218691,1.128896148422807,1
1.050029141964656,2.477525192330664,-1
4.725305563851325,0.6515336841030915,1
-3.2672079818035584,-0.9195157649920596,0
5.043652809351984,1.6669463963258786,1
3.8505474548040635,-2.406263093506085,1
3.3556146443783406,1.8527228855777707,1
-0.7452044263631311,0.051024794816011895,0
-3.589030890339955,-2.4051233367014833,2
-0.5152512178181446,-3.0859511478845345,0
-1.8618084469601475,1.2286236737733762,0
-1.7113683835242377,1.4519953617467605,0
5.002853630159292,-0.09187012812582725,1
5.017385299515026,-0.03545661014509518,1
1.1080262836913601,3.566222121295244,1
2.53337169200658,0.010780006599575903,1
-0.5527170664491446,-0.8580317971349711,0
1.5066830951357717,-0.10081083018920696,1
0.6045725192875759,2.58163941490095,1
2.232787956965343,2.2951585965614725,1
4.588943994110743,-0.936082064408096,1
5.238131403303952,1.279613563398683,1
-3.1034088758177023,-0.8418622854052941,0
0.1491351881405398,0.011132482208569924,0
1.4501178188518398,3.7707571617562032,1
-2.0874760220776722,0.8954293076239347,-1
-2.4574882611223363,1.0490071100928164,0
4.529169684344866,-0.24501538345982538,1
-2.6025663232146363,-0.6420023196562437,0
4.829909726432661,-0.5878668717282266,1
4.439335688311421,-1.2963820571348446,1
-1.396464851356161,0.17380740579822712,-1
-0.301121413835486,3.3708475293866194,1
5.151467813741548,1.4349895205867353,1
-3.406796645816905,0.900102522030932,0
3.3584930308001355,1.0202685753540912,1
0.752539834695043,4.976038884890432,1
-1.2318170901507146,0.5639166486867677,-1
4.393106926066942,-0.3143141558471284,1
-2.4912771384304158,-3.576930202359944,0
4.667451645294017,-1.2288953867448318,1
3.2337192919590416,1.8630000119165624,-1
4.432467319944327,-1.3604731104280423,1
0.7100498844100176,-0.0598163616251055,1
-3.7523851652349336,-1.1877435925369784,2
2.591327694415531,-0.21593806981132685,1
0.6606342107339382,1.1451570097178108,1
0.3299200267477605,4.768942341038238,1
-2.097248731742461,-0.6490901712873829,0
4.052060296611901,-1.9048437670607343,1
-3.1755726042223458,-3.644651630431199,2
-1.1001990147257819,0.20749245246368103,0
4.605666051278308,-1.6746360891425314,1
-1.9145114534729986,0.4644705782746354,0
-4.935171398936238,-0.5220702777457777,-1
-2.4046343721867167,-5.899323496133097,2
-0.07108650760563053,5.274747903096935,1
1.476166207695741,0.26988006518816887,-1
4.151723724984765,-0.7200197645117914,1
-2.225352102575334,-5.1464530496451,3
4.844320775627259,-0.12595169121899508,1
0.9998859292700021,1.4639951508382076,1
-2.2744117075461507,-3.4550834102344603,0
-0.5045955529103696,-4.069562179465713,0
-3.9585031403734967,-2.3140465643344896,2
-3.33239709821709,1.1494565982658465,-1
-0.06469478126721014,-1.531847601795148,0
-3.327428168259096,2.548464242627656,0
-1.5758339698635655,0.7203740295800766,0
-1.6991482313232444,-1.0405759078042038,0
-3.0816413514664314,-3.521041164313882,2
-4.073177702779502,-1.1134586574240724,2
-3.387605915934226,1.1692931985823565,0
-0.9050325805246539,2.620594472616427,1
1.4696719813458385,2.268167455890326,1
1.5163247000272173,3.807001488389351,-1
2.499165655420755,-4.3437033760203985,-1
-3.1531427657815256,-3.217013241330244,2
5.235092861668275,1.245814084375942,1
-3.367204987198452,4.317481965724947,-1
0.6794429722040964,1.9877261104705093,-1
0.12569884100250514,2.977492401773639,-1
4.51434299782509,-0.8336735054650366,1
-2.318709346649805,0.5771679297511342,0
-2.2465199679955226,1.1697506508902125,0
1.0264423620287326,1.9172047857417942,1
-3.31652629577921,-1.992119027600187,0
-2.0711318576303395,-2.0863060328728222,0
-3.3527115812867807,1.4766221030055349,0
-0.30102947042690276,-1.13461761483483,0
4.247275182061795,-1.5513655878226624,1
-3.521055981315271,-3.734591250964371,0
2.9514443110922977,1.6811903664311831,-1
4.812565196028837,0.44515836663770214,1
0.12267576462176448,-0.885883309418934,-1
1.1312237364044184,-1.9848872245510607,0
-4.291485041418265,-2.894279472889919,2
-0.2692847196300847,-1.9860983725052292,-1
4.449696907649325,-0.9710943751732639,1
4.867771432583699,0.1912445634547322,1
-2.184097284564788,1.0601082519366778,0
0.7422520997506685,-2.5400277172873302,0
-1.4939783899158448,-4.701374184156897,3
-2.511639804647335,-2.4122240341245895,0
4.157132958806185,-1.6972296700446898,1
0.26683936968872846,3.1967276314105866,1
-1.6956412680282198,-1.6793576477148273,-1
-1.553813107763699,-2.7530726331780313,0
-2.0916718285717124,-1.7412004536479126,0
1.2041387949314746,1.2225270336681617,1
-2.4763989932980435,2.2040806336016914,0
-1.6491750218181527,0.23468717404695166,0
-3.0944623697692974,-3.4359994166016854,2
-3.508305466681293,0.7545594182174147,0
-1.4857705564388453,1.1264030885874323,0
-0.4074904215403137,-1.0797739314383739,0
2.8843636197347613,-4.316014331045179,-1
0.1911213668876333,2.01203891228853,1
-2.9030901549543837,-1.2047242135865828,0
-2.967700822778142,-3.478419113433905,2
-1.195033415379054,-2.20845308831957,0
-1.1894988520622993,3.4713228888083125,1
-2.9290750514472603,1.0146237888886669,0
-3.7698494870300383,-0.5602753327212325,0
-3.1657149840139294,-2.635149252424071,2
4.077707835977878,-0.805924014403489,1
4.3562237246340665,-1.4524553730212078,1
-0.040186261204406055,0.229970276742758,1
4.496383888832412,-1.1559259236515507,1
2.471744690545737,-4.698896267069459,-1
-3.48389070917563,-2.4346971028336406,2
3.931997871665881,-1.589064951907391,1
-1.5228410485817434,4.271881111112,1
-3.1386248053242998,-0.2817556618799424,2
-2.7098759627082227,-5.85485208728507,2
5.080968166111344,0.6903629276341109,1
0.32608042377351487,2.1073880580949718,1
4.788093517573503,0.14184809706301668,1
-3.23074051168058,2.999174923984976,0
-3.1092402256135805,3.5307891583113427,0
5.112969741669074,-0.9192973164094675,1
3.3662672359590196,0.8665647558349633,1
-2.6939032197119532,-1.3379605306438611,0
-3.949721676375075,-0.7030814669704176,2
-4.297145725615954,1.7558332665639425,0
3.658743728928208,-3.0344896301979953,1
5.123521310553332,-0.2065793616915091,1
-1.5982561086063956,0.5654288449518348,0
-2.347923662163673,0.4200167321475184,0
-3.9867210946481006,-3.244069277871085,2
-1.6396782241988284,-0.151498743504939,0
-1.7158964802380778,0.05501911997743751,0
-4.195362795501596,2.247801414734497,0
-1.326339189452452,1.2429517737064142,-1
0.7409460434410738,1.905812846637992,1
-3.1553287999707336,-0.29971921141605545,0
-4.026391202710339,-2.6886335068560374,2
-1.4714419077458583,-0.8401915547114602,0
-2.524827411034604,-0.5175970394127816,0
-3.014439242487346,-4.413374166362041,3
-0.9550942931419284,0.14247122963714265,0
1.5604358479044795,0.8126534088152861,1
0.4966678207891941,-0.011974936463803626,0
-3.2679417282773926,2.979467039769012,0
-3.3746494112753807,-3.10177462028616,2
3.1475861527312183,0.6082548116265728,1
-1.3241313055531292,-4.315420242710788,0
-2.6131617510309746,2.169835345847424,0
-2.820226137699312,-1.494715469150029,0
5.316248751263118,1.348874074613857,1
-2.2096210653064743,-1.452832844009091,0
-2.977789979659293,0.4398285990227015,0
-3.138699963340842,0.5557437298325212,0
-2.8830465138027472,-2.802145068084662,0
-2.8158622390337,2.867807586584782,0
-3.063889738419619,0.9707870174759323,0
-0.9123378088850904,-4.385609237598075,0
3.4533978442352793,3.2971611098651556,-1
-1.1437717878457494,-0.40903848818209443,0
-1.7719091981505979,-0.644843673573104,0
0.29598232418959847,3.347903801222294,-1
-1.6058147114781414,-0.2229707287340474,0
0.7982454942591135,-1.7340819142642416,-1
-0.22402669870179537,-4.312147241469399,-1
-1.7705462116219857,2.2246173319364817,1
-0.6604967561277355,-1.780042035008794,0
2.7687675162229444,3.1121833502223595,1
-3.132831619116872,-1.5161893731917278,0
4.516941916982005,-0.918990752719153,1
-3.4106421756953265,-1.853378340050051,0
-3.2185963086875966,-0.78361515179565,0
1.45773631521714,2.2865728839497086,1
1.2531817961401464,-0.4050727265361615,1
-1.8588196726800081,-5.108116582974555,0
-0.875294875452046,-1.0153974729998947,0
4.320067979767407,-1.7974078679922136,1
4.495877909999204,-0.511179697233613,1
-1.1936260153277776,-6.790208318001178,0
5.3218379140799135,0.7447521268204984,1
2.313066421270095,0.013214420302725257,1
3.9893672432584646,-1.567246308282846,1
-3.147880069808464,-3.729468132151932,2
0.38301427636577856,0.01847797649034818,1
-0.16978617435089965,-1.6019760149590707,-1
1.1570585234186346,0.7940727204786733,1
4.621325834847714,-0.7763612697177814,1
-2.4460406436423825,-2.5863881277967917,0
4.393349252303937,-0.9041787790266653,1
-1.0370396578468484,0.8941002631409567,0
2.50869282170508,-0.2608355203352262,1
-4.0610524170653335,-0.4077303396431105,2
-3.6882240944257623,-2.993724613575768,2
4.661872371569874,-0.8058310354780406,1
-2.8967702325953884,-0.7592948617140685,2
3.139062417237065,1.3228017394626903,-1
3.905207683304601,-3.783956405176845,-1
-0.772302868868813,-2.1753048451617842,0
-0.25795441691336274,-3.29009353513495,-1
-1.5380629168706912,0.14225507229554385,0
-3.5853609096869756,1.1575278551859975,-1
-0.31439222748312406,-3.4169837190248247,0
-2.8170158319901515,2.0890573817057576,0
4.534913319863826,-0.1876889529509126,1
0.14822481718739217,1.887582689488038,-1
-1.830670104630929,0.8300748420052273,0
-2.4699302063406825,-3.036027238748324,2
0.6583925949522549,-0.5727200682783787,-1
3.5919942681761325,-2.5349398292046543,1
2.616709144960627,-3.3817732651556245,-1
0.7580890328171407,6.183830199690003,1
3.8981450405166598,2.6458665162594026,1
-3.2224586528455244,0.9686980902720818,-1
1.8148289761473622,-5.902063246851236,-1
-3.3355963416476264,-1.8741199620575852,0
0.4016081278260069,2.396026507175756,-1
0.13152498623370926,3.4487164221178612,1
0.3128601501823281,-0.8349709951552333,-1
-3.0886090916025517,-4.77494361501791,4
-2.100754984364643,-0.1072978355221139,-1
4.630531562356146,-1.4616847901006236,1
-3.490172707969349,-3.848981334698913,2
-0.8748823859879237,-4.5144979432791015,0
-2.9125962942457835,-6.620106383656591,-1
1.133681712253448,1.1450756058347034,1
0.3486997112721003,1.0981866930419586,1
2.004053813259195,3.4528260643390767,-1
-4.215426700650705,-0.14924889303656666,2
3.8261892826105277,-2.3175216070468636,1
-3.599468627416773,1.2477798785702798,0
-0.27956695534161785,1.3999004723394857,1
-0.9892734039020392,0.27507333566520487,0
-0.9856143841789459,-2.9901255429955307,0
1.9264037805103333,-6.181504054966176,-1
4.546712299597929,-0.45292707037792085,1
-0.7348343537294945,-5.367456242472553,0
-0.6537072333212494,-2.905824556316918,0
1.0948045832810422,-1.8589707593722953,0
-3.9535206724370306,-0.4830794999392798,-1
-2.6383431660415013,-3.3739499987711046,0
4.196845190931106,-0.9189092377003758,1
-0.36434002759205825,3.340827726583259,1
-0.29349185592865357,-2.953578750471119,0
4.592187297434731,-0.5208026921766828,1
1.3792384309575974,2.7000589744691457,-1
-2.94512812810219,-1.2117027152465059,-1
-0.9976587939320066,0.8962225270288227,-1
3.8286733559816337,-1.6004149188828642,1
1.7899595823464305,0.5772469809640836,1
-2.6629494128968223,1.867024826094983,0
5.0701540032473815,0.45755614154431806,1
4.503362767039929,-1.0361395259071007,1
3.856455823077961,-0.6638847743132955,1
-3.0247006849917257,-1.3786175036203978,0
-0.047761048049042895,-0.8831007650452698,0
-0.7677995178020812,0.8347785307152403,0
-3.7365697381188654,-0.14062049516553746,2
4.727603248807921,0.5270582365840052,1
-2.0297471169893884,-0.34041174526537143,0
3.9010219217689714,-2.069071588032036,1
-1.2081353524036826,1.8746780448238878,-1
4.070672192903912,-1.1135034466998321,1
-3.588621831738965,-1.7219464508822249,2
-1.193525663148364,-0.3583091351590399,0
-1.048524298831926,0.5493793960882735,-1
2.984305839775372,-3.483401763145882,1
1.5398407104901526,2.440740904694287,1
-5.039871035523691,1.2468465530142534,2
-4.096186878569159,-1.136121134112274,2
1.1565675538849975,1.995120272001138,1
5.219382641669719,1.4077976151774776,1
3.470879756693162,0.5437722364083237,-1
-1.3285252051372114,-0.6691174825642014,-1
-3.230588531130415,2.9490295482835926,-1
-0.6245529109334614,3.176013175278675,1
-2.075307098445334,-0.690391160673328,0
0.47220537348897434,-3.6892839646939453,-1
-3.1315215009995576,-2.1426972182584896,0
4.675140989458331,-0.6575991474066674,1
1.681398924531894,0.106575856075726,1
-2.7402432346582573,0.5813625847269768,0
-3.304922978549934,1.2975399998584107,0
0.38049327550587336,-1.0387602121777602,0
4.484403254224692,-0.8531014053266708,1
-2.0815442949867182,-3.3803517983832982,0
1.1403943272608783,1.575884940933238,1
2.333616298981405,3.533548341128957,1
-2.2333139517860627,-0.11055137778952373,0
-3.749729748149516,-2.8164530039702207,0
0.3467269229653325,0.5406730926307711,1
-2.9556166824208465,0.03121729385761006,0
-4.0765862622179645,0.8118858218170357,2
-0.7037750485655175,-5.150199608957101,0
-1.5194890854931973,0.3925320611929844,0
-3.2765147585422794,-0.4167233945029976,-1
-1.474559329001162,0.4048308815336769,0
-3.555727926684657,4.298747993627735,0
-4.764405271517664,1.8377386980449366,2
-2.249834567155215,-3.8089643565717393,0
-3.666134633890012,-0.2768085118819649,0
-0.4068849884136661,0.6265026995707347,1
-0.5815565733803941,-1.3718050210762602,0
0.15710411258965248,-1.1124767552088652,0
3.5894086792662123,-2.214129153028579,1
-3.027624430432754,3.24814800237697,0
-1.824428436202414,0.6560266340858233,-1
-2.5414398307434074,0.8515584527124745,0
-2.562912798135439,-4.787961583346648,2
3.9282857213045204,-1.9791744546832872,1
-3.353475131523708,0.12330202356468752,0
-4.770200371166176,1.1325234725357336,2
4.596386745453545,-0.4404449381375893,1
-1.9954299376182774,-3.345961676684003,-1
-1.7123231928526548,-0.11639147423243668,0
4.216379348958489,-1.1118677608668988,1
-2.6904654211889723,-1.7676843950105543,0
-0.9478717057119617,-0.005295037248436635,0
5.118686995072125,0.5414722492562929,1
0.33131140570860845,2.2710481166917535,1
-2.406517657265356,1.3467475342569941,0
2.4378485745537017,-5.752994464768558,-1
5.451230073629196,1.03453362843243,1
2.9168657091382046,0.2863251154173537,1
-0.14069614185718515,-4.605527046390701,0
4.525839724704475,-1.2261759492249926,1
0.19459257736082133,-1.4486546397620002,0
1.1159122175800222,-2.2355357512578946,0
-1.90736585172336,0.6998540070340789,0
0.30658713468348303,-0.7911111301062566,0
4.757054905125534,-0.5728971894865047,1
-3.4176834500169098,-3.7516739246665316,2
4.000523960123255,-4.061853531583099,-1
0.9628501090256091,1.354257843654131,1
4.695621983745014,0.17626282187003903,1
0.2910102070766235,2.016941035423379,-1
3.4126970333617273,-3.435118614623545,1
-4.304213617887914,4.377167373814205,0
-3.2617444479399795,-1.7117713203432645,0
2.7533257316707096,1.3842113787430497,1
-2.9164125009052153,-2.0095429591050036,0
-0.4949619482689248,-3.7044414308562015,0
1.0783904366002697,1.6700097117130295,1
-1.5339923302143588,-3.720844269736274,0
4.498819742868913,-0.7309363134334383,-1
0.4587136035500848,3.2793539461172925,1
4.218649506283671,-2.315418365664139,1
0.11182552300618122,1.4126177980795893,1
-3.3918995434050516,-3.550449427923815,0
-0.10712692054240759,4.357653467490051,1
-0.3105043312532931,0.6108256737948753,0
-0.19968484074211693,2.506258553166736,1
-3.288179421521435,2.3757544119309766,0
-0.9553403052462687,3.3399980506832954,1
-2.1069110845786128,-0.6759197225847644,0
-2.398011479529972,0.8997714056376427,0
2.008492578001596,0.6152918200773358,1
-0.7078551189735501,-4.479595668567524,0
-1.6226848773095952,-7.027105092305176,0
-3.923794573377851,-3.3001424648219198,2
-1.2758834238129033,0.8546369216162488,0
-2.7743230319442924,-1.558627407733699,0
1.5469877546653272,2.450288086867356,1
-1.6210683752814006,0.2553791383820306,0
-3.5558736448246093,0.6056645106571535,0
-1.7132336334065432,0.41540892042874095,0
4.001692609115136,-1.0133288698155964,-1
4.9313432778404085,0.314136802591739,1
4.5349078089585415,-0.2741252355978009,1
4.605564995188847,-0.33094933624924155,1
-3.231882544026414,1.754113149588821,0
-5.190859147990452,0.7071608283491789,2
0.3646442597196445,-1.2752862124872406,0
1.2057561678498199,3.2831101184313316,1
-3.308848664071657,-1.1518354198427883,2
4.408110183433797,-1.0332171355769315,1
3.965675460765207,-2.473128224506943,1
4.553178159362488,-0.9289535326052925,1
-2.946562098392026,-2.1383000585493708,0
-3.8716820391902806,-2.2144542824989375,2
1.1477998680658263,3.824868473438278,1
-0.27434984202464435,1.353856212094829,1
0.07274278426529583,3.1469756557010427,1
4.711922151134046,-1.2267707171321034,1
4.257234639960117,-2.1531091579794985,1
4.925466517777114,0.2645259226860076,1
-4.262480461844695,-0.9432697875320175,2
4.604051165053327,-0.8451430667416169,1
-3.6020685453564703,-2.681034419610913,2
-1.9052505203046506,-5.524917458898429,0
-2.212210974860007,-0.38688016849971774,0
-2.889100402782913,-3.8644494381396335,2
3.0340988734993832,0.21404054952643836,1
-4.683191786044435,-0.34918438967304016,2
-2.0107235124404244,0.6286549369626756,0
0.05820460521396891,3.769656473141803,1
3.7464988702393875,-2.7558804562319485,1
-4.145906521007897,-0.4738067997283346,2
-1.2837539460707137,0.28947369617064883,0
-0.07335094962079743,3.3162653336669754,1
-1.852823805057659,-0.20167061444982526,0
1.712941885967094,1.0647912468870526,1
4.126446524459394,-2.3179372031747505,-1
-2.5853996680169486,-1.2758946737506374,-1
1.4202034736665605,3.4097834857206792,1
5.326340806273988,1.0983046604351636,1
4.4665570867905195,-1.6077773417362755,1
4.476438656856877,-1.0727487093318597,1
4.564074317086155,-0.9644970256802665,1
-2.9495855130384903,-3.1930730540044197,0
3.966067990490414,-1.7431158334796912,1
-0.24839391187031265,1.3187297996375216,1
-3.261668567115271,-2.3397493820331756,0
-4.523527970738409,1.866627175924679,2
-3.7863433736024246,-2.0741088394952407,2
4.4585635437193165,-0.401227735593308,1
-4.526292009071698,-1.7961047643676857,2
3.4814379415516385,-2.9076223471551126,1
2.723950390852897,2.4447002736067844,1
4.729832412038916,-0.22112991921620434,1
-2.527622057404283,-2.8254688050685917,0
4.2646101852921126,-1.3766904032361975,1
-3.5079125859821243,-1.4037499387809258,2
-1.4088351403274468,-7.245549260499379,0
-0.4070058911161646,-0.4277726439004531,0
-1.3361164763733513,-4.865348001397319,0
4.424968993270364,-0.9995318994534008,1
-0.19820289943689148,-5.8149942451896415,-1
-3.1782333309708424,-1.316163526844665,0
5.613495651972093,3.036993842717664,1
-2.3454283519147396,-0.8656295300286536,0
-3.736479788923991,-5.084959511152881,2
4.734333594625804,-0.3036885131746595,1
4.964533360050566,1.1461133179866785,1
1.993480976376896,2.769188310731234,1
-3.182242899228216,-0.5866352768174383,-1
-2.2371678427061985,-2.1964397141571297,0
-3.8249103855219015,-2.737834435744683,2
-0.278085507359154,4.022552167622386,1
-4.757543920988551,1.5624172140156487,2
3.1016526404273073,0.9585208791650427,1
0.03043513034854818,2.0662066535782917,1
-1.4957370799086165,-6.122548117706195,-1
-4.123748427930924,-0.5869479893569604,-1
-3.370106213483732,-1.7261073507741131,0
-2.937408017285851,2.8460229166382582,0
-2.869119673377885,-1.4906922133420983,0
-2.2262669021496517,-3.8043671521157334,-1
-0.8662832651373297,-6.039237430223085,-1
-2.3672491496665446,-1.0027346468098008,0
1.0624976652787748,1.034086237539611,1
4.806856602177915,-0.3885735209248688,1
4.345418901821603,0.6305356306660445,1
1.5872016094824861,-3.120041987864558,-1
-1.7466859572114055,1.3768816443579028,-1
1.4898081893919124,2.6842347939597753,1
1.7024590980985719,2.728783621937355,-1
-1.7828562878034995,-7.022734134195838,0
4.641886711506319,-0.7556313236465195,1
3.901833848532887,-1.43904910073961,1
-0.2841124404460476,3.5004024885555967,1
2.2520116688701344,2.2219813851180508,1
-4.131684171594951,-3.4750740366322352,4
-0.1935031541457042,0.29686694634118677,0
-4.814333513094863,1.3272296775982118,2
5.099230137120886,-0.5328291527201166,1
2.771336506551222,0.8373870420191868,1
4.926298974993469,0.30451975122974434,1
4.5382326719262585,0.0766065989841552,1
4.921642157215268,0.854676195213864,1
4.5937380938503125,-0.4396480109867735,1
-3.802317846755101,-2.3875295929350777,2
2.637556228447031,4.303189509362193,1
-3.3101442753606274,0.0920238016212611,0
-1.759727269495962,-2.680620866902525,0
-2.5922163191555962,-3.267871853781178,0
-3.5749435237828675,1.6803843145970818,0
0.6667663689028095,3.212345456985891,1
-3.3922392312612115,-1.934870801328658,-1
2.7451900781254994,-0.16447658186353864,1
3.335873684015729,-0.8416382142578956,1
-2.9073614497974223,-2.555824776378739,0
-2.905561766132469,-0.8676447831337148,2
4.650456783000848,-0.5449736539575762,1
-3.108959658677835,-0.014080445656958887,0
-2.32113490193091,-4.604589996079953,0
-2.181511813751216,-1.7327287913948592,0
0.12126043292748416,-0.7023426490587616,0
-2.864936676464584,-1.4662122573066692,0
2.4355434621799965,2.727695364160283,-1
-2.9335585967546716,3.032241737250451,0
-1.8292994199454853,0.5834107285111565,0
-0.8311740868779642,-3.541807901226926,0
4.649532598116309,-0.5536351069294361,1
4.940666458710831,0.37959747469053523,1
-2.745788066708596,1.073369635377845,0
3.27785335627907,0.6124176476566743,1
-3.0106101298875663,-3.9057567704218696,-1
4.027478502090214,-1.5678347977258285,1
-3.576612918034548,-1.2748549987696667,2
-3.095107993360989,-5.814864243694808,2
1.3039930987016626,-1.4577420569991701,0
-1.4248696987056446,0.17962830517122297,0
4.051970459120932,-1.301939290871065,1
-2.7005313174196464,1.0668096383536547,0
-1.966464973275047,1.1719704978384526,-1
-0.18710904803719305,0.27492094912442755,-1
4.649718448357341,0.16011391858847002,-1
4.523192454758924,-0.5898127888014909,1
-0.8911433069562982,-1.1883104338040336,0
3.9164330344627816,-1.4792210689261207,1
-3.4455750589374263,-2.3891635883763587,2
4.19857035533039,-1.4110337337275394,-1
-1.6865620093183518,2.1795494701431535,-1
-4.5286563664845785,-0.21919108532533269,2
3.708354560047429,-1.9700210508306395,1
1.772011173450261,3.2952987353788186,1
-2.857587917526617,-4.195429441808853,0
2.1916745515696903,-0.19561900616242472,-1
-3.685065739717517,-3.0644958417788626,2
-0.6454891468594712,2.1719126867668104,1
4.362951156988618,-1.7277327785268362,1
-0.9690550057831947,-3.0393355856503335,0
-2.7977541662928513,1.6734325937731842,0
-0.8996831126824947,-6.61266589635545,0
3.112528792480238,-0.9281356955455862,1
-4.715816126565976,0.671661151057755,2
1.8562313548397098,1.1110015850279644,1
-2.282380557952183,0.8618635166664638,-1
-1.4073260490414465,-5.642819219541112,-1
4.513967826373922,0.04971001084543302,1
-1.2687077969214702,-3.075488585639735,0
1.5717643071087188,2.0196047051432755,1
-0.5730612668215289,-3.1755954766813623,0
4.003859215178118,-2.9213133501365816,1
0.6298124430680881,3.5037050945782,-1
-3.538751250177612,-1.799910222124987,-1
1.3006358114315784,0.6815651979849677,1
-0.5547507918608088,-3.643819906625143,0
4.114713620415248,-1.6649194781504795,1
4.583652243431101,-0.37466557335700507,1
-1.8753089696432899,-5.321249298634204,0
-4.170568345849156,-1.8278213765881905,2
-2.2545982053949807,4.246467691102588,1
-1.3070242255677544,-0.200834089915238,0
-3.795446459495162,3.6837723694002857,0
-3.672904580732495,-3.4641034121942256,2
0.9376481978414458,-3.327398713787203,-1
3.8165827812112303,2.5331658219047957,1
-2.08509674898633,0.007640217101868338,0
-2.117098726895765,-0.40040692180939813,0
4.467967301158667,-0.42732580202106646,1
-2.7019174298786894,0.6079231595297738,0
-1.1010865310148115,-3.761264385013406,0
-3.767009208573251,-1.7912809493273698,0
0.2754165906452687,4.4236910571355015,1
4.835642653081517,-0.701048844784114,1
4.483229015176911,-0.6007966067371403,1
4.695778300828963,-0.8087750960402306,1
2.181111416456079,0.7395422066721142,1
4.223294355207987,-1.357918363322855,1
-2.3034522937454347,-5.414051895753859,0
-3.4396333339162144,-4.9478943111526705,4
4.457301414481637,-1.3450038363348107,1
-2.8634442997960066,-1.7060099386918555,0
-2.8733551774127277,-5.80987380846022,2
3.120509859460091,0.7218171473337982,1
4.6177766720540605,-0.8568746584239804,1
-3.332896155834642,-0.9121337747130343,0
2.5545469301099213,3.8442981807713346,1
-3.3053068081936634,3.233219245273405,0
-3.624594722851869,-4.682322976472309,4
-1.35538747937276,-2.7864707906159145,0
-1.827596361837195,-1.7145576399930942,-1
-1.1203261485829117,-3.7146758173624113,0
0.7814265666798403,1.649004942296437,1
-2.164157031628755,1.4728106604217082,0
-2.9010251540737517,-1.8556634604038118,0
-5.420087857250367,2.0999736399948654,2
0.0406877352570733,3.12485198300912,1
-3.457660414843465,-1.6818333004576156,2
-3.5964354281889706,-1.575039515055099,2
4.40599679237264,-1.1914855536143536,1
-0.47512191762499545,-2.294532508608961,0
-2.894860777081165,-2.4233969462122147,0
-1.9210390627517842,-1.038793776638814,-1
-0.9299944425617798,0.29544902024676645,0
-0.3907687697406544,-0.5808712803834014,0
-3.177366585153939,-0.9539074973093845,0
4.686542448102012,-0.2628872393151787,1
-1.9273880768632985,-3.6361751854166586,0
0.5304863087871243,2.9275202121485076,1
2.636402803350939,2.302784740739462,1
-1.6829370487960211,2.241903211878251,-1
-2.2105658674008586,-2.6771564236955627,-1
1.5785892594287028,2.4898108598003486,1
2.751810918784893,0.45453125714062204,1
-2.8659337144839094,2.1638480578411343,0
3.7337141571812165,-1.1018526138525735,1
-1.1256684169208855,-1.3846225028475108,0
-5.557580997115692,2.4171513411093137,2
-1.436998225643307,-0.04753409630831398,0
-3.2016463566969704,2.7276102947692507,0
-4.224030043511199,1.895570063644318,2
-4.3372744365073315,-0.21453463920325663,2
2.376566225404663,-0.07326970862748737,1
-2.7136562054856417,1.8793589021825545,0
-2.065261798054049,-4.869897355421922,0
0.7175417535717915,1.4429081081825461,1
-3.729912252238841,-1.6182773005654267,2
2.072394977759337,2.6392951630561914,1
-3.495326997383703,0.09110550700188745,-1
4.604480651217358,-1.110276179921939,1
-3.99002831636076,-1.1189416263181364,2
5.1071209719426784,0.14542638522667933,1
-2.5780339509954207,-5.213343765654377,3
-3.9482243456539345,-0.573639100527855,2
-1.0078911961830275,-1.4490730850135765,0
-4.577320590962267,-4.571926791306069,-1
0.24787567516584733,-1.7930778143899564,0
4.861232595920985,-0.7365544024917537,1
-0.25755514378848193,1.4243681782170796,-1
0.6556068665656958,4.401975855301454,1
3.471629685580454,1.836103687347286,1
0.4694210210575193,3.5921582151204827,1
0.6553185375126266,2.9602371348256797,1
1.1189372511665578,0.9218928377738699,1
-3.680104188411024,1.4478438124600148,-1
-3.4817351785229644,-4.680042003628384,2
0.2820344142623033,0.47409567984898193,1
-1.3114877989448277,-3.082641342524165,0
-3.7849211679769463,3.476160361386784,0
0.530834800476552,-3.3579903412907037,0
4.2048856234124665,-2.0192831906732653,1
-3.6905761401607,-1.7659357206353543,2
1.0258707186795903,-1.194351780906263,0
-1.3793723012024366,3.9441878263047085,1
-2.926016428596932,-2.736882594045897,0
-0.8700202256257059,1.5151277673704917,0
-3.519242134713685,-3.3056929877966335,2
4.309509019779181,-2.003321926790824,1
0.5508113549738112,-0.6473343564311262,0
3.878674230720258,-2.534869019073685,1
4.150868614370384,-2.2537498523991735,1
4.199209992468726,-1.0400589808675103,1
4.317695622781607,-0.1089679098259813,1
3.7368018361846245,-3.7350696761660793,-1
5.368155803365343,1.4668875995019703,1
-2.8878731211888207,-2.8755140363212286,0
-2.228515731267037,-3.8246409996235227,-1
-2.3639629915939255,-3.7730248598950054,0
0.7641443399310618,-0.8850806368487742,0
-2.5170828160955105,-0.7976381966218301,0
2.307204166821747,-1.797523330186956,1
5.415913753897565,1.3360092171852254,1
-1.9320954331840594,1.3858521119479683,0
1.2922793739500125,1.2245084465577167,1
0.45495002085716274,-0.12447097784964882,1
3.158722807970145,0.7079105239317104,1
1.5951429238566739,0.28756993878903137,1
-3.8750230522190066,-4.569727170168914,4
-0.0252663256442381,3.7178205464787197,1
-0.6292130060532546,-3.8243597714245356,0
-0.9319495085957525,-0.4448514805222435,0
-1.1899430945895,-0.23843718499192001,0
0.3563020178731385,-1.259980178793999,0
-1.3398795564330197,2.021538028757303,0
1.521934110486042,-0.4037563019245704,1
-2.541135401020998,1.5764349218313285,0
-1.4344221234057017,-0.6539318601906039,0
-2.9602523247645065,-0.9404019995328599,0
-0.35609714571380496,-2.8913369695731888,-1
-1.5392077989067616,1.7129993266182064,0
-4.513320131302109,0.14130897377390123,2
-3.1829994515887194,0.3742762668552485,0
4.251418051562446,-1.7933764033920159,1
-4.161439542651851,-2.437097251447098,2
-3.6164033676481897,-4.415446201448327,4
4.36880426213198,-0.0683692656622281,1
-2.6358244156318587,-1.4596525710583446,0
-4.806258602787673,0.7561123846619489,2
5.042772849148995,0.2693007822354569,1
-1.4804027571073648,-0.16230672152774783,0
-3.5297633737965026,2.5954327286803847,0
-2.6289752902249477,1.8242341194719376,0
5.2266641402732,0.5116271493232537,1
-1.4215421946772406,0.8262120502310806,0
-2.3781500071745936,0.24376098614805897,-1
1.8193220135900559,1.7473854517795828,1
-2.7714942735581727,-1.2446760222095103,0
2.8617346200674354,-4.208120699830441,-1
-2.5099516918089457,-0.915259267863521,-1
-1.9124683660119433,-4.900005750771441,0
3.6018626122299096,-2.235866306242009,1
-2.9324670502358905,-1.5871299387059568,0
-5.391054947988854,2.768262678999648,2
-3.893833896337008,-1.6738051201421016,2
1.866734371893901,1.14194972986509,-1
-1.61072782944094,0.42672998392724365,0
-4.059319614193096,-2.909619005354998,2
-3.5297237496685803,-2.783154920338398,2
-1.8718838089606114,-1.4740918388714055,0
4.1815529978401385,-2.118750820207915,1
-0.2665010891115804,-7.145625603433571,3
0.8814699120574845,0.03684537605416718,1
-4.183269686534809,1.5193333651746646,0
0.8259718135895244,0.044365396545548726,1
-4.590499600951164,0.9930410762566966,2
4.977558044618414,0.5150082710942776,1
-1.633803504588361,-2.575610522314919,-1
-2.5441669188700926,-0.4472286456413283,0
-2.483663340860882,-4.638032353155644,-1
-1.4930515455823572,-1.3060574951014388,0
-3.8682245070439607,-0.9119488120427303,2
-3.517070549950256,2.0947563054927123,0
0.49738446163140987,-0.6396413586250627,0
-1.552085420787477,2.9365714134589753,1
-3.395821719700216,-4.959645716673633,4
-1.8699858295584233,-2.741461347505582,0
-3.943036237568635,-2.4988497426034053,2
4.422859638377999,-0.5891304639610949,1
-2.2241044402008807,1.2840850462647497,0
-1.8719820409977355,-2.416496684536836,-1
-0.37789976668433894,-4.185697219320308,-1
-1.0159548387328594,-1.6190523355363038,0
-2.960626650470952,1.9270820794447232,0
-1.933586701403013,0.8494440879726936,0
-2.994769638130609,-1.7378640680425719,0
-2.3129629093049653,-2.1070728740915645,2
2.569626132501304,-0.9667169958556803,1
-1.7739620787491888,-4.737514183853716,0
-1.3456000857878185,-3.343442362875491,0
-2.913974631846245,1.6335449168825387,0
-1.8841367774415618,-3.275610770275852,0
-3.679769248951799,-1.7312871434463015,2
2.357007239801981,-0.362370669414675,1
-0.5785427525790258,-6.233882166370732,3
-1.600630119027312,-0.5143227061910767,0
-3.267548509039275,-4.117683666157153,2
-2.7300044412043567,-1.0803727208773974,0
3.2943032629310673,-3.5701315317516618,-1
4.72650955093675,0.2715871995798851,1
4.62205887419728,-0.4643844404092942,1
-2.3259075978271992,-1.4690786584848234,0
4.028353176006191,-0.653159657636771,1
-3.6835523625644346,-4.847424875279505,4
0.15339425450991998,4.791452268132135,1
3.6577326229341227,2.383616056768797,1
2.4630043550148075,-0.5228396435928566,-1
-4.171255125325055,-1.09632534947829,2
4.820583942770081,-0.43107044788459675,1
2.5091186641386334,-4.477257519345772,-1
-3.5251501306848665,-1.5160438645897998,2
-3.3672665548334053,-2.135368852077207,2
-0.5779460890872978,-0.8919194654169319,0
-2.8283753620728094,-3.2798449665862903,-1
-3.6659455149924156,-2.3195882484363533,0
-2.4278782150424565,-3.608673897660381,0
-1.5909909793113062,-3.0132752461199352,-1
-2.8990638094984,0.9465144624693574,-1
-2.6614339820568675,-2.8385190803438203,0
-3.077520175815328,-2.672972213562876,0
-3.1415545040310304,-4.466604001681493,0
1.0617293343360232,-1.8852419816302115,0
-2.448730355812308,0.7944394634578504,0
-2.4946418567523523,-0.6813930423772149,0
4.140640971202257,-0.9299062833966032,1
-2.2315513848983284,-3.7461872413431516,0
-1.8014160636165955,-0.30990018327711316,0
5.027371925181965,-0.9519028986513838,1
-3.819456504126834,-2.3544513586788236,2
1.0760694689698387,2.7824065858538005,1
-2.7595000680079416,-2.225191676830262,0
-4.1369319297159315,-4.263213972217651,4
-0.9964395756407822,-2.965911237481501,0
2.143389940317062,2.018104120849059,1
-2.2867342756924445,-3.3353290622988556,0
-1.89016172595671,-2.819620835960512,0
-0.7813687063996724,-1.3479682125017303,0
5.0092301427010035,0.5217606456259712,1
-1.959865376894945,-1.4631085219629683,0
4.529275419224414,-1.0549771785688389,1
-0.5401354026633707,2.1129645699303548,1
2.6659937093342063,1.8896851187776524,1
-1.6728591985464152,-6.35069621586615,-1
-2.760967136781752,-3.923715903364259,2
4.028323741629015,-1.8862635828972982,1
-3.2887217579645127,-3.44272815835836,0
-3.651064077454732,-2.247149066306996,2
-4.811986155829891,1.2168346675062707,2
-1.8881916632440003,0.7913589412006644,0
2.2156204896390226,0.3255543993288389,1
-1.1567641310164019,0.24567461065867602,0
-0.23055701019370975,-0.08864186051210977,0
-3.0380349447095325,-1.9906448598084017,0
-1.3294013081311349,-0.8329385550998512,0
2.7551000007075443,1.3398598008223277,1
-0.8615355790387389,-3.5317648426598334,0
-1.5919816726508373,-5.524183811745231,-1
-2.1653528047831156,-0.2462026833428461,0
-4.54909116972592,0.14625423517749653,2
-3.2027706844928145,-3.893560069674315,0
-0.15497666787855785,0.2538536270706983,-1
3.050355288593437,0.597678751495519,-1
-0.5607063399582916,-3.69127939125148,0
-1.2781658286546183,2.5377752342063093,-1
-2.8223350479908347,-2.8393956266279354,0
-3.3933919823304217,-4.991676689756423,4
-2.5339242346162676,-0.1357951622518495,0
-1.3117660321732787,-1.0544504104010144,0
-2.653980500063869,2.9251740960643704,-1
0.3602439645649605,0.7102156001076363,1
0.8156321861608561,2.9374264792107834,-1
2.5383936363252504,0.32370772048593854,1
-0.625563840908676,-0.6806288356705003,0
-1.043234732321829,-6.479050867111248,3
2.4961465848719913,-4.57521574175922,-1
-2.4271097796733057,-1.9744363124109678,0
3.9351227107261866,-1.5256226473639767,1
-3.1989880170284404,-2.1349050592923575,2
4.0678112003195945,-2.455581116215631,1
1.59828720350637,2.379281011081848,1
1.482871421258191,-2.072475563497242,0
-3.0704639118986785,-0.8187862745900187,0
-4.149174229901552,-2.8735209691724686,2
4.896606130738481,0.13288033095873666,1
-3.3188373560076823,-2.843366316408408,2
-2.4516169043172393,-3.650138720268068,0
-2.3705083132239593,-1.8535380970294182,0
-1.9045466189045936,-1.2018357502650607,0
4.884427749317997,-0.14714995459821018,1
-1.6794148406341554,0.4825650122625135,0
3.452970719719007,-3.3977481046109075,1
4.115785567932874,-1.1397793265567644,1
-3.7023038072186103,-4.748037898627693,4
1.3323213262251288,0.4914728924210797,-1
1.215281310503148,2.077726461182265,-1
4.225223808418625,-1.8560952316870998,1
-0.04631671541156308,1.3961585080121013,1
3.16483871736714,3.723593802967504,1
-1.141300514044567,-0.7056089656366639,0
-1.6086277118395762,-1.5213896923266803,0
-2.693202965101091,-3.6473996817151684,0
-3.814864975120617,-2.3889900701053115,2
1.800110995953942,0.13203731207818678,1
-3.113597712940174,-0.3600306938196932,2
-1.9281226341165818,-0.3926884865400753,0
-3.6358496823770556,-1.1611149322948124,-1
4.8371476867259275,-0.16061669576018606,1
-2.4215110520270433,1.599067199592678,0
-3.4894976982303523,-4.063853930944981,0
-1.3687736338417849,-4.822371280648808,0
-2.8231795074227044,-3.5136078400564648,0
4.681618312484978,-1.1737412340947644,1
-0.44410578874917156,-0.09589238678595481,0
-2.1614163353089966,-1.6364257132822966,0
4.967001772598527,-0.7314303432623979,1
-3.5502477473081,1.0025242724392371,2
-0.698558411761627,3.9167584331886793,1
3.9589449182620418,-0.875646757694329,1
4.596771472492974,-0.3565412103572575,1
1.2137893764982166,1.0755972088382726,1
-2.1482884791240013,-1.5323554514529323,0
-0.7013341189834488,1.1260556408481097,1
-1.4530850462692466,1.82762836953583,1
-2.275071413180438,-2.6865696052778447,0
4.726304502598009,-1.238845388705225,-1
-3.0134541418421352,-5.1502021575121395,4
-2.185130761839902,-0.17992457599286746,-1
4.260862968402661,-1.7087244367440373,1
2.662256881061604,0.33181386080822795,1
-1.9657764899927646,-3.671532911365997,0
4.555070144451294,-0.6836038431754483,1
0.26304998746611946,4.6224838697041735,1
-3.5949356606287624,-3.281876172494083,0
-1.6766279774045694,-3.4844058221310217,0
-2.712819080224221,-4.793117360565359,3
-2.231961053315605,-5.3545545298692065,0
-3.9911716543108495,-0.2366600340764822,2
-0.3855047647632158,1.5873970002567723,0
-2.2351766324731686,1.474576047206233,0
-1.5021881823209244,-3.02981060591659,-1
1.7455503263959826,0.7252834143730464,-1
-1.1560847887608252,-0.7568078325988391,0
-2.3709241507606915,-3.2838179790471833,0
4.963549350773933,-0.41075152544201915,1
1.8055455866949808,1.8057151946085161,-1
-3.073691388009565,-1.9112662148760977,0
-3.8806173601847735,-3.9650761059870683,0
1.0698542242166122,1.6539139929311248,-1
-2.7961004806971825,0.5648759586581175,0
-3.1439968845622883,-3.1132920358171874,2
-3.0332365133221417,-0.1451351138542777,0
-1.3220165478117327,-4.586750713890992,0
-3.1674069214422302,0.39713525672472677,0
2.9369900978730867,0.2392272991912088,1
-2.9815457663770544,-3.165855736842294,0
0.5261762337176655,-0.1897748068765024,1
-2.499238913264655,-5.2095806958358795,2
-1.909019750187063,-3.7041903902111835,-1
-3.1798671845390705,-3.481681634973246,2
-1.1859880688347064,-0.4815446262363396,0
-0.3128119722304416,0.4459265897738441,1
4.683488505844883,0.3495920792675194,1
5.17435127218171,0.4877305788140759,1
4.235939913776659,-1.8282423748220458,1
4.882737079558396,0.04575739699984111,1
-1.960107752498864,-1.682112142561276,0
0.5928050653726602,1.525532711437778,1
-1.5291040780534757,-1.2939706393070158,-1
-3.001092577790549,-4.754466540591694,2
1.9553715664118199,3.3739167515854174,1
-1.410494351629809,3.114521716362826,1
-3.996692663782407,-2.1789224671665592,2
-1.635819713964459,0.06613609516693002,0
4.7991748627506166,-0.34453781556470076,1
-2.3801495621606814,-0.4140307044681191,0
1.6420439207413209,0.818726676911956,1
-1.0839878289167695,-2.0261014447672645,0
-1.2204742913422706,-0.5114555299441684,0
-3.3771888893820905,-3.3004856829051357,2
3.6186661116754943,-5.310212766346204,-1
4.824152591083932,-0.04212789973192981,1
4.934964999925869,-0.7232897093297366,1
4.732277785818785,0.3884200692302772,1
0.925336520601548,1.3672834983286086,1
3.8595789836653034,-2.623170049984301,1
4.209152667848031,-2.0115446512803086,1
-3.0515023678012887,-1.647348325219147,0
5.060236087521707,-0.14105736945380332,1
0.9206605437565957,2.5052587775320565,1
4.5909915537613095,-0.718438122386994,1
0.9857883409757776,4.2868966758991,1
-0.13922971922564584,0.6572179480087251,0
3.519153252922056,1.9728591173952106,1
5.093680463144269,0.20106129234932588,1
-3.306944606546334,-2.9665734544829987,0
-1.807316422697609,-3.185458464758593,0
3.3310006016642415,1.4006305559260706,-1
-2.234525899713243,-1.1488877915616627,0
-1.1833235798199289,-4.73431014030166,0
0.5953876245057396,-4.348792637002693,-1
1.233672217494669,-6.176957882717387,-1
-4.043547001740712,0.1540855022516689,2
4.055504217633553,-0.5398579323965927,1
-1.161247314365176,-0.23831622149720508,0
2.1425799897247098,1.6939777886658054,1
1.1430603067807155,0.030416970600204755,1
0.314991429472883,2.0908093438608018,1
-1.0969663405081242,0.6954607194845949,0
-0.06266450051462992,-0.8453472066372647,1
1.1311514499343331,0.8234146342493135,1
-3.0841909882274026,-0.28881264457045797,-1
-2.057438025686627,-6.056641366911796,-1
2.8981918936382067,-3.1566849944645665,-1
0.9268540351692671,1.032397835803289,1
-2.7904141319462368,-3.338656098928233,0
-2.5681321696814443,-5.481614291336767,2
-2.6150781826771343,1.6227833874865545,-1
-2.1089815201563207,-1.842879080639164,0
-3.4337254899149268,-1.3604152392087636,0
-3.485670788580928,1.1582830384615788,0
-0.7871606588344424,-3.1259738920380236,0
-2.482049980627697,-1.0596161680675311,0
4.864450361524403,0.26988696664315454,1
-2.3006602908274463,1.6759547727741815,0
-1.8776679677818735,3.416472495561701,-1
-0.034508204316007436,1.8785805771339337,1
-0.6745669473111575,-3.101295627743284,0
-1.2134592631241825,-0.2675140834258605,0
-1.2048618700662226,-0.09455764901204866,0
4.902555179315366,-0.34438362447734205,1
4.216324839085255,-1.9504031537781,1
-3.439298898147287,-0.3419564191081748,0
-1.664376221154211,-4.835666713029159,0
-2.1267438207913525,-5.953652357576262,4
-1.2054251427802083,1.2154681962206735,0
4.712646581717747,-0.2252601993318028,1
-0.15489013485671976,-6.391971923750228,-1
3.1510421717307535,1.25659566137933,-1
-2.496221437376171,-0.7366015021903768,0
-1.349525738501849,1.5212014387042208,0
0.5590023064778296,-2.589664186931215,-1
0.05368779241387244,1.3564798784361563,1
1.2880475622004048,2.6745946472844664,1
-3.1595750374482376,-2.8446753899291894,0
-2.9214625519788395,-2.712791302696455,0
4.455246939750664,-1.0415183020729295,1
3.424475509519697,1.5007487626992126,1
-3.0066669792685015,-0.33098908256758375,0
4.723221895129306,-0.5609367614519212,1
4.067863751765308,-1.7342201900794836,1
4.67402196537212,0.0356087127342724,-1
-2.372504955055723,0.030160586092474614,0
-1.0269284274138997,-1.5705255842740315,0
4.156595301555968,-1.9120035453038071,1
-1.1073603097651459,-5.906579422727104,-1
0.7630135283411911,-2.7078172234549123,-1
-2.3682778030249163,-2.02322796457726,0
-1.756918568188579,4.7576888175688286,1
1.898855529281386,0.5140596555554099,1
1.1941492430838156,2.5585471511101,1
0.8970517284198619,-0.9652627705267129,0
-2.3311562200726588,-3.443946871623502,0
1.2375033248618652,-2.4826252116272998,0
-3.7945051192780657,-3.1212800687183946,2
2.594235089586269,0.1813933232343846,-1
2.768719402454766,3.1758162924894546,1
-4.0829857601392865,-2.3351503754695373,2
-0.2983533548572004,-2.2368005071256536,0
2.714772652403695,-4.422542471892173,-1
1.236687358718301,3.7846417715128817,-1
-1.6384601476996798,-3.16210694246972,0
-1.3251724245711112,-1.241084975354086,-1
2.007519242868776,-5.253382865726765,-1
0.9372868755391811,-2.275185264068098,-1
-0.7643546835083653,-1.7673403779193475,0
-1.3979348830229499,-3.228728930123775,0
-3.334674556103732,-2.20593125073095,2
4.124138877217855,-1.6376533338648929,1
-1.685579259685445,-0.4013847093786771,0
4.675379681224589,1.230824350522028,1
-1.753849355845897,-0.9130534010149777,0
-3.349816940737268,1.8742185413260564,0
1.480257848931872,2.3852462146840145,-1
-3.013793372478061,-3.8511920371838264,2
4.365957444677968,-0.9749950826773244,1
4.767486144664402,-0.8144226544899926,1
2.7111263196858526,-4.741994495859818,-1
-4.21091892595963,-0.8619239773743144,2
-2.2788683361366946,-2.2563039789727215,0
-3.518170252853273,-2.51532594798696,2
-3.114502138898417,-1.1824001341351635,0
-2.652787225161464,-2.815971368377814,0
4.375302645623953,-1.4361822449800383,1
4.379775904868189,-0.5982942281613122,-1
-3.518160176930659,-1.8434922111865268,2
-2.827894205059896,-0.22386002275272787,0
4.5165955285580734,-0.6574037078095993,1
-3.0826398089803457,-1.709281318300078,2
-3.820505422969208,1.7906193824256917,2
1.3473117846722718,0.3871334904616167,-1
1.6703199260232706,3.471446319918301,1
-3.3011740430950116,0.14562294995316571,0
-0.6792910744168,-4.596653134791753,0
-3.66525717009018,-1.3703418889021979,2
-3.1938226047291756,-2.0831964033134702,0
-3.3984497143739016,-1.6814476276048962,2
4.3438371726152285,-2.748724227911617,-1
3.1643308282207387,1.66604252007036,1
1.6906038408242308,2.8930364066778624,1
4.521920468388508,-0.710172922900325,1
4.680233097568115,-2.2385233064624415,-1
0.6660855308449063,0.6291877801275496,1
-0.36978712812163866,1.5326175718343,1
-0.8938897011461017,1.6793534831902965,-1
0.31956918344034874,2.3375503063693794,-1
-3.5212423931804873,-2.2203427900909576,2
0.43972932718258967,1.535768528705945,-1
-1.9860677325040046,-1.2336397059053101,0
4.582189658081853,-0.7049050698824008,1
-0.3337156108120909,-2.8062613633737,0
-2.01740244457739,-2.5875735656948473,0
-0.5395011191258942,1.5580856932892468,1
2.664203064998128,1.4672392840191388,-1
4.777158703265362,-1.4797967751245296,1
4.6576621355339665,-1.0202470517832136,1
4.727460110960464,0.41952555669936215,1
4.9547498891001975,0.189307302432029,1
-2.1397728441029997,-0.8542017496523382,0
-3.2370362420556247,-1.464412136708783,0
3.884118353259324,1.8870464681993093,1
4.206649688228382,-1.8380813981360427,1
-4.075107958225777,-1.107758299163139,2
-2.085223721816527,-2.718375089916155,0
-3.511584158491711,-1.939137089010158,2
-1.1794569503016388,4.065613499918869,1
-1.1996098933102948,-3.5819210603464007,0
-2.5429792596826104,-2.0483101394669476,-1
-2.385404938551751,-0.9286859979167752,0
1.8007705324804602,4.072573588083985,1
3.792653374867014,-3.304482938842218,1
4.996161114527306,0.27286259789550654,1
-2.8019500549824516,-2.3845302746742125,0
-4.312934696770628,-2.4927112981899135,2
5.133912568747046,0.3931889159914768,1
5.358634465368593,0.07665754593979382,1
-2.6482013334821493,-2.426006310551061,0
0.3902008452785121,-0.5006500820488611,0
1.0142665924185128,0.08529668205585017,1
4.293734467180819,-0.6855632868114648,1
0.8149574196021145,2.9386842414289664,-1
3.193615506592321,2.4895399406819707,1
5.139676491917692,0.9443439543315665,1
-0.5048046938246281,3.077815613937339,1
-0.32719660040350823,2.8505261532543797,-1
-3.3804613839601725,-1.4828821239553003,0
-4.32202116009843,0.9792190067470894,2
2.0197731500501543,1.0201596886140922,-1
5.590966928198952,2.491786078332264,1
4.151642670533405,-2.378291638153481,1
3.338189401688292,0.1036224905865254,-1
4.797881486165105,-0.2065071298814804,1
3.9969445879920142,-1.9657508411450115,1
4.7621304864663445,-0.7940405921140204,1
-0.6974529684360976,-5.072882007433297,0
2.062246982918729,-0.7420761509544522,-1
-0.35707282611193136,-4.017352281840071,-1
1.034367985190876,1.8586757694199691,1
-3.7037291834300388,0.30349619016788054,0
-4.155621940149455,-0.5285301665301634,2
2.0530307265716274,-4.739804989012907,-1
-0.3405947012675649,-0.6902267339343594,-1
-1.6319505916209398,-6.544494644127023,-1
0.5189470602801934,1.8372616022219,-1
-3.80613755233781,-2.84639204434028,2
3.6478526074129456,-3.999750126074247,-1
2.586157958073646,-1.9423451523577764,-1
-3.6607416572351643,-3.1794050990725116,2
-1.592394445841693,-0.362903073024748,0
-0.3497149874486459,-2.4252027595854995,-1
-3.171081039460792,-2.924877817976898,2
2.5559533686323026,-0.9004999401766016,1
-3.7497881728648053,-2.177976705308641,2
-0.5991470398715217,-2.4864175943391684,0
-2.4490622780867315,-1.0182205235070743,0
-1.9884853642272347,0.31753670300236103,0
-1.1680258361877873,-5.993409128928808,0
0.5659181010199117,1.489663847625609,1
-3.562167697378014,-4.1361297972877855,2
4.6198170284418865,-0.6955373224438244,1
3.8431429760491906,-0.9117088261132533,1
-3.8241297021990506,-2.0533623210043332,2
-1.4551179044221079,0.07693013097422445,0
2.370701261041814,1.405849087235053,1
2.6530474859692315,-3.9549431782394575,-1
-2.1761311560336267,1.404237583945392,-1
-0.7438086816846765,0.8967356321679127,0
1.9216651194123238,-1.180946455083838,-1
-2.9660414105562123,-0.3717580540787989,-1
-3.265666499557429,0.9479510803230149,0
-2.6017669198015727,-0.517880399282726,-1
0.43485699719829746,1.65869481451119,1
-1.2539433571226684,1.6227251580780917,-1
0.0991351786908931,-0.8215135653959854,0
-3.366311131298183,-3.471952953801205,2
0.5780520663196254,2.174029052723465,1
-3.6872922018583725,-1.0990795162015683,2
-3.2083572591965805,-2.3784684473408575,-1
5.853060743260263,1.2331438430596118,-1
4.551146260109893,-1.5124312722470532,1
-4.118949173961235,-0.9719963596832797,2
-1.598797191326061,-0.6064576323577903,0
-3.9883769530371733,-2.5908412603793316,2
3.054234032555629,-3.2450622619410128,1
4.341598637215627,-0.6383145914824817,1
-3.346747090820517,-1.8911708782109176,0
-2.892937077240173,0.1265809601201268,0
4.151879246615695,-1.5195126707257758,1
-0.5937586192394684,1.6623924463898636,-1
-2.086390452330784,-5.090782676181761,0
4.307862525849733,-1.173538123899814,-1
-4.0383793849431875,-1.1085714590318583,2
-2.925858314481682,-0.3212481296977514,0
-1.2537364908547972,1.7470642117657313,-1
-3.3282236094234596,-1.8016215446273238,0
-2.983459762689241,-3.171631901936912,0
-2.754252727082146,0.1945041489135034,-1
-1.3929278308883477,-5.113301338801277,0
-3.599707639604351,-0.2877006959998161,-1
-1.775826579488162,-2.0893443148132884,0
-0.553523918928345,-1.8184034008831969,-1
-3.6436861167771815,0.37616888322183056,0
-2.3989903751547366,0.11798660494935058,0
-3.0319871674556262,-2.330383073289952,2
5.066994011594023,-0.03131545034850213,1
-1.9889287728678606,1.2315308421902167,0
-1.5631124822267262,-5.938545922438977,0
-3.5611413335361743,-0.46076295889557,2
1.2198459193590916,1.9877171252614494,1
-3.5717138900493954,2.594588627860339,0
4.244379752307603,-2.1621360810124415,1
1.1006496192646105,1.7801849592403143,1
-2.0606448070089187,0.5698153446262381,0
-1.6530317086464235,-6.201762032136036,-1
1.0076456536387466,-1.5602442936010084,-1
4.635433380318297,-0.6838226787179982,1
-1.9019376761153368,-4.382327375748287,0
-1.1773059870542373,-6.353511766920362,3
-2.663197259351984,-5.900940933073163,2
-1.4738510773271227,0.01937160160481026,0
-3.2173397706404616,-2.293052519068336,2
-1.428127103311379,-1.3910485762724862,0
4.327831404118102,-1.2432971441564724,1
4.07923630240005,-0.12428780815645278,1
4.83987673848408,0.13726727310675663,1
-0.6626452377051498,-4.274600989734284,0
-3.6066927573666754,-2.4053549339917533,2
-2.82853263187603,0.2161167213592931,-1
-0.5890757995368291,0.6412475393681754,1
-3.1276924585207655,-4.180700140438625,2
-0.2936151623364777,2.4916220596364234,1
-0.13232000130952795,1.050354225181134,1
1.2416409801909216,1.0808754939067189,1
-2.6022055648474183,-0.5373649318498415,0
4.241992651547608,-0.7834068098783592,1
5.123771170621307,1.6614485123465288,1
3.5585391504276362,-1.8321076343453209,1
4.064365839840014,-2.097768997050964,1
4.02264282780949,-1.8436672818637259,1
-2.1863631161704307,-3.1426748037323566,-1
-2.5533775313411597,-6.960255065775424,2
1.4186072793146212,1.0376778168958445,-1
-3.759429254029627,-2.437325547238647,2
3.822473664847536,-4.134583027208597,-1
-2.4196090357232203,-5.880503864138171,0
-1.4609800653738214,-1.9580298077224745,0
-1.5991249476561944,-4.968600211967164,0
-1.0301464473134765,-2.2378603694032195,0
1.8698419190634827,-0.5897929832511161,-1
0.2731983599305699,5.159069813515043,1
0.06691836349451145,0.7136611356910775,1
5.126117704743832,1.3160616513435017,1
-0.33712218086406615,0.6910209336838494,-1
1.0145348326635768,0.10478328096486095,1
2.8975503712397166,-3.5040744767613496,1
-0.6579261580590786,-5.756564542624173,3
-2.0993194181977533,-1.784388210254777,0
-1.622305888207309,-5.199276119215121,-1
3.8267870483386974,-2.243568376073187,1
0.08913782184285297,3.0258028959867826,1
-1.056966096653228,-0.42211316628959816,-1
-1.8713099582766695,-1.231538321190447,0
-2.0783143118935175,-4.636539236857992,0
0.5495206497065964,-0.39308758417736755,0
5.0330600204025755,0.2303842461387511,1
-3.599909608173314,1.776026212148009,0
2.989344210611335,1.8388710710526006,1
-3.84674842100969,1.1706231459838679,0
-1.694428666173282,-0.7175375327058576,0
-1.5723319067300168,0.2493246347694954,0
3.8428986440333253,2.106768345371375,-1
3.4237349337140492,-2.671163001125664,1
-1.7035154433520336,-2.803813194683904,0
-2.582359686848865,-2.530514496393122,0
0.3053085335204904,0.5272430365287172,-1
-3.3296342123584766,-3.5683723893530828,2
2.9203210060176703,1.7686061472847223,1
3.2739247739293593,-3.3902274223707387,1
-3.971761593164142,0.6532894174117687,2
-2.983958479011038,-1.9387490915882735,0
-0.4143214325508212,-0.040680568437265224,0
-1.900744595369434,-3.7853531007244365,0
-1.6335202988774074,3.796761277879449,1
0.022156179509516247,2.6208945267742694,-1
4.302564659411685,-0.9708738877231837,1
-2.4506790264570832,-3.388697797194021,0
-0.16649255895632853,-0.23385979378551222,0
-1.8760018405693313,-3.7248920356699644,0
-3.6255267548023897,-1.684543807811649,2
4.5697591387048355,-0.15522970704969696,1
2.8642420353669586,-3.8898088606673986,1
4.077246987126187,-2.182323191725585,1
2.259747053841683,2.9442652828126112,-1
-0.5420919194746642,-6.708533446001092,3
-2.954275687825822,-5.94654754754265,2
-3.9886011270013273,-1.8552574152959467,2
3.1374103109699405,-6.60333622873045,-1
-2.7131114839690427,-5.746495931268133,4
-2.9959800489520005,-3.8762715855407444,2
-4.0029628137780024,-1.290324414454302,-1
-2.6149565906304857,-3.477869053144652,0
-0.9369338680747245,0.860460229392351,-1
-4.786057354024266,1.8062260812434288,2
-0.8501619612444029,-6.035671445284383,0
-1.2562528757074158,-4.2314431838249495,-1
-2.1632138693948813,0.5478814481632585,0
-4.237265206258671,-0.034421433727083825,2
-1.0731842321980227,-5.510060284942464,0
-3.218003384295504,2.1345529827241125,0
-3.4588200665326085,-1.2899331288054277,2
-1.0668183800707234,-6.222557603789125,0
-3.782968071533212,-1.9893929744983445,2
-2.136995614844317,-3.744643853455169,0
-2.468809551577488,-5.654811946465724,4
4.730629567217899,-0.8409935526773438,1
5.3091710935745,-0.18010320306470867,1
4.604796660369342,0.005749704931837594,1
2.5782747712908276,-5.594472615769314,-1
-0.6120602486786582,-4.177440660112702,-1
4.8280811725180115,-1.1918734356419753,1
0.11743209107662243,1.8603866752311546,1
3.331109858387769,-2.537014361207893,-1
-3.0269991041721145,-1.0456463758496926,0
-3.0795987933445135,-4.522561227824133,2
-3.868369442424061,-3.508312878125151,2
-2.091025731603315,-3.988956664705914,0
-3.4140704686217185,-0.26842447729594165,0
0.626082740066705,0.9708484462662228,1
0.8405750338651976,1.0087729778621497,1
-2.4120836013803055,-4.197515056681891,0
-2.564341863905702,-0.964845660425702,0
3.4668678756369062,1.1478679859502046,1
-0.03876990069018692,-4.973046207680632,-1
-3.2311002789847714,-3.0177326792185646,2
4.708975119811049,-0.36201638598962765,1
-2.808620102907449,-0.795098648780045,0
-2.121672783858819,-3.913340049945781,0
-2.4415215470520524,-4.097683760319951,0
0.5983975976405895,1.6771014267594213,1
-3.4810648889344074,-2.7170503170318336,0
-2.931709783860124,-1.953403175426505,0
-2.035688184767555,-2.041668999884473,0
1.747179623424064,3.2742010752707373,-1
-3.1196876326748764,-3.5490723948294085,2
1.1681195788107008,-2.2046231302063255,0
1.3043650559644788,-2.0790725896694826,-1
-1.044442232748437,1.2227191676615385,1
-4.546020211561579,-1.638598106721896,-1
-0.5863152170647331,2.435647036716763,-1
-2.2710699598013697,-3.4495948016982125,0
-3.5865105639734534,-1.871475647426036,2
-2.1194801988023655,-0.40630994451742425,0
0.7769060666850757,1.048172920479576,1
3.9862898921663463,-1.8047971244946739,1
-4.016798798361182,3.9010082025130512,0
-1.7397185162395081,-2.6728853288027157,0
-3.3650077669214666,-2.6470455365155927,2
3.999340184157138,-1.975280820276365,1
3.948482504745318,-0.2822118702862482,-1
1.1289684205600363,2.509927578117876,-1
-4.310480965277078,-0.1561839501850779,2
-0.12586786709930856,2.245525357208594,1
3.6024669612546587,-0.6411625318814532,-1
3.8181125460727987,-2.3664695082070315,1
-0.9542963771039646,-1.0780937321517317,0
-3.7462557791717455,1.086777410225668,2
-1.155801800398937,-0.3450235447715331,1
1.0522241732941258,1.9703870206475422,-1
-3.9363231870778224,-2.2782433367122525,2
4.858420499504362,-1.160607666351428,1
-3.683825438847361,-3.9258919240105037,2
-4.372460384750162,-0.9788418919849664,-1
1.545461365056672,-0.9354668886252528,1
4.060617251104336,-1.3216877411977872,1
-2.689946439053534,-4.061893177594987,-1
-2.623919596202855,-2.289770842245587,0
-3.755921129674041,0.9940200750287989,2
3.5504793970569564,-1.4369398633502877,1
0.3496883370764538,-2.740436653199701,-1
-1.4992897653791595,-5.496782753862003,0
5.213075125605914,0.00814733505637214,1
-2.140346905941984,-4.899514217248862,-1
4.39016534473716,-1.40285895423012,1
-2.284032678289276,0.041423448351865275,0
-2.26776904009044,-2.6695933553824536,0
-3.0797801619752354,-2.1127195773247385,0
-1.786446827998516,-2.7490529466707447,0
3.4460497148120512,-1.8406805909620085,1
2.7789047787494248,1.0554735265380548,1
-4.020338740965537,-3.1962946701084554,2
4.236209836319189,-1.996584709462655,1
2.5492969330616395,-4.387405362855168,-1
0.6871987825077197,0.5726173125900148,-1
2.8092874799729337,-4.4450568701663675,-1
4.579394128561467,-2.0601663601632505,1
4.709589995958485,0.43009938837956746,1
4.666895704662216,-1.7230497973035517,-1
1.815901298574985,3.2682690755876322,-1
1.772497443617373,-0.3327305676454621,1
4.135504943214894,-1.2266689055541133,1
-3.1700730837072033,-3.6254062458587057,2
-1.0252849141954736,-0.6953822168952268,-1
0.2475129592144698,2.4746060072508405,-1
-0.6012042835412837,2.451048294539813,1
0.9365058004799537,0.6389951638897838,1
4.565390137467701,-0.3844569309562846,1
-1.9128485368049246,-2.6707970989238707,-1
-1.8458898611647074,-6.120940868601333,0
-0.23663447426201883,-1.6719544687084538,0
-1.4582195475641435,-3.707978016433888,-1
4.2097462304933835,-0.7732798320279396,1
4.5519569530285775,-0.9134892278676205,1
4.700547524059712,-0.6922482343738549,1
-3.74400642863888,-2.936711944166005,2
-2.0514845832719155,-1.365402682151712,0
0.560450442505869,2.7552566257379203,1
-2.7524550372724663,-2.364353535394432,0
-3.1290330791029746,-3.597880151577694,2
-2.664514396423884,-6.820654215577568,2
-2.4999621451007914,-2.196941785643085,0
2.1772346642183686,-6.40760656490607,-1
-3.3652932788423784,-3.390809328429743,2
5.192426416933708,-0.9642289507021755,1
0.8681170816634812,0.4772951726109551,1
-4.220871853513295,0.08389125603891799,-1
0.7837621683231422,-6.361757187020129,-1
-1.7806337573568953,1.8088475905456551,-1
1.1575803342204487,0.8509824907229491,-1
3.7261648435515804,-2.8021766876389282,1
3.0522957290391366,1.483901675054602,1
-3.064065185284402,1.0983108470956124,0
-2.514921404061478,-0.04913198683261577,0
1.1635631507312112,-4.081438394959272,-1
-3.5090048391705913,-3.6432772967942526,0
-1.4691047046472594,-4.946528725843155,0
-2.0427906357336263,-7.176633607429209,-1
-2.2182175968273588,-2.305877543016051,-1
-1.4164924694164907,-0.17507064987646254,0
4.464848121547795,-1.2528433713101408,1
4.82749454074679,0.5080515443825182,1
-0.06178782928904376,0.4533642186027911,1
-2.8409052972844875,-3.2938989020903287,2
-2.3691392344029745,-1.4365344064884742,0
-3.3493889096127734,0.6601459474745345,0
-1.7980619127823507,-0.5370890585656155,0
-3.0960911281075503,-2.7994725772259783,2
2.196064726823362,0.6734140840317414,-1
0.629525036384638,-1.7069074857624742,0
-1.348342566192596,-6.283172148210746,0
-3.564463084642164,-3.307109249991409,2
1.26329435338257,-2.144440563820107,-1
-1.718949178488101,-1.9200683623078822,-1
5.070550134973474,0.00921465019290437,1
-2.5312952407169647,-2.3917366241229634,0
-1.6429513183427216,-5.199276475735271,0
-1.288525431997929,-3.4472542640621175,0
-4.0405040673681745,-1.3240472392268643,2
-2.81949440417509,-2.8208573513440207,0
4.575818103427045,-0.8169463455659849,1
4.290267571794234,-1.4365244620013784,1
2.797851338833855,-6.296448254891188,-1
3.8787346947495274,-2.2120273188960726,1
4.74012280136855,-0.9695823660839473,1
-3.028333659131638,-0.41786482199468644,0
5.413981247612871,0.21004360278002496,1
-1.8431470776996943,-1.4445251134106167,0
4.110659308544913,-1.665499759076125,1
-3.190175928178187,-2.4599500408487,2
0.5702673432915485,0.10205533601326208,-1
-1.260470898121404,-2.97845672448674,0
-2.4385677595321837,-0.5405337575053627,0
0.4163600581667937,-1.1270596210463952,0
0.4168178184229128,1.2926221806999496,1
4.280213380556076,-1.792437580160431,1
-4.5471868038455145,1.2524320579444894,-1
-4.272227575410598,2.956830703162,0
4.865054915802672,-1.1842430678729647,1
-2.8940463051381706,-1.6093314955661595,0
3.565697449441173,-0.058220242633690404,1
-2.336376934480992,-2.978972352163038,0
-2.4859288500143033,-1.7856967175050615,0
2.8533344820954993,-0.5971915665852403,1
-2.977886986237323,-1.1795223383817588,-1
-1.5039129508959004,-1.5687063966338395,0
-1.8412010597800235,-3.3308971124722473,-1
4.8567742937205205,-0.37917016518158314,1
-2.933077602364454,-3.7999708322631864,2
-2.932396067526574,-5.384647244767518,2
4.421486329039307,-1.2989888210851852,1
4.069135563156272,-2.4222367560069737,1
-3.9385831470714585,-4.772158838085891,0
5.2099667435410755,-0.03709426345237931,1
4.676239351970333,-0.6381964071077193,1
4.634497807366718,-0.7333920521480647,1
-3.801559105702488,-2.9348678135598036,2
-2.4339401821924693,0.17973060344695635,0
-2.816875723815331,-1.861023569548538,-1
2.599538941342129,3.612223201624424,1
4.33404301766212,-0.5149302835633845,1
3.102122941214295,-3.9717021048135295,1
-3.314384693682072,-6.2039879979732175,2
4.945680312831023,0.11653598645540453,-1
-3.8883547558421485,1.8320312693445102,2
4.0910856979068,-1.2141896712588203,1
0.15582260108857107,-1.0845342749249156,0
4.487038635958393,-1.6641727410986047,1
-2.484824308455587,0.485002414810555,0
4.233345939096652,-0.19322475943014666,-1
-2.100488469777635,-2.7539249780964314,0
-3.933693460114286,-0.9959694936790404,2
-0.9049284616465154,-5.3516739172705865,3
-0.6282530489608694,3.6735216801737973,1
1.7720739936167829,-4.187565438599461,-1
4.501481548847122,-0.9633760213929852,1
-1.5436589848424747,-4.469849215143748,0
-3.638280771038365,-2.1964954017390985,2
-1.9751765799333554,-2.6994200078474853,0
-3.373564541899014,-2.0178690530303753,0
5.609551715594326,2.182246203651543,1
-2.563987991317559,-2.0188994921068937,0
-5.367536974540382,0.7515806189750758,2
2.151202187926732,1.5045894558427446,1
1.6769745168046843,0.17227933162853495,-1
-1.9079601021867665,-3.9584555766118337,0
-2.514524655150148,-2.035619225950807,0
-3.867800308412901,-1.1632463814383043,2
1.9905966105275514,-6.213544788302507,-1
-3.4462139270969274,-1.4858490245819347,2
-3.148395366876306,-2.797036079054291,-1
-1.871471464026228,1.3597175819917786,0
-3.6175888325186487,-0.8408976272623913,2
0.1518891894477478,-4.830359669178982,-1
3.910548659879788,-3.4993978665526306,-1
0.8948974817169375,1.7342546282135571,1
-3.624371534977298,-4.057311594598738,0
4.361628828743774,-0.5050074346678034,1
1.8110707038398166,0.39656401171507205,1
1.6460411873287977,2.3279387696628766,-1
-2.087214667491758,1.6563232824074987,0
1.006302176157937,2.169099599820852,1
0.8716481846507445,-1.3241918753895314,-1
-2.5932084936387803,-2.2292926548487637,0
4.877636331447818,0.25543383638551237,1
2.7574227058204,-4.101726246783447,1
-2.68153016237542,-2.224980456621558,0
4.344659184008774,-2.8858832430385806,-1
-1.9439270527714674,-4.2550818762151374,0
4.151531347955095,-1.7227989268003565,1
-2.894860266345202,-2.3549478032362963,0
1.9733957850284465,2.6594130931333013,-1
-1.323313013018291,5.051965612166325,1
0.24796488815589415,-0.16080365917126693,0
1.9084365044155784,0.299214784680519,-1
4.72924026324868,-0.11414066551439238,1
-3.879461499030974,-1.575091821120567,2
-2.677381993310742,-1.3371137634823222,0
-1.3862269262974645,-2.5723135554598278,-1
2.0435987830912237,1.5527463634384977,-1
4.3351261092551985,-1.381532292240957,-1
2.4872974331412747,0.965015615310629,-1
-3.6403000061449964,-1.9193581066986845,0
-0.9281588979874388,0.4744506547797506,-1
-2.703601585580424,-2.4571936954816613,0
-3.314370345599415,-3.552765771180257,0
-3.6890431888554387,-4.998348675518647,0
1.0044376901030239,-6.272202522168061,-1
-3.7594403973491692,-4.625643208635481,4
-0.46281173335971276,0.5581860862179234,-1
2.9315946676190623,-6.32157775663906,-1
-3.490318054862355,-2.2514166683756196,2
5.001167679915858,-0.133684195134399,1
-0.8341087197530517,1.1300948008578602,-1
-1.8983323500391425,-2.4773341363371224,0
-0.5145753444666827,1.134052577651285,1
-0.709819935374263,0.5101014701740573,1
-2.7147916834252674,-3.266989319806781,0
1.9713796014019145,0.008195065214365865,1
-2.785510671569263,0.9604046035893057,0
1.0054399953669122,-1.6639084094332228,-1
-3.0710501371122576,-2.67847286563263,0
-3.885745294776243,-2.447642395772897,2
0.784293025666344,1.5235604776863936,1
-3.2809566418008473,-0.2427755158134107,0
-3.6452200325447977,-2.3406380670241864,2
3.7124925940573568,-2.6975875487044525,1
-3.1799510508972317,-4.634400776404844,2
-3.4733352141884457,-3.1029685475834454,2
-0.9914305508561004,-0.23448527604117061,0
-3.8391717854354135,-2.601447758154563,2
-2.733089460447558,-2.5671098281421134,0
4.948108977324626,-0.1696644284398965,1
0.4970664254999451,-0.8749552584545168,-1
4.31967993287333,-2.0309261003074766,1
4.62410407775323,-0.3454178997988795,1
-3.6132430988498405,-2.2395382233820507,2
4.332586465546437,-2.1418156530029284,1
-2.783543207305125,-3.6818507889819503,0
-0.9135675732216747,-5.5956028839668654,0
2.9586297341648606,1.8872440433444975,1
-2.5958617173769367,-1.681709524219976,0
-2.79735471942686,-3.9731249239376574,2
-3.033668329526555,-1.0575061694579915,0
4.45190199904682,-1.711204933732411,1
-0.03892998605808968,0.5647040934154757,1
4.289374322594226,-2.5224306408081714,1
0.7685524568528896,3.2506000151035708,-1
0.6461263867688972,-6.834861179673479,-1
-3.850592268838494,-1.9738228047357953,2
3.388992778188838,2.3287618835190402,1
1.5874289423510493,0.19924680418475618,-1
-3.271769029132411,-2.2174533256997533,2
-2.548710896909031,-2.6955641419601712,0
-3.062231980324515,-3.4136177926510647,0
-3.25968541644214,-3.7601594571247534,2
-2.2290759432763947,0.13634120431702773,-1
4.445357258804867,-1.3976034357559874,1
0.6292432937104421,-0.10992140118276704,-1
4.730849579994486,0.11565988244262013,1
1.300362874288881,1.0489558627116835,-1
-3.671597138753673,-3.000513779896236,2
-0.10970846635887486,-3.8025100791821647,-1
0.22580857392164294,1.5031659057857107,-1
-2.778731996812015,-4.033092233686453,0
-4.008044222314075,-2.294912913987787,2
-0.4479095917747903,-1.638927222081841,-1
2.2121909400240143,-5.567745043854609,-1
4.79493286901731,-0.00245280565002886,1
-3.4433996742165185,-3.8256921852784727,2
4.326229442635918,-2.2446465304585566,1
3.3122700945343553,1.0595720472837449,-1
-2.381736772072971,-3.131507962915213,0
-2.5239072026034597,-1.7977296313681326,0
4.449258128359199,-1.2604001958855495,1
-2.4614508416598513,-3.4959815807375745,0
-1.9356888894295254,-1.9864517964478945,-1
-2.4434538695059875,-1.5280348831240258,0
-3.047579120121377,-2.4921775525089456,2
-2.3490198199453753,-1.7061564430118241,0
-4.15369102704768,-0.30171529369160593,-1
-3.626523007496473,-2.7240050114199974,2
-3.3995725345700283,-2.8970713692655057,2
4.548092330932154,-0.651299280003257,1
-2.8257412073992954,-3.575939708550337,-1
1.0563372754390854,-5.940527545332994,-1
4.534967415705012,-1.6531353302969543,1
-1.2336827846714546,-5.060918507189258,-1
4.062131119221283,-2.767671272023219,1
-1.7856702696073854,-1.5839355430258055,0
1.2255084674267898,4.30971494052419,-1
-3.69458233957714,-1.569962402472493,2
-2.569840323651799,-0.36701105976967946,-1
3.4277266857542403,1.0453078453360007,-1
0.6960288126091044,2.5884971053766455,-1
1.3283665927543766,2.8344550289736974,-1
-0.7214215791304055,-1.4278979838476193,-1
3.3792135317784746,-4.293309996822059,-1
-0.09308559586047103,-0.8264229239541382,0
1.9932031892499495,1.0143587348056442,-1
4.634896693465899,-0.923968112368297,1
0.9126399926798556,0.9040586083353116,1
-2.878802036083255,-0.25971133431845367,0
0.9782433478975232,1.2757239029869203,-1
-2.4691179439191493,-3.8617847650054524,0
-2.870480495819021,-2.342515991112314,2
4.641629396517691,-1.0740639920489121,1
-1.6682430811549518,-4.3066597414605905,0
4.187768091265214,-2.2276369310924444,1
0.010040425452908603,-5.934804087652056,-1
3.250096683203381,-3.869974068623039,-1
-2.6209738907259825,1.9378847235377035,-1
1.5064670804298812,2.4264247424499867,-1
3.840036285805544,1.411301717720583,-1
-2.2552243696846865,-3.8378884808361473,0
-1.964781097280263,-2.232096000964367,0
-3.28889220591011,-2.593708414155694,2
-0.534539355450275,-1.7511921440911826,-1
0.10363071269618322,1.043449196825903,-1
-2.5185072614557478,-1.0630160677482479,-1
-3.05201468658446,-3.11122984708982,-1
-2.1197195733690073,-2.243150098060047,0
0.2373445835627003,-1.2183593807114073,-1
4.817717381165244,-1.2439429431144227,1
2.255824339915405,2.7448961342349514,-1
-3.489785841786966,-1.887385453607888,2
0.2542605342766944,-1.1791685202833322,-1
1.2436898192968975,1.0545996577429044,-1
0.2010365672800247,1.330851414338568,1
0.023051053791341883,1.312744768870624,-1
-3.4427618098659787,-3.436279506698662,2
0.6908105582051579,-0.32591296330567376,-1
-1.816688412226527,-2.72469860607486,0
4.525767511325978,-1.5474696843359452,1
-1.7258255168448895,-1.818671683415097,0
2.9789549744118755,-0.4709440742194884,-1
0.5363607917688958,2.242490453582844,1
3.295903033063388,-4.079061473814069,-1
0.2458522588613833,1.6216087989600527,1
2.520799502550229,-6.129440820000009,-1
-2.016198741489246,-3.205570100754568,-1
4.70774263711328,-1.8513236383863623,1
-2.029873511859388,-0.8506831986243271,-1
-3.077332045917419,-4.0498078617447435,2
-1.246203149570836,1.894804156183439,-1
-3.267517483646496,-2.2626677988258432,2
-3.2384765486071285,-3.4852599017606543,2
2.422505823426853,-5.917830761330137,-1
0.15128978485850697,-0.5017059516136572,-1
-2.4581689071200032,-2.0102597600226892,0
0.6797861234662506,2.0537504204771095,-1
0.8295130080163581,0.6612441269149215,1
-3.0227770969403043,1.3458788512962405,-1
0.24833559554085072,0.13180438780232748,-1
2.7389979434968166,-6.067516296436732,-1
-1.9570007918022647,-3.380406137511613,0
4.435288180660542,-2.2387580645348986,1
-2.811324203334252,-3.1587561544711242,2
-2.4196174700628585,0.3246720507749997,-1
-3.5045960348311422,-2.52240354046071,2
-3.1396583475488318,-3.4988139118838797,2
1.3140127848274745,-1.5779383368394355,-1
-3.1272070797625444,-4.878614646070662,-1
-3.386477986096492,-3.3815458920207693,2
0.37470737005174876,-0.9201035341322683,-1
0.24077494724513102,-1.5297755576405294,-1
-2.6345474365036754,-3.1242790033257015,-1
0.6859700204455533,1.5481518843751891,-1
-2.269642526632219,-3.3222240100984375,0
3.0583063627945033,-2.1833235208656303,-1
1.8076387118683095,0.5111906217488215,-1
-1.7689361680922602,-3.7588865642744724,0
5.040989816054672,-0.45253524799221406,1
-2.2574004606617493,-4.222993757692038,0
-0.5152485661596937,-4.152616264458213,-1
4.7714131801586905,-1.66052972422938,1
-2.343354161999017,-4.784663329060288,-1
-2.1025595583444185,-2.9814050273081434,0
-3.1562999298997747,1.0623516921348977,-1
-0.6971476451945237,-4.7086717040290305,-1
-2.1134949790500057,-2.2528219564651555,0
-3.3459879707177786,-2.5467449348013065,2
-2.526191005864554,-1.2119301387402461,-1
-3.311436434894331,-2.5194325109350113,2
4.356632198253335,-2.9981355747686855,-1
0.973257436585779,-0.6345042979075466,-1
-2.8134474523591084,-3.082389376672616,2
-3.0157755503472963,-3.2024999961166962,2
0.043346837064348796,1.6415429407207338,-1
-2.0023969627216696,-3.843208490077178,0
-1.7493428575128416,-2.243351729395133,-1
-3.162486958693169,-2.0328504565378074,2
3.9343825016840217,-3.079187621862544,1
3.3223940878907685,-2.9844575471816657,-1
1.5726582088063388,0.4249990963320217,-1
-3.1211141601809507,-2.0740674994677537,2
2.329953267973951,2.739191026744099,-1
-2.0104164408399954,-3.0453113531236418,0
-0.192984783499335,-5.545029815474125,-1
-0.5717501773663765,-1.6736737679212415,-1
-2.6759662869271805,-2.8657191602223895,0
-2.4392056656011945,-2.9434333499583576,-1
-2.04137063182893,-3.5307820741231555,0
2.9608122440812275,-5.002732779846846,-1
0.1416878301897896,1.1068676409436184,-1
