CUST_ID,GMM_Cluster,Customer_Type,Cluster_0_Prob,Cluster_1_Prob,Cluster_2_Prob
C10001,1.0,Installment-Focused,1.600169824217531e-11,0.9999983975955415,1.6023884568999259e-06
C10002,0.0,High Risk,0.9999983666210265,0.0,1.6333789735953923e-06
C10003,1.0,Installment-Focused,0.00013925820363156635,0.9998607089651844,3.283118438946738e-08
C10004,2.0,Low Engagement,1.653043868275067e-11,0.0,0.9999999999834692
C10005,1.0,Installment-Focused,0.014420919426779522,0.985578907545778,1.7302744251092616e-07
C10006,1.0,Installment-Focused,6.6805284149855014e-06,0.9999932768950104,4.2576574714117835e-08
C10007,1.0,Installment-Focused,7.422488306644899e-117,0.999999981194341,1.8805658913252954e-08
C10008,1.0,Installment-Focused,0.001076227780568511,0.9989237663231255,5.896305890161757e-09
C10009,1.0,Installment-Focused,0.0025436978087071214,0.9974562408351492,6.135614396437851e-08
C10010,1.0,Installment-Focused,1.51715438304952e-08,0.9999998268614706,1.579669857896405e-07
C10011,1.0,Installment-Focused,4.1057043503423794e-06,0.9999958704123622,2.3883287211017637e-08
C10012,1.0,Installment-Focused,0.0014485909287783615,0.998551372769974,3.630124762548555e-08
C10013,1.0,Installment-Focused,4.7807788808424595e-06,0.9999948600235457,3.5919757347755037e-07
C10014,1.0,Installment-Focused,9.100117931207503e-05,0.9999089922506976,6.569990189908309e-09
C10015,0.0,High Risk,0.9999999874368566,0.0,1.2563143034288649e-08
C10016,0.0,High Risk,0.9999995222715321,0.0,4.777284686419871e-07
C10017,0.0,High Risk,0.9999996385448049,0.0,3.6145519569657813e-07
C10018,1.0,Installment-Focused,2.169668332509752e-11,0.9999945964921952,5.403486108469706e-06
C10019,1.0,Installment-Focused,0.00021069680917893484,0.9997892772731687,2.5917652630863865e-08
C10020,1.0,Installment-Focused,3.8373300080181684e-12,0.9999949433551962,5.056640966390653e-06
C10021,1.0,Installment-Focused,2.542529506202898e-22,0.999992565454235,7.43454576497047e-06
C10022,0.0,High Risk,0.9999998151424407,0.0,1.8485755856005828e-07
C10023,1.0,Installment-Focused,2.8722383465234937e-06,0.9999961834939277,9.442677255385309e-07
C10024,0.0,High Risk,0.9999959638899091,0.0,4.0361100918039915e-06
C10025,0.0,High Risk,0.9999999313826683,0.0,6.86173320264056e-08
C10026,1.0,Installment-Focused,1.1131605209837224e-05,0.9999886885237206,1.7987106917864284e-07
C10027,0.0,High Risk,0.9999985050466923,0.0,1.4949533079572739e-06
C10028,1.0,Installment-Focused,3.725025310852646e-05,0.9999625830871856,1.666597059006648e-07
C10029,0.0,High Risk,0.9999996908362954,0.0,3.091637050736915e-07
C10030,1.0,Installment-Focused,2.206117196038014e-23,0.9999940047974486,5.995202551455485e-06
C10031,0.0,High Risk,0.9999999797459902,0.0,2.0254009146534827e-08
C10032,0.0,High Risk,0.9999933976842138,0.0,6.602315785982075e-06
C10033,0.0,High Risk,0.9999985359060009,0.0,1.464093998552833e-06
C10034,1.0,Installment-Focused,5.5257448558064086e-14,0.9999999489620843,5.1037860205689145e-08
C10035,1.0,Installment-Focused,1.8758339223898083e-14,0.9803570261472306,0.019642973852751128
C10036,0.0,High Risk,0.9999999728663246,0.0,2.7133675780396176e-08
C10037,0.0,High Risk,0.9999999575906751,0.0,4.240932463655802e-08
C10038,0.0,High Risk,0.9999999210031043,0.0,7.89968955011531e-08
C10039,0.0,High Risk,0.9999988902843759,0.0,1.1097156237565387e-06
C10040,0.0,High Risk,0.9929946560607861,0.0,0.007005343939213111
C10041,0.0,High Risk,0.999998425068846,0.0,1.5749311533306454e-06
C10043,0.0,High Risk,0.9999989432110723,0.0,1.0567889276885551e-06
C10044,1.0,Installment-Focused,0.00020344981026140753,0.999796546360193,3.829545636510461e-09
C10045,0.0,High Risk,0.9999998466392139,0.0,1.533607865324931e-07
C10046,1.0,Installment-Focused,0.0007878354593985827,0.9992121585848577,5.955744000138208e-09
C10047,2.0,Low Engagement,3.951997946148348e-07,0.0,0.9999996048002052
C10048,0.0,High Risk,0.9974866435721746,0.0,0.0025133564278251213
C10049,2.0,Low Engagement,3.4239428524071797e-09,0.0,0.999999996576058
C10050,1.0,Installment-Focused,9.869941354277157e-115,0.9999999255413511,7.445864913492691e-08
C10051,0.0,High Risk,0.9999947618226845,0.0,5.2381773150179885e-06
C10052,0.0,High Risk,0.9999997732695016,0.0,2.2673049907404228e-07
C10053,1.0,Installment-Focused,0.0009916925473485085,0.9990082119433993,9.550925180103016e-08
C10054,0.0,High Risk,0.9999998399667062,0.0,1.6003329400384807e-07
C10055,0.0,High Risk,0.9998955876919828,0.0,0.00010441230801669172
C10056,1.0,Installment-Focused,1.5041939113387401e-07,0.9988293296560049,0.0011705199246037838
C10057,2.0,Low Engagement,1.2222464556225214e-13,1.1003923846886466e-08,0.9999999889959525
C10058,2.0,Low Engagement,7.956724497529845e-09,0.0,0.9999999920432749
C10059,1.0,Installment-Focused,2.7977325746493215e-05,0.9999720191243855,3.5498680732926426e-09
C10060,0.0,High Risk,0.9999998300516506,0.0,1.6994834969791238e-07
C10061,0.0,High Risk,0.9999997545308402,0.0,2.454691595729552e-07
C10062,1.0,Installment-Focused,4.9672324007403916e-05,0.9999497855831824,5.420928098316797e-07
C10063,1.0,Installment-Focused,0.0006006766266737351,0.9993993213517939,2.021532868221145e-09
C10064,0.0,High Risk,0.9999988815298553,0.0,1.118470145565922e-06
C10065,2.0,Low Engagement,5.761934599089942e-23,1.4672129748489625e-23,1.0
C10067,0.0,High Risk,0.9996873712614273,0.0,0.0003126287385727924
C10068,1.0,Installment-Focused,0.0015087137472151884,0.9984912838865718,2.366212813255535e-09
C10069,0.0,High Risk,0.9999993272499903,0.0,6.727500101683329e-07
C10070,0.0,High Risk,0.9999997830343053,0.0,2.1696569515460868e-07
C10071,1.0,Installment-Focused,0.0031732514259631885,0.9968261844781677,5.640958692807336e-07
C10072,1.0,Installment-Focused,0.0003345716428227525,0.9996654256426871,2.714490247656975e-09
C10073,0.0,High Risk,0.9999993713641939,0.0,6.28635805595373e-07
C10074,0.0,High Risk,0.9999617035947279,0.0,3.8296405272147954e-05
C10075,0.0,High Risk,0.999400519226817,0.0,0.0005994807731823532
C10077,0.0,High Risk,0.999996073089542,1.3290350006750884e-178,3.92691045804381e-06
C10078,0.0,High Risk,0.9999307521241174,1.5195942871181907e-31,6.924787588231506e-05
C10079,1.0,Installment-Focused,0.0004198007356856356,0.9995801947605298,4.503784504251232e-09
C10080,1.0,Installment-Focused,0.0002518770917610052,0.9997479985295181,1.2437872112649317e-07
C10081,1.0,Installment-Focused,0.0010408041714334946,0.9989591849383269,1.0890239507743187e-08
C10082,2.0,Low Engagement,3.0623578830956845e-16,0.0,1.0
C10083,0.0,High Risk,0.9999991612786996,0.0,8.387213001492776e-07
C10084,1.0,Installment-Focused,1.0887735716126874e-23,0.9999979847279178,2.015272082283828e-06
C10085,2.0,Low Engagement,1.7068133530300025e-06,0.0,0.9999982931866462
C10086,1.0,Installment-Focused,9.351844080280746e-62,0.999996833854625,3.166145375342627e-06
C10087,1.0,Installment-Focused,4.701451106616631e-117,0.999999305193813,6.948061867356977e-07
C10088,0.0,High Risk,0.9999983805383635,0.0,1.6194616357981663e-06
C10089,1.0,Installment-Focused,3.8229456946767696e-141,0.999999912989127,8.7010872995264e-08
C10090,0.0,High Risk,0.9999996532863232,0.0,3.467136763701726e-07
C10092,0.0,High Risk,0.9999999718461745,0.0,2.8153824988217714e-08
C10093,0.0,High Risk,0.999998898594474,0.0,1.1014055266676183e-06
C10094,0.0,High Risk,0.9999998831541858,0.0,1.1684581460494566e-07
C10095,0.0,High Risk,0.999994045452571,0.0,5.954547429085424e-06
C10096,0.0,High Risk,0.9999999514322994,0.0,4.856770051761238e-08
C10097,0.0,High Risk,0.9999997097144421,0.0,2.902855579976931e-07
C10098,2.0,Low Engagement,3.872830321143952e-08,0.00019391219440486023,0.9998060490772934
C10099,2.0,Low Engagement,3.345639926670612e-07,0.011222483642626666,0.9887771817933797
C10100,0.0,High Risk,0.9106599576285216,0.0,0.0893400423714795
C10101,1.0,Installment-Focused,0.0002272237568437816,0.9997727535553458,2.2687810419891394e-08
C10102,2.0,Low Engagement,7.74932213292979e-09,0.0,0.9999999922506788
C10103,1.0,Installment-Focused,1.2549549486831471e-175,0.9999999865672109,1.3432789071167636e-08
C10104,2.0,Low Engagement,4.874938324586073e-26,0.0,1.0
C10105,2.0,Low Engagement,7.459094611923155e-26,0.0,1.0
C10106,1.0,Installment-Focused,2.34598093308926e-13,0.9999263715647118,7.362843505437792e-05
C10107,1.0,Installment-Focused,0.00023632219847272243,0.9997636523593856,2.544214199396221e-08
C10108,2.0,Low Engagement,2.7168148225642853e-26,1.7722922205489235e-25,1.0
C10109,0.0,High Risk,0.9999998992609889,0.0,1.0073901129973747e-07
C10110,0.0,High Risk,0.9999974870560404,0.0,2.5129439591904787e-06
C10111,1.0,Installment-Focused,0.000235909057461652,0.999764067712716,2.322982230535129e-08
C10112,0.0,High Risk,0.9999998458129745,0.0,1.5418702513911101e-07
C10113,0.0,High Risk,0.9999994658037533,0.0,5.341962463581438e-07
C10114,0.0,High Risk,0.9999999754064234,0.0,2.4593576325463105e-08
C10115,1.0,Installment-Focused,9.918705498646171e-05,0.9999007600947518,5.285026185606211e-08
C10116,2.0,Low Engagement,6.166509295454722e-08,0.0,0.9999999383349075
C10117,0.0,High Risk,0.99999996515631,0.0,3.48436898169714e-08
C10118,0.0,High Risk,0.9999999006694833,0.0,9.933051678949992e-08
C10119,1.0,Installment-Focused,2.4350137159649228e-108,0.999999951454534,4.8545466337855064e-08
C10120,1.0,Installment-Focused,0.002683001984398466,0.9973169169884726,8.10271286746655e-08
C10121,1.0,Installment-Focused,3.2342261881481355e-07,0.9999988832836291,7.932937519099319e-07
C10122,0.0,High Risk,0.9999842168679528,0.0,1.5783132047984412e-05
C10123,1.0,Installment-Focused,2.3756881309904944e-95,0.9999963495137861,3.650486214606242e-06
C10124,0.0,High Risk,0.999999955203034,0.0,4.479696579523909e-08
C10125,0.0,High Risk,0.9999999630796228,0.0,3.692037723317263e-08
C10126,2.0,Low Engagement,6.886054453087328e-15,5.981276972830057e-09,0.9999999940187152
C10127,1.0,Installment-Focused,0.0005318834576914659,0.9994680859805943,3.0561713703212236e-08
C10128,0.0,High Risk,0.9999999726800096,0.0,2.7319989991051182e-08
C10130,0.0,High Risk,0.9999999850527833,0.0,1.4947217419612023e-08
C10131,0.0,High Risk,0.7243377450585216,0.26857965578146503,0.007082599160012448
C10132,0.0,High Risk,0.981938720856172,0.0,0.01806127914382754
C10133,1.0,Installment-Focused,0.0006445861703774746,0.9993554090138758,4.815746612219193e-09
C10134,0.0,High Risk,0.9999995798216131,0.0,4.2017838623155426e-07
C10135,2.0,Low Engagement,1.2712108012881834e-21,0.0,1.0
C10136,2.0,Low Engagement,1.8968223201711487e-16,0.0,1.0
C10137,1.0,Installment-Focused,0.00014328030230048493,0.9998567132097284,6.487971108002892e-09
C10138,1.0,Installment-Focused,1.4179949636644059e-22,0.9999998996069249,1.0039307513823727e-07
C10139,0.0,High Risk,0.9999993546831941,0.0,6.453168053008899e-07
C10140,1.0,Installment-Focused,2.409398143137853e-05,0.9999758643566984,4.1661870453028376e-08
C10141,1.0,Installment-Focused,0.0018411048414563268,0.9981588883073658,6.851177426231295e-09
C10142,1.0,Installment-Focused,0.00011487933817763689,0.9998850968577101,2.380411275858614e-08
C10143,0.0,High Risk,0.9999971967205442,0.0,2.8032794558578458e-06
C10144,1.0,Installment-Focused,0.0008084989377552354,0.9991894956004203,2.0054618262420214e-06
C10145,0.0,High Risk,0.9999986441675944,0.0,1.3558324055865325e-06
C10146,1.0,Installment-Focused,0.006360569516113128,0.9936394273964352,3.0874515405516202e-09
C10147,0.0,High Risk,0.9999984759844476,0.0,1.5240155524361068e-06
C10148,2.0,Low Engagement,2.2843929901790225e-11,0.0,0.999999999977156
C10149,1.0,Installment-Focused,0.0005257971314711608,0.9994741939727646,8.895764517289215e-09
C10150,1.0,Installment-Focused,0.00012760481532594076,0.9998723921368514,3.0478226808541242e-09
C10151,1.0,Installment-Focused,0.0014064946903901926,0.9985934837292176,2.1580392061003033e-08
C10152,1.0,Installment-Focused,2.6939758020354425e-06,0.9999708517133679,2.6454310829678363e-05
C10153,0.0,High Risk,0.999782154507065,0.0,0.00021784549293464792
C10154,1.0,Installment-Focused,0.0007670120847374004,0.9992329616520788,2.6263183794815094e-08
C10155,0.0,High Risk,0.9999712387586135,9.881525e-318,2.876124138701056e-05
C10156,0.0,High Risk,0.991694053322853,0.0,0.008305946677147846
C10157,1.0,Installment-Focused,0.0002937724560095233,0.9997062171356789,1.0408311969056679e-08
C10158,1.0,Installment-Focused,1.9662789491854474e-147,0.999999967117796,3.288220379250842e-08
C10159,0.0,High Risk,0.9999999981543848,0.0,1.8456151738150549e-09
C10160,1.0,Installment-Focused,2.17014819598458e-74,0.999999903489422,9.651057827478997e-08
C10161,1.0,Installment-Focused,1.8955745772184468e-16,0.9999979356081418,2.064391857894878e-06
C10162,2.0,Low Engagement,2.447306643681882e-10,0.0,0.9999999997552678
C10163,0.0,High Risk,0.998615338341396,0.0,0.0013846616586034183
C10164,1.0,Installment-Focused,7.804173981092353e-08,0.9999999139778845,7.980375923743956e-09
C10165,0.0,High Risk,0.9999995778638041,0.0,4.2213619517214077e-07
C10166,0.0,High Risk,0.9999999161850948,0.0,8.381490519118906e-08
C10167,0.0,High Risk,0.9999999819987161,0.0,1.8001283500883726e-08
C10168,1.0,Installment-Focused,0.0005045867009233813,0.9994954106531646,2.6459122268736715e-09
C10169,1.0,Installment-Focused,0.0009697190397601292,0.999030272377275,8.582964763918577e-09
C10170,2.0,Low Engagement,7.789467554549212e-10,0.0,0.9999999992210533
C10171,0.0,High Risk,0.9999999752143708,0.0,2.4785628510662795e-08
C10172,2.0,Low Engagement,0.0003462712930139688,0.28735071284595165,0.7123030158610355
C10173,2.0,Low Engagement,1.5778886580182867e-92,0.0,1.0
C10174,1.0,Installment-Focused,9.64419506639558e-06,0.9999903390116486,1.6793284609083143e-08
C10175,1.0,Installment-Focused,0.002397917973361318,0.9976020182705132,6.375612517979008e-08
C10176,0.0,High Risk,0.9999581834862883,0.0,4.181651371092733e-05
C10177,2.0,Low Engagement,6.723290013804654e-75,0.0,1.0
C10178,1.0,Installment-Focused,2.636990176495308e-15,0.999995149846172,4.850153825152363e-06
C10179,0.0,High Risk,0.9999872900169018,0.0,1.2709983097827701e-05
C10180,0.0,High Risk,0.9999998209425627,0.0,1.7905743651230446e-07
C10181,0.0,High Risk,0.999999973641405,0.0,2.6358595150321717e-08
C10182,2.0,Low Engagement,8.567109713137525e-10,0.0,0.999999999143288
C10183,0.0,High Risk,0.9999997918967892,0.0,2.0810321040898627e-07
C10184,1.0,Installment-Focused,1.0434270427012416e-118,0.9999999853023427,1.4697657025513066e-08
C10185,1.0,Installment-Focused,3.7735244067495835e-23,0.9999998835114529,1.1648854720287727e-07
C10186,1.0,Installment-Focused,0.00016963838878097468,0.9998303580412325,3.5699862959338304e-09
C10187,2.0,Low Engagement,2.4979654278690823e-29,8.855255121823416e-17,1.0
C10188,0.0,High Risk,0.9999987431115288,0.0,1.256888471115561e-06
C10189,2.0,Low Engagement,4.7772292129867915e-26,3.285284801247759e-18,1.0
C10190,1.0,Installment-Focused,4.14211284711572e-06,0.9999956092188907,2.4866826231593504e-07
C10191,1.0,Installment-Focused,3.132433527418017e-06,0.9999966843921039,1.8317436875372029e-07
C10192,0.0,High Risk,0.999999400393944,0.0,5.996060563697803e-07
C10193,1.0,Installment-Focused,0.0024979458325077894,0.9975020466452871,7.522204863568127e-09
C10194,2.0,Low Engagement,7.777108294939481e-10,0.0,0.9999999992222897
C10196,0.0,High Risk,0.999988461309123,0.0,1.1538690877474255e-05
C10197,1.0,Installment-Focused,1.6455137534972406e-09,0.9999998654113613,1.3294312527636878e-07
C10198,2.0,Low Engagement,4.8724704638145365e-11,0.001528759119619468,0.9984712408316555
C10199,2.0,Low Engagement,2.1814061761261207e-05,0.0,0.9999781859382373
C10200,1.0,Installment-Focused,0.000608083528001842,0.999391868579949,4.789204998277391e-08
C10201,1.0,Installment-Focused,0.003093615052228744,0.9969063645735202,2.037425097362817e-08
C10202,1.0,Installment-Focused,0.0002928878783716467,0.9997071048962088,7.225419584857292e-09
C10203,1.0,Installment-Focused,1.3129422057665135e-101,0.9999998321055504,1.678944498421843e-07
C10204,1.0,Installment-Focused,1.1622607014461058e-94,0.9999999230695907,7.693040925996221e-08
C10205,1.0,Installment-Focused,0.00025454016304202523,0.9997454402884066,1.954855111777094e-08
C10206,0.0,High Risk,0.9999990562158286,0.0,9.437841709501111e-07
C10207,1.0,Installment-Focused,3.2385407900419537e-16,0.9999998099168742,1.9008312585866364e-07
C10208,0.0,High Risk,0.9999977508722633,0.0,2.2491277363838296e-06
C10209,1.0,Installment-Focused,1.2794380993723674e-140,0.9999999594496164,4.055038372718171e-08
C10211,0.0,High Risk,0.9999991671108472,0.0,8.328891530309163e-07
C10212,1.0,Installment-Focused,0.00047923888631658105,0.9995207515491703,9.564513302519908e-09
C10213,1.0,Installment-Focused,5.355393382375455e-41,0.9999992559678935,7.440321065086723e-07
C10214,0.0,High Risk,0.9999963682653901,0.0,3.6317346095618056e-06
C10215,0.0,High Risk,0.9999997003011357,0.0,2.9969886454495667e-07
C10216,0.0,High Risk,0.9999999172906476,0.0,8.27093519691587e-08
C10217,1.0,Installment-Focused,2.283248178557551e-08,0.9999989610439265,1.0161235917653409e-06
C10218,0.0,High Risk,0.999999894397938,0.0,1.0560206216605206e-07
C10219,1.0,Installment-Focused,0.00033765152477456073,0.9996623459322646,2.5429609579730367e-09
C10220,0.0,High Risk,0.9998619783969543,0.0,0.00013802160304547746
C10221,1.0,Installment-Focused,0.00023209778310825095,0.9997678675177681,3.469912393620117e-08
C10222,1.0,Installment-Focused,3.53136812211064e-05,0.9999558036848294,8.882633950146729e-06
C10223,2.0,Low Engagement,1.22283988165384e-23,4.686938244510034e-14,0.9999999999999538
C10224,0.0,High Risk,0.9999989786309833,0.0,1.021369017492458e-06
C10226,1.0,Installment-Focused,2.674406471676199e-32,0.9999956042016809,4.3957983184669866e-06
C10227,0.0,High Risk,0.9999795642600288,0.0,2.043573997130074e-05
C10228,0.0,High Risk,0.9999964754716625,0.0,3.5245283378011382e-06
C10229,1.0,Installment-Focused,0.0005573250730908701,0.9994425580421267,1.1688478290753954e-07
C10230,1.0,Installment-Focused,9.63496881626534e-05,0.9999036454837565,4.828080393380685e-09
C10231,2.0,Low Engagement,4.712918233364425e-06,0.0,0.9999952870817665
C10232,1.0,Installment-Focused,0.0007355382737936499,0.999264416312702,4.541350420927899e-08
C10233,1.0,Installment-Focused,4.3920696722433354e-05,0.9999560356115551,4.369172250062125e-08
C10234,1.0,Installment-Focused,1.957058218615317e-14,0.9999992198085167,7.801914634518381e-07
C10235,1.0,Installment-Focused,0.00014796782479910463,0.9998520226237332,9.551467398133823e-09
C10236,1.0,Installment-Focused,0.0004129821051091641,0.9995870153011217,2.593769112646025e-09
C10237,2.0,Low Engagement,9.352504304375493e-33,0.0,1.0
C10238,1.0,Installment-Focused,1.2466744565267888e-09,0.9999999908933344,7.859991229969746e-09
C10239,1.0,Installment-Focused,0.003859466481795673,0.996140522387881,1.1130323201277362e-08
C10240,1.0,Installment-Focused,8.002650540066377e-23,0.9999458124003565,5.418759964401558e-05
C10241,0.0,High Risk,0.9999935268987665,0.0,6.473101233706338e-06
C10242,1.0,Installment-Focused,0.0016009411826078482,0.9983990533280107,5.489381056708289e-09
C10243,0.0,High Risk,0.9999996266964071,0.0,3.7330359277143054e-07
C10244,2.0,Low Engagement,3.853005905902981e-15,1.719679876794363e-07,0.9999998280320069
C10245,0.0,High Risk,0.9999998939034332,0.0,1.0609656682803702e-07
C10246,0.0,High Risk,0.9999936858697803,0.0,6.3141302189163215e-06
C10247,2.0,Low Engagement,0.002881520141060274,0.0,0.9971184798589396
C10248,1.0,Installment-Focused,0.000741887201927424,0.9992581084905602,4.307512375949719e-09
C10249,2.0,Low Engagement,1.598926247890421e-13,0.0,0.9999999999998401
C10250,1.0,Installment-Focused,1.7002449713326915e-91,0.999999665092208,3.3490779199359115e-07
C10251,1.0,Installment-Focused,2.420095616677292e-06,0.9999975686154601,1.12889234354681e-08
C10252,0.0,High Risk,0.9999505283419645,1.6227304309935587e-43,4.947165803484181e-05
C10253,1.0,Installment-Focused,0.0003756400595584322,0.9996243575979896,2.3424519457061978e-09
C10254,1.0,Installment-Focused,2.302024224138803e-23,0.9999983688393311,1.631160668818734e-06
C10255,1.0,Installment-Focused,0.00011050756029756047,0.9998894608575093,3.158219354293533e-08
C10256,1.0,Installment-Focused,7.578828559511881e-26,0.9999977379034549,2.2620965454205794e-06
C10257,0.0,High Risk,0.9999999548297335,0.0,4.517026585630189e-08
C10258,1.0,Installment-Focused,0.0013715869049174163,0.9986283485243083,6.457077475523918e-08
C10259,0.0,High Risk,0.999998847793281,0.0,1.152206719478893e-06
C10260,1.0,Installment-Focused,8.605160407741875e-06,0.9999913708537711,2.398582090656305e-08
C10261,1.0,Installment-Focused,9.279622404298435e-18,0.9999985351518204,1.4648481797219936e-06
C10262,1.0,Installment-Focused,2.077718542963204e-135,0.9999999695514039,3.044859625822715e-08
C10263,0.0,High Risk,0.999999977509302,0.0,2.2490697739091534e-08
C10265,2.0,Low Engagement,5.880123289086181e-25,7.586151657387396e-41,1.0
C10266,1.0,Installment-Focused,4.194680474749782e-36,0.9999903495312263,9.650468773458005e-06
C10267,0.0,High Risk,0.9999689438958851,0.0,3.1056104115406145e-05
C10269,1.0,Installment-Focused,0.011740552506754003,0.9882583268429519,1.1206502949564766e-06
C10270,0.0,High Risk,0.9999998921696487,0.0,1.0783035119398294e-07
C10271,1.0,Installment-Focused,0.0003893855853171794,0.9996105176511669,9.676351599879594e-08
C10272,0.0,High Risk,0.999998240969166,3.4571282e-316,1.7590308344164093e-06
C10273,0.0,High Risk,0.9999972908158695,1.2836e-320,2.7091841313449707e-06
C10274,0.0,High Risk,0.9999997144401983,0.0,2.8555980276115047e-07
C10275,1.0,Installment-Focused,4.033187450249728e-06,0.9999959454023892,2.141016069938726e-08
C10276,1.0,Installment-Focused,6.325796112329858e-05,0.999936117621581,6.244172964169514e-07
C10277,1.0,Installment-Focused,0.00013917523203116371,0.9998608165220743,8.245894794625172e-09
C10278,1.0,Installment-Focused,0.00020709384689370086,0.9997928779890171,2.8164089244748832e-08
C10279,1.0,Installment-Focused,2.2357741106875692e-07,0.9999996575990844,1.1882350486084082e-07
C10280,0.0,High Risk,0.99999575064206,0.0,4.249357939814296e-06
C10281,2.0,Low Engagement,1.1403528534224262e-96,0.0,1.0
C10282,0.0,High Risk,0.9999990964226969,0.0,9.035773033701464e-07
C10283,1.0,Installment-Focused,7.223041348872226e-114,0.9999999266462449,7.335375545747933e-08
C10284,1.0,Installment-Focused,9.964660576541417e-06,0.9999900278367949,7.50262850517619e-09
C10285,0.0,High Risk,0.9999999726022842,0.0,2.7397715545792684e-08
C10286,1.0,Installment-Focused,1.0166647806137835e-57,0.9999997601488925,2.3985110837471575e-07
C10287,0.0,High Risk,0.999999688470005,0.0,3.1152999478493825e-07
C10288,2.0,Low Engagement,1.3131365793537773e-17,1.9670711089056176e-15,0.9999999999999964
C10289,1.0,Installment-Focused,9.984774199718694e-11,0.9999988848264288,1.1150737239502238e-06
C10290,0.0,High Risk,0.9999980957742551,0.0,1.9042257453081316e-06
C10291,1.0,Installment-Focused,0.00024181460242620836,0.9997581820042128,3.3933608127133837e-09
C10292,0.0,High Risk,0.9999662856529894,0.0,3.371434701008011e-05
C10293,1.0,Installment-Focused,4.8214426503502345e-05,0.9999517238055227,6.176797380434726e-08
C10294,1.0,Installment-Focused,0.0003110576361610572,0.9996889318920661,1.0471772928396672e-08
C10295,0.0,High Risk,0.9999894804753715,0.0,1.0519524629090176e-05
C10296,0.0,High Risk,0.9999998576294645,0.0,1.4237053530907013e-07
C10297,0.0,High Risk,0.999999984946153,0.0,1.505384696736291e-08
C10298,0.0,High Risk,0.9999985236722759,0.0,1.476327724301465e-06
C10299,1.0,Installment-Focused,4.084087401497526e-16,0.9999995895729831,4.104270167542317e-07
C10300,0.0,High Risk,0.9999999586569652,0.0,4.1343034758026764e-08
C10301,1.0,Installment-Focused,1.4927046135212886e-129,0.9999999690290617,3.0970938361336447e-08
C10302,0.0,High Risk,0.9999995419228674,0.0,4.580771321286971e-07
C10303,1.0,Installment-Focused,0.0023609827114364,0.9976389915568383,2.5731724865921613e-08
C10304,0.0,High Risk,0.9999994238291093,0.0,5.761708910220506e-07
C10305,1.0,Installment-Focused,3.016930414485501e-24,0.9999999418869135,5.8113086402285725e-08
C10306,1.0,Installment-Focused,2.075965258894521e-96,0.9999998200405804,1.799594195653716e-07
C10307,0.0,High Risk,0.9999985939768975,0.0,1.4060231021498862e-06
C10308,0.0,High Risk,0.9999999851293317,0.0,1.4870668044399943e-08
C10309,1.0,Installment-Focused,0.0006046382579840931,0.9993953587735562,2.9684596900370527e-09
C10310,2.0,Low Engagement,5.752467454952459e-75,0.0,1.0
C10311,0.0,High Risk,0.9999987356567209,0.0,1.2643432787828736e-06
C10312,1.0,Installment-Focused,0.0011349985968503388,0.9988649672161874,3.418696198268104e-08
C10313,0.0,High Risk,0.9999999309364297,0.0,6.906357103060851e-08
C10314,1.0,Installment-Focused,0.0017759048349287026,0.9982239446425188,1.505225527821016e-07
C10315,0.0,High Risk,0.9999999558356977,0.0,4.416430217317163e-08
C10316,1.0,Installment-Focused,1.0063079022165222e-116,0.9999999640483319,3.595166823428726e-08
C10317,1.0,Installment-Focused,5.42496084277381e-99,0.999999943717502,5.6282497858745756e-08
C10318,1.0,Installment-Focused,4.217933128709151e-104,0.9999992802225469,7.197774530103922e-07
C10319,0.0,High Risk,0.9999996450452276,0.0,3.5495477247218274e-07
C10320,2.0,Low Engagement,1.6634824102681152e-08,5.9328958893945514e-05,0.9999406544062804
C10321,1.0,Installment-Focused,7.184997667097552e-145,0.9999998423514764,1.5764852333525096e-07
C10322,0.0,High Risk,0.999999867751498,0.0,1.3224850199608663e-07
C10323,2.0,Low Engagement,6.978099500728175e-18,1.1099162037054985e-12,0.9999999999988916
C10324,0.0,High Risk,0.9999999341430459,0.0,6.585695376422177e-08
C10325,0.0,High Risk,0.9999999388578918,0.0,6.114210858516897e-08
C10326,0.0,High Risk,0.9999676555456181,0.0,3.2344454381682624e-05
C10327,0.0,High Risk,0.9999996582306296,0.0,3.4176936947795614e-07
C10328,1.0,Installment-Focused,0.0026561487000091167,0.997343721111788,1.3018820277309157e-07
C10329,1.0,Installment-Focused,2.2642191403950292e-23,0.9999996634394648,3.3656053485334183e-07
C10330,2.0,Low Engagement,3.409322165129442e-28,0.4318271847576014,0.5681728152423985
C10331,0.0,High Risk,0.9999998679782658,0.0,1.3202173457737562e-07
C10332,0.0,High Risk,0.9999999424092144,0.0,5.7590785958312626e-08
C10333,0.0,High Risk,0.9999999551066195,0.0,4.489338076109358e-08
C10334,1.0,Installment-Focused,0.0004257533538393274,0.9995742425211617,4.1249988105164874e-09
C10335,0.0,High Risk,0.9999993834192455,0.0,6.165807540618684e-07
C10336,1.0,Installment-Focused,3.6727359654128727e-17,0.9999999401771382,5.982286177473428e-08
C10337,1.0,Installment-Focused,0.00011126994111908516,0.999888679349634,5.0709246165466245e-08
C10338,0.0,High Risk,0.9999979252864072,0.0,2.074713592438799e-06
C10339,0.0,High Risk,0.9999997846654277,0.0,2.1533457232294314e-07
C10340,1.0,Installment-Focused,1.9905004197540364e-125,0.9999999854448873,1.4555112680958471e-08
C10341,0.0,High Risk,0.9999998892075784,0.0,1.107924215297314e-07
C10342,1.0,Installment-Focused,5.440761550821612e-135,0.9999999667758349,3.322416489609275e-08
C10343,1.0,Installment-Focused,0.0005919573858957956,0.9994079849789651,5.763513904463782e-08
C10344,1.0,Installment-Focused,3.58113393948232e-85,0.9999999674650738,3.2534926514728584e-08
C10345,0.0,High Risk,0.9999948470218919,0.0,5.1529781079295525e-06
C10346,0.0,High Risk,0.9999997215533526,0.0,2.78446647184477e-07
C10347,1.0,Installment-Focused,4.3212262755760336e-13,0.9999691853137957,3.081468577179498e-05
C10348,1.0,Installment-Focused,1.0405843780330073e-119,0.9999999807505537,1.9249445895600184e-08
C10349,1.0,Installment-Focused,1.3051970844589284e-121,0.9999999058050051,9.419499462759181e-08
C10350,1.0,Installment-Focused,0.005389677882460645,0.9945704917985274,3.9830319012274696e-05
C10351,0.0,High Risk,0.9999823652460591,0.0,1.7634753940381058e-05
C10352,2.0,Low Engagement,2.2133043101761746e-51,0.0,1.0
C10353,0.0,High Risk,0.9999995374131907,0.0,4.6258680897254087e-07
C10354,0.0,High Risk,0.6520108893663501,1.9033216886380768e-192,0.3479891106336501
C10355,1.0,Installment-Focused,1.8724683820513903e-123,0.9999999749745084,2.502549173309929e-08
C10356,1.0,Installment-Focused,2.050922536383672e-16,0.9999994131160265,5.868839734378175e-07
C10357,1.0,Installment-Focused,0.000979159799167281,0.9990207765613167,6.363951580672784e-08
C10358,1.0,Installment-Focused,0.0005210494203006979,0.9994789450278675,5.551831895112165e-09
C10359,0.0,High Risk,0.9999998755857262,0.0,1.2441427426491033e-07
C10360,1.0,Installment-Focused,7.422965579514213e-143,0.9999998807886277,1.192113721134805e-07
C10361,0.0,High Risk,0.9999999535688044,0.0,4.6431194999278725e-08
C10362,1.0,Installment-Focused,0.00025809350649920167,0.9997419015693833,4.9241177479135604e-09
C10364,0.0,High Risk,0.9999997911489094,0.0,2.0885109128239963e-07
C10365,2.0,Low Engagement,1.0718232172825166e-22,1.2461009873241656e-23,1.0
C10366,1.0,Installment-Focused,8.636319698017795e-13,0.9999590696227413,4.09303763950464e-05
C10367,1.0,Installment-Focused,2.918457319670689e-06,0.9999970731899012,8.352779283722248e-09
C10368,1.0,Installment-Focused,5.013050477442182e-131,0.9999999339120591,6.608794066414482e-08
C10369,0.0,High Risk,0.9999995961319817,0.0,4.0386801848646774e-07
C10370,0.0,High Risk,0.9998090541173678,0.0,0.00019094588263232146
C10371,0.0,High Risk,0.9999997808659868,0.0,2.1913401262555323e-07
C10372,1.0,Installment-Focused,0.0033420480562084093,0.9966578747943982,7.7149393921733e-08
C10373,0.0,High Risk,0.9999999617682719,0.0,3.823172858768935e-08
C10374,2.0,Low Engagement,0.031079405986094717,0.0,0.9689205940139065
C10375,0.0,High Risk,0.9998350464615475,0.0,0.0001649535384521212
C10376,0.0,High Risk,0.9999947117273938,0.0,5.288272605971521e-06
C10377,1.0,Installment-Focused,0.0014479962949729224,0.9985517206549646,2.830500616518105e-07
C10378,1.0,Installment-Focused,3.017964475543087e-32,0.9995221300303025,0.0004778699696972216
C10379,1.0,Installment-Focused,2.6051893957804743e-05,0.9999733947183974,5.533876456511937e-07
C10380,0.0,High Risk,0.999999963485221,0.0,3.651477861138044e-08
C10381,0.0,High Risk,0.9999999029752324,0.0,9.702476822575803e-08
C10382,1.0,Installment-Focused,3.100530504388937e-108,0.9999999802466306,1.9753369023876797e-08
C10383,0.0,High Risk,0.9999998435572708,0.0,1.564427288131484e-07
C10384,2.0,Low Engagement,3.368129134757711e-14,0.0,0.999999999999968
C10385,1.0,Installment-Focused,4.252160548614532e-05,0.9999574731554653,5.239048237506699e-09
C10386,1.0,Installment-Focused,9.933369860485098e-06,0.9999900221801016,4.445003747361329e-08
C10387,1.0,Installment-Focused,1.4231839009260976e-30,0.9999997462193495,2.5378065028986777e-07
C10388,1.0,Installment-Focused,0.00014752600060725658,0.9998524719547444,2.04464830304291e-09
C10389,1.0,Installment-Focused,2.2673598521698716e-97,0.9999972055816482,2.7944183518022144e-06
C10390,1.0,Installment-Focused,0.0003947975983791805,0.9996051800263666,2.2375253913468125e-08
C10391,0.0,High Risk,0.9999999691345054,0.0,3.086549480222138e-08
C10392,0.0,High Risk,0.9999995249299962,0.0,4.7507000359835386e-07
C10393,0.0,High Risk,0.9999997533897196,0.0,2.466102806711983e-07
C10395,2.0,Low Engagement,0.18857024225076466,0.0,0.8114297577492362
C10396,1.0,Installment-Focused,9.315403703087349e-61,0.9999996836947463,3.1630525299079745e-07
C10397,1.0,Installment-Focused,3.249723046186223e-114,0.9999999636225858,3.6377414444644144e-08
C10398,2.0,Low Engagement,0.41802232054128724,0.0,0.5819776794587118
C10399,1.0,Installment-Focused,0.0011143717028611502,0.9988856247270701,3.57006876133266e-09
C10400,2.0,Low Engagement,2.0920267330377768e-05,0.0,0.9999790797326706
C10402,1.0,Installment-Focused,8.250022741687334e-100,0.9999999409920695,5.900793043631445e-08
C10403,1.0,Installment-Focused,0.000160794202194271,0.999839174244494,3.1553312013462965e-08
C10404,1.0,Installment-Focused,0.00023718642243652016,0.9997627773496265,3.622793716467392e-08
C10405,1.0,Installment-Focused,5.6381686650098435e-05,0.9999436011228106,1.7190539541440914e-08
C10406,0.0,High Risk,0.999977076348695,8.2370482732e-313,2.2923651305837347e-05
C10407,0.0,High Risk,0.9999960604180816,0.0,3.939581918914169e-06
C10408,1.0,Installment-Focused,0.0004799733946768819,0.999519782672196,2.439331266830875e-07
C10409,0.0,High Risk,0.9999998144854553,0.0,1.8551454528302975e-07
C10410,1.0,Installment-Focused,0.0004666101092712975,0.9995333776432671,1.2247461562519828e-08
C10411,0.0,High Risk,0.9996216712173597,0.0,0.0003783287826387465
C10412,0.0,High Risk,0.9999999428408753,0.0,5.715912462548206e-08
C10413,0.0,High Risk,0.999999448002939,0.0,5.519970609310793e-07
C10414,1.0,Installment-Focused,0.000668862667911133,0.9993311058156236,3.151646507311298e-08
C10415,1.0,Installment-Focused,0.0005221876580731682,0.9994777971653608,1.517656644054687e-08
C10416,0.0,High Risk,0.9999999488209883,0.0,5.1179012517055594e-08
C10417,1.0,Installment-Focused,2.7194179019232347e-11,0.9999998110257239,1.8894708180795228e-07
C10419,2.0,Low Engagement,1.7333174382856776e-11,0.0,0.9999999999826663
C10420,1.0,Installment-Focused,0.0012044249521676277,0.9987955218976435,5.3150188057155503e-08
C10421,2.0,Low Engagement,1.166063996794949e-13,1.4765221940804192e-13,0.9999999999997371
C10422,0.0,High Risk,0.9999999758240458,0.0,2.4175954315227407e-08
C10423,0.0,High Risk,0.9999999183557289,0.0,8.164427114235162e-08
C10424,1.0,Installment-Focused,9.019612516602593e-90,0.9999968846460977,3.115353902641086e-06
C10425,0.0,High Risk,0.9999892165131252,0.0,1.0783486875531958e-05
C10426,1.0,Installment-Focused,1.5134311190136036e-20,0.9999978894129125,2.1105870879171737e-06
C10427,2.0,Low Engagement,3.603383652158587e-16,0.0,1.0
C10428,0.0,High Risk,0.9999983446678677,0.0,1.6553321326178586e-06
C10429,1.0,Installment-Focused,2.574919227485509e-05,0.9999742226191378,2.818858749160393e-08
C10430,1.0,Installment-Focused,0.02331949248136793,0.9766784252231727,2.082295460157153e-06
C10431,1.0,Installment-Focused,4.7053147688812255e-05,0.9999527573027099,1.8954960053706297e-07
C10432,1.0,Installment-Focused,0.00019651627092839743,0.9998034820512995,1.6777721390457559e-09
C10433,1.0,Installment-Focused,1.3220717697128047e-07,0.9999997389007612,1.2889206180293336e-07
C10434,0.0,High Risk,0.9999997088053181,0.0,2.911946820958591e-07
C10435,0.0,High Risk,0.9999873482416075,0.0,1.2651758391939414e-05
C10436,0.0,High Risk,0.9999999100934036,0.0,8.990659617559753e-08
C10437,2.0,Low Engagement,2.5379853931027266e-10,0.0,0.9999999997462012
C10438,1.0,Installment-Focused,9.984269301024942e-05,0.9999001557948163,1.5121733908627007e-09
C10439,0.0,High Risk,0.999996802105426,0.0,3.197894574470213e-06
C10441,0.0,High Risk,0.9999975162462132,0.0,2.4837537869413747e-06
C10442,0.0,High Risk,0.9999970614864013,0.0,2.9385135980085515e-06
C10443,0.0,High Risk,0.9999994899678986,0.0,5.100321021131204e-07
C10444,0.0,High Risk,0.9999994475577381,0.0,5.524422620716332e-07
C10445,0.0,High Risk,0.9999999693851689,0.0,3.0614831526002936e-08
C10446,0.0,High Risk,0.9999999504122877,0.0,4.958771254584236e-08
C10447,0.0,High Risk,0.9999999221215029,0.0,7.787849693510055e-08
C10448,1.0,Installment-Focused,0.016654778697162278,0.9833014021274699,4.381917536785255e-05
C10449,0.0,High Risk,0.9999999819141748,0.0,1.8085825481417506e-08
C10450,0.0,High Risk,0.9999998489415532,0.0,1.5105844687053682e-07
C10451,0.0,High Risk,0.9999983518660606,0.0,1.648133939696803e-06
C10452,0.0,High Risk,0.999998648492401,0.0,1.3515075993667583e-06
C10453,0.0,High Risk,0.9999968827341149,0.0,3.1172658845717444e-06
C10454,0.0,High Risk,0.9999999772299042,0.0,2.277009551831506e-08
C10455,0.0,High Risk,0.9999976383239683,0.0,2.36167603251581e-06
C10456,1.0,Installment-Focused,2.186732117153169e-17,0.9999994579764845,5.420235154677992e-07
C10457,0.0,High Risk,0.999999932043036,0.0,6.795696336125302e-08
C10458,0.0,High Risk,0.9999997485437714,0.0,2.5145622854412966e-07
C10459,0.0,High Risk,0.9999142046342249,3.413590750980759e-42,8.579536577465903e-05
C10460,1.0,Installment-Focused,0.00040687048457628257,0.9995931217521876,7.763235865332932e-09
C10461,0.0,High Risk,0.9999992432218278,0.0,7.567781720429191e-07
C10462,1.0,Installment-Focused,0.000583556604988305,0.9994164342646784,9.130333156675805e-09
C10463,1.0,Installment-Focused,9.119841241949086e-10,0.999997988931679,2.0101563367431772e-06
C10466,0.0,High Risk,0.9999999857108932,0.0,1.4289106886690162e-08
C10467,1.0,Installment-Focused,9.848435070708218e-115,0.9999999528010457,4.7198954436798437e-08
C10468,1.0,Installment-Focused,0.0004773091234211912,0.9995226873144564,3.5621222195057324e-09
C10469,1.0,Installment-Focused,0.0006251230320669346,0.9993747946077388,8.236019442599596e-08
C10470,0.0,High Risk,0.9999874491753328,0.0,1.2550824667947572e-05
C10471,0.0,High Risk,0.9999983741912004,0.0,1.6258087991921647e-06
C10472,0.0,High Risk,0.9999970373323663,0.0,2.9626676344087202e-06
C10473,2.0,Low Engagement,1.2349260839396656e-77,1.0169815145202857e-36,1.0
C10474,1.0,Installment-Focused,1.812566181146671e-14,0.9999999573226988,4.267728304484547e-08
C10475,1.0,Installment-Focused,0.010234516584871857,0.9897653376476446,1.4576748350292768e-07
C10476,0.0,High Risk,0.9999992884400974,7.666431409891626e-283,7.115599024480471e-07
C10477,2.0,Low Engagement,0.4404700982873958,0.0,0.5595299017126036
C10478,1.0,Installment-Focused,0.00025021004110970126,0.9997497728240733,1.7134816799584036e-08
C10480,1.0,Installment-Focused,1.3474542675261021e-08,0.9999998901168536,9.640860321571572e-08
C10481,1.0,Installment-Focused,0.0010451562934675747,0.9989548345353013,9.171231245924197e-09
C10482,0.0,High Risk,0.9999963720478654,0.0,3.627952134434011e-06
C10483,0.0,High Risk,0.9999999854735124,0.0,1.4526487637185976e-08
C10484,0.0,High Risk,0.999999883098148,0.0,1.1690185226535978e-07
C10485,1.0,Installment-Focused,0.00043361247632221967,0.9995663857507789,1.7728987600300343e-09
C10486,2.0,Low Engagement,2.36310978830629e-09,0.0,0.9999999976368912
C10487,0.0,High Risk,0.9999999709862757,0.0,2.9013724426182836e-08
C10488,1.0,Installment-Focused,4.227002909423068e-12,0.9999986996040153,1.3003917568929644e-06
C10489,0.0,High Risk,0.9999988097546644,0.0,1.1902453350309786e-06
C10490,0.0,High Risk,0.9999999518811686,0.0,4.8118831088964676e-08
C10491,1.0,Installment-Focused,0.0005885258980567964,0.9994114672011081,6.9008347027865575e-09
C10492,0.0,High Risk,0.9999999828730238,0.0,1.7126976525112385e-08
C10493,1.0,Installment-Focused,0.01068700130699595,0.9893129842491302,1.4443873590829875e-08
C10494,1.0,Installment-Focused,1.4907400774576557e-06,0.9999975403613204,9.688986020813136e-07
C10495,0.0,High Risk,0.9999997921627036,0.0,2.0783729661976228e-07
C10497,1.0,Installment-Focused,8.731795380682545e-08,0.9999998739226541,3.875939214551812e-08
C10498,0.0,High Risk,0.9999999587365274,0.0,4.1263472940008255e-08
C10501,1.0,Installment-Focused,9.310191907184e-05,0.9999067872281368,1.1085279202842269e-07
C10502,1.0,Installment-Focused,2.9674200772780746e-84,0.9999998660533801,1.3394662028615433e-07
C10503,1.0,Installment-Focused,8.600319018889622e-10,0.999999966730755,3.240921297212259e-08
C10504,2.0,Low Engagement,4.989758466350511e-06,0.0,0.9999950102415343
C10505,0.0,High Risk,0.9998576638424028,0.0,0.00014233615759712696
C10506,1.0,Installment-Focused,2.2105215580011136e-135,0.9999998198204161,1.8017958431998773e-07
C10507,1.0,Installment-Focused,2.171445759868994e-121,0.9999981428484773,1.8571515223794863e-06
C10508,0.0,High Risk,0.9999998188439947,0.0,1.811560057372407e-07
C10509,1.0,Installment-Focused,8.473994182958665e-92,0.999999971428069,2.8571931276459014e-08
C10510,0.0,High Risk,0.999999279623066,0.0,7.203769341624903e-07
C10511,1.0,Installment-Focused,4.856660771128897e-78,0.9999999076676589,9.233234104471654e-08
C10512,0.0,High Risk,0.9999999097010704,0.0,9.02989299425614e-08
C10513,0.0,High Risk,0.9999999735628146,0.0,2.6437185686934475e-08
C10514,1.0,Installment-Focused,1.6859651466231554e-83,0.9999999717089838,2.829101593763176e-08
C10515,0.0,High Risk,0.9986154602408385,0.0,0.001384539759161944
C10516,0.0,High Risk,0.9999966952391992,0.0,3.3047607999639878e-06
C10517,0.0,High Risk,0.9999989474579639,0.0,1.0525420353500018e-06
C10518,0.0,High Risk,0.999999899424372,0.0,1.0057562852899417e-07
C10519,0.0,High Risk,0.9999988535238753,0.0,1.1464761244902728e-06
C10520,1.0,Installment-Focused,6.387848922104233e-102,0.9999993800938171,6.19906182996633e-07
C10521,1.0,Installment-Focused,0.0004443655066316108,0.9995556311674739,3.325894208261917e-09
C10522,0.0,High Risk,0.9999988389843687,5.417904781280668e-275,1.1610156317664043e-06
C10523,1.0,Installment-Focused,6.744025459250527e-06,0.9999767382080292,1.65177665129626e-05
C10524,1.0,Installment-Focused,7.706220501174681e-141,0.9999999226237394,7.737625983014922e-08
C10525,0.0,High Risk,0.9999858775506814,1.2824942888289277e-43,1.4122449318245985e-05
C10526,1.0,Installment-Focused,9.177526570078614e-11,0.9999981423455445,1.8575626801754076e-06
C10527,1.0,Installment-Focused,3.43708015674131e-126,0.9999999042069919,9.579300816787745e-08
C10528,1.0,Installment-Focused,5.32437052820586e-05,0.9999467411285629,1.516615474576205e-08
C10529,1.0,Installment-Focused,1.9987599643723487e-116,0.9999999464596986,5.35403017899417e-08
C10530,0.0,High Risk,0.9999999534598898,0.0,4.654010983925214e-08
C10532,0.0,High Risk,0.9999991281348314,0.0,8.718651687914045e-07
C10533,1.0,Installment-Focused,1.6283377576801292e-116,0.9999999338904355,6.610956479516685e-08
C10534,1.0,Installment-Focused,2.7316798197309145e-07,0.9999997229027529,3.929264917990578e-09
C10535,0.0,High Risk,0.9999985878517906,0.0,1.412148210035446e-06
C10536,0.0,High Risk,0.999999412492379,0.0,5.875076209077993e-07
C10537,1.0,Installment-Focused,0.00012779489385713043,0.9998721965637949,8.542347668390538e-09
C10538,1.0,Installment-Focused,2.34695449936942e-145,0.9999999547990807,4.520091940461041e-08
C10539,0.0,High Risk,0.9999987340790569,0.0,1.2659209426461574e-06
C10540,2.0,Low Engagement,6.435400869240763e-17,0.0,1.0
C10542,1.0,Installment-Focused,1.4537632892386835e-147,0.9999999657016195,3.42983806548021e-08
C10543,1.0,Installment-Focused,5.4157541928414306e-27,0.9998238505813702,0.00017614941862998372
C10544,0.0,High Risk,0.9999964498941809,0.0,3.5501058184809146e-06
C10545,1.0,Installment-Focused,3.1749689875624275e-05,0.9999682329073156,1.740280854891011e-08
C10546,0.0,High Risk,0.9999292912037566,0.0,7.070879624358402e-05
C10547,1.0,Installment-Focused,7.699506516995682e-05,0.9999229861032376,1.8831592491304813e-08
C10548,1.0,Installment-Focused,0.00014588216640502874,0.9998541148570054,2.976589763253947e-09
C10549,0.0,High Risk,0.9999999058582985,0.0,9.414170122680035e-08
C10550,0.0,High Risk,0.9999997479224942,0.0,2.520775061133029e-07
C10551,0.0,High Risk,0.9996715672169155,0.0,0.00032843278308441716
C10552,1.0,Installment-Focused,5.75681964834863e-15,0.9999996096558428,3.903441510990695e-07
C10553,0.0,High Risk,0.9999987191987443,0.0,1.2808012552964936e-06
C10554,1.0,Installment-Focused,1.1253365291412626e-10,0.9999999576529892,4.223447729806368e-08
C10555,0.0,High Risk,0.9999996163689068,0.0,3.836310931525398e-07
C10556,1.0,Installment-Focused,0.0002981617333699411,0.9997018102238975,2.8042732420171884e-08
C10557,0.0,High Risk,0.9999993538125055,0.0,6.461874944070461e-07
C10558,1.0,Installment-Focused,0.005151906776100786,0.9948479561306498,1.3709325009820553e-07
C10559,1.0,Installment-Focused,4.824487090934372e-24,0.9999873401728254,1.2659827175184719e-05
C10560,1.0,Installment-Focused,1.1013836831205072e-05,0.9999889835885102,2.5746585344929284e-09
C10561,0.0,High Risk,0.999998558621186,0.0,1.4413788144247854e-06
C10562,1.0,Installment-Focused,1.3814042086310986e-13,0.9999995075857622,4.924140993822367e-07
C10563,0.0,High Risk,0.9999996053155937,0.0,3.946844060369711e-07
C10564,0.0,High Risk,0.9999989976576661,0.0,1.0023423331144658e-06
C10565,1.0,Installment-Focused,6.235332917083354e-89,0.9999993951423063,6.048576933655707e-07
C10566,0.0,High Risk,0.9999996055389456,0.0,3.944610550844087e-07
C10567,2.0,Low Engagement,4.175226625350272e-09,0.0,0.9999999958247727
C10568,2.0,Low Engagement,8.233761833029553e-99,3.3280857103611048e-43,1.0
C10569,1.0,Installment-Focused,0.00019340438481117345,0.9998065896311584,5.984030790311134e-09
C10570,1.0,Installment-Focused,8.092319479910753e-122,0.9999999758443664,2.4155633510504733e-08
C10571,1.0,Installment-Focused,5.4959820070195314e-17,0.999995259204557,4.740795443410301e-06
C10572,2.0,Low Engagement,4.862713832789079e-109,4.759522024898811e-180,1.0
C10573,0.0,High Risk,0.9999776944425501,0.0,2.2305557449742532e-05
C10574,0.0,High Risk,0.9997925277570036,0.0,0.00020747224299629309
C10575,0.0,High Risk,0.9999997678305309,0.0,2.321694686560019e-07
C10576,0.0,High Risk,0.9999936470220918,0.0,6.352977907850479e-06
C10577,0.0,High Risk,0.9999985184664167,0.0,1.4815335833435238e-06
C10578,0.0,High Risk,0.9999775106231615,0.0,2.248937683913753e-05
C10579,1.0,Installment-Focused,2.337848092998308e-05,0.9999765804057398,4.1113330204500645e-08
C10580,0.0,High Risk,0.999999952463732,0.0,4.75362681855529e-08
C10581,0.0,High Risk,0.9999996430487383,0.0,3.5695126308808386e-07
C10582,0.0,High Risk,0.9999999050899478,0.0,9.49100517756761e-08
C10583,0.0,High Risk,0.999203369291479,0.0,0.000796630708521787
C10584,1.0,Installment-Focused,6.682916583802112e-99,0.999999437992219,5.620077814349992e-07
C10585,0.0,High Risk,0.9999998585588534,0.0,1.4144114687183752e-07
C10586,1.0,Installment-Focused,3.064592006280465e-27,0.9999902434698469,9.756530153163007e-06
C10587,1.0,Installment-Focused,6.549040409147497e-102,0.9999999810387179,1.8961282522187988e-08
C10588,0.0,High Risk,0.999999954603208,0.0,4.5396791798944355e-08
C10589,1.0,Installment-Focused,9.46604349861329e-06,0.9999903646105315,1.6934596919581335e-07
C10590,1.0,Installment-Focused,9.41912922472922e-151,0.9999991006514252,8.993485750941035e-07
C10591,2.0,Low Engagement,3.2020195388251437e-27,0.34833840046090525,0.6516615995390957
C10592,1.0,Installment-Focused,1.8629351794163972e-23,0.9999995605476444,4.3945235599898187e-07
C10593,0.0,High Risk,0.9999972701079411,0.0,2.729892058076698e-06
C10594,1.0,Installment-Focused,0.0008187055330715458,0.999181281182489,1.3284439400736804e-08
C10595,2.0,Low Engagement,1.3714980942424112e-05,0.0,0.9999862850190591
C10596,0.0,High Risk,0.9999999637069326,0.0,3.6293067633810823e-08
C10597,2.0,Low Engagement,9.149181047095827e-25,9.562702423448363e-18,1.0
C10598,1.0,Installment-Focused,0.011902420019958835,0.9880942697575413,3.3102225002608154e-06
C10599,1.0,Installment-Focused,0.00011938036947675079,0.9998798004806402,8.191498831886399e-07
C10600,0.0,High Risk,0.9999999176395135,0.0,8.23604868454772e-08
C10601,0.0,High Risk,0.9999996430686344,0.0,3.5693136565698293e-07
C10602,1.0,Installment-Focused,0.00022708915279274792,0.9997729087784771,2.0687303263563846e-09
C10603,1.0,Installment-Focused,1.7800219440606662e-05,0.9999820645722594,1.352082995920393e-07
C10604,0.0,High Risk,0.9999997919862412,0.0,2.0801375909257398e-07
C10605,1.0,Installment-Focused,1.1974598841578416e-122,0.9999999791944856,2.080551422935051e-08
C10606,0.0,High Risk,0.9999999746205631,0.0,2.5379437724079754e-08
C10607,0.0,High Risk,0.9999999240350992,0.0,7.596490118178446e-08
C10608,1.0,Installment-Focused,5.719990440321511e-05,0.9999427985572783,1.5383182330403285e-09
C10609,0.0,High Risk,0.9999993940501024,0.0,6.059498980017119e-07
C10610,1.0,Installment-Focused,2.0876484918074746e-48,0.9999995856500329,4.143499676781223e-07
C10611,1.0,Installment-Focused,9.029240889500054e-110,0.9999999528286072,4.717139235993671e-08
C10612,1.0,Installment-Focused,4.92038847022221e-15,0.9999999198292421,8.017075309812748e-08
C10613,0.0,High Risk,0.9999994849342636,0.0,5.150657367121804e-07
C10615,1.0,Installment-Focused,0.000880088370478317,0.99911989496542,1.6664101737208186e-08
C10616,1.0,Installment-Focused,7.551225619115925e-05,0.9999244860984308,1.6453778556765744e-09
C10617,1.0,Installment-Focused,0.0010411752501838078,0.9989587304957638,9.42540526785778e-08
C10618,0.0,High Risk,0.9999998273264123,0.0,1.7267358764581393e-07
C10619,0.0,High Risk,0.9999994216312448,0.0,5.783687552988981e-07
C10620,1.0,Installment-Focused,2.636479979749189e-40,0.9999998778019833,1.2219801678961618e-07
C10621,2.0,Low Engagement,1.9191742675900077e-05,0.0,0.9999808082573249
C10622,1.0,Installment-Focused,0.00023886623414823844,0.9997611238206052,9.94524645943702e-09
C10623,0.0,High Risk,0.9859298102644254,0.0,0.014070189735575151
C10624,1.0,Installment-Focused,0.11211360822936256,0.8878831647651664,3.227005470519273e-06
C10625,0.0,High Risk,0.9999989114202342,0.0,1.088579766655983e-06
C10626,0.0,High Risk,0.9999997926468176,0.0,2.073531824641972e-07
C10627,0.0,High Risk,0.99999992627846,0.0,7.37215391514912e-08
C10628,1.0,Installment-Focused,0.0003601534815149316,0.999639821445939,2.5072546489096606e-08
C10629,1.0,Installment-Focused,0.00034661344219965245,0.9996533575816586,2.8976141606623675e-08
C10630,1.0,Installment-Focused,1.767879918551622e-79,0.9999980978270199,1.9021729802059207e-06
C10631,0.0,High Risk,0.9999999381894932,0.0,6.181050668862048e-08
C10632,1.0,Installment-Focused,9.407106268072587e-86,0.9999998080542303,1.9194576952553066e-07
C10633,0.0,High Risk,0.9999995010198842,0.0,4.989801157998007e-07
C10634,1.0,Installment-Focused,0.000613487953281607,0.9993865001580806,1.1888637971374502e-08
C10635,0.0,High Risk,0.9999999776307791,0.0,2.236922114160588e-08
C10636,0.0,High Risk,0.9999975380366524,0.0,2.4619633474787316e-06
C10637,1.0,Installment-Focused,2.9943816220457885e-126,0.9999994018422281,5.981577714121019e-07
C10638,0.0,High Risk,0.9999999152256658,0.0,8.477433386570274e-08
C10639,0.0,High Risk,0.9999997506126332,0.0,2.493873669623898e-07
C10640,0.0,High Risk,0.9999998942498751,0.0,1.0575012557201786e-07
C10641,1.0,Installment-Focused,6.706182819211968e-114,0.9999999784092461,2.1590753519986213e-08
C10642,0.0,High Risk,0.999996115551426,0.0,3.884448574537246e-06
C10643,2.0,Low Engagement,1.6880100620091133e-32,3.238850930319937e-178,1.0
C10644,1.0,Installment-Focused,0.0003949038369743212,0.9996050907461892,5.416836719245824e-09
C10645,1.0,Installment-Focused,9.723448367722815e-05,0.9999026341141618,1.3140216135264624e-07
C10646,2.0,Low Engagement,1.4060026128463032e-34,0.0,1.0
C10647,0.0,High Risk,0.9999988318876537,0.0,1.1681123470414668e-06
C10648,1.0,Installment-Focused,1.628371604205637e-18,0.9999894961087975,1.0503891202297922e-05
C10649,1.0,Installment-Focused,1.206852963561503e-05,0.9999879274190668,4.051297144309676e-09
C10650,1.0,Installment-Focused,0.0009422380251604937,0.9990577527537318,9.221107509847408e-09
C10651,0.0,High Risk,0.999873667085839,1.272102448804147e-189,0.00012633291416084863
C10652,0.0,High Risk,0.9999988808888993,6e-323,1.119111100953851e-06
C10653,0.0,High Risk,0.9999998784947997,0.0,1.215052000646121e-07
C10654,1.0,Installment-Focused,1.574231591206703e-105,0.9999999753168115,2.4683188526894688e-08
C10655,1.0,Installment-Focused,0.0002465355136499699,0.9997532055911643,2.588951858923287e-07
C10656,0.0,High Risk,0.9999999254373445,0.0,7.456265588800938e-08
C10657,1.0,Installment-Focused,2.7436565473908936e-11,0.9999998537439163,1.4622864746604263e-07
C10658,0.0,High Risk,0.9999992913448394,0.0,7.086551608606839e-07
C10659,0.0,High Risk,0.9999993356471166,0.0,6.643528831830545e-07
C10660,1.0,Installment-Focused,3.989148012838163e-14,0.9999999371543671,6.284559305853739e-08
C10661,0.0,High Risk,0.9999999710574712,0.0,2.8942528495785462e-08
C10662,0.0,High Risk,0.9999958476182572,0.0,4.152381743055212e-06
C10663,2.0,Low Engagement,1.1546102253747358e-19,0.0,1.0
C10665,1.0,Installment-Focused,8.589647386393659e-126,0.9999998595090293,1.4049097061826847e-07
C10666,1.0,Installment-Focused,1.9558056843888938e-07,0.9999997592403101,4.517912105759576e-08
C10667,0.0,High Risk,0.9999993238349653,0.0,6.761650351553309e-07
C10668,1.0,Installment-Focused,4.27922793185654e-118,0.9999999682554043,3.1744596179760205e-08
C10669,1.0,Installment-Focused,0.00043791426773384103,0.9995620668364901,1.889577573156472e-08
C10670,0.0,High Risk,0.9999167053145419,0.0,8.329468545755249e-05
C10671,1.0,Installment-Focused,4.293871923679377e-115,0.9999998352548041,1.647451954526517e-07
C10672,0.0,High Risk,0.9999992888762371,0.0,7.111237630492885e-07
C10673,1.0,Installment-Focused,7.819372373524411e-05,0.9999218020266795,4.249585733716511e-09
C10674,0.0,High Risk,0.7988990691321546,0.0,0.20110093086784542
C10675,2.0,Low Engagement,1.1835282905152197e-11,0.0,0.9999999999881659
C10676,0.0,High Risk,0.9999976578557189,0.0,2.342144280297091e-06
C10677,0.0,High Risk,0.9999997274740922,0.0,2.725259081640929e-07
C10678,0.0,High Risk,0.9999736886532007,3.6272310619956265e-35,2.631134679804796e-05
C10679,2.0,Low Engagement,2.7734376023087458e-95,3.0023636273671916e-40,1.0
C10680,2.0,Low Engagement,9.33261628580339e-30,0.0,1.0
C10681,0.0,High Risk,0.9996151383746866,0.0,0.00038486162531423546
C10682,1.0,Installment-Focused,1.7477683985261503e-94,0.9999991912671098,8.087328905737946e-07
C10683,1.0,Installment-Focused,1.2037904492601655e-16,0.9999968532081822,3.146791817578517e-06
C10684,0.0,High Risk,0.9999999881531583,0.0,1.184684164900467e-08
C10685,1.0,Installment-Focused,8.449961811310367e-11,0.9995216044875452,0.0004783954279544977
C10686,1.0,Installment-Focused,0.2257607034636203,0.7742311372655525,8.159270826955057e-06
C10688,1.0,Installment-Focused,3.197103929706331e-97,0.9999999588718653,4.1128134988982017e-08
C10689,0.0,High Risk,0.9999333454467274,0.0,6.665455327250983e-05
C10690,0.0,High Risk,0.9999993348705685,0.0,6.65129431304328e-07
C10691,1.0,Installment-Focused,0.00025515184997918915,0.9997448440858282,4.064192145685843e-09
C10692,1.0,Installment-Focused,4.557207980205468e-13,0.9999944269244895,5.573075055121356e-06
C10693,1.0,Installment-Focused,1.1235106024183294e-25,0.9998835428527291,0.00011645714727075944
C10694,2.0,Low Engagement,4.332739192877651e-16,0.0,1.0
C10695,1.0,Installment-Focused,1.0395560200721368e-115,0.9999999757701635,2.422983681101073e-08
C10696,0.0,High Risk,0.9988375590405634,0.0,0.0011624409594369882
C10697,0.0,High Risk,0.9999990813614074,0.0,9.186385923494722e-07
C10698,0.0,High Risk,0.9999998988007863,0.0,1.0119921399646413e-07
C10699,1.0,Installment-Focused,0.00011628630916174964,0.9998837058032333,7.887604919388042e-09
C10700,0.0,High Risk,0.999963883286367,5.200054761245976e-248,3.6116713632406164e-05
C10701,0.0,High Risk,0.9999998789062972,0.0,1.2109370251591325e-07
C10702,1.0,Installment-Focused,0.00023950372966882635,0.9997604785658589,1.77044724850332e-08
C10703,0.0,High Risk,0.9999999737213064,0.0,2.6278693507242535e-08
C10704,0.0,High Risk,0.9998972382663639,2.4552561047865726e-265,0.00010276173363597406
C10705,1.0,Installment-Focused,9.096518511770466e-25,0.9999966286310477,3.3713689524018062e-06
C10706,0.0,High Risk,0.9999989533989405,0.0,1.046601058929909e-06
C10707,2.0,Low Engagement,7.679962629830368e-63,5.847337008642359e-174,1.0
C10708,0.0,High Risk,0.9999983114782998,0.0,1.6885217007729332e-06
C10709,0.0,High Risk,0.9999994782415336,0.0,5.217584668195685e-07
C10710,1.0,Installment-Focused,5.3749960765301304e-05,0.9999462225513098,2.7487924740864054e-08
C10711,0.0,High Risk,0.9999972170537158,0.0,2.7829462838801815e-06
C10712,0.0,High Risk,0.9999993544659326,0.0,6.455340678872837e-07
C10713,1.0,Installment-Focused,1.2671611076102832e-18,0.9999994223428937,5.776571070396412e-07
C10714,0.0,High Risk,0.9989862373524516,0.0,0.0010137626475487354
C10715,1.0,Installment-Focused,0.0018580420162392782,0.9981419461694058,1.1814355151173932e-08
C10716,2.0,Low Engagement,0.0018599561629143479,0.0,0.9981400438370841
C10717,1.0,Installment-Focused,1.3890218653398162e-121,0.999999971749054,2.8250946212186368e-08
C10718,1.0,Installment-Focused,1.0746658833325963e-07,0.9999998852836577,7.2497538503963855e-09
C10719,0.0,High Risk,0.9999185048438806,0.0,8.14951561195107e-05
C10720,1.0,Installment-Focused,1.3770399624251298e-09,0.9999999461423844,5.248057527601089e-08
C10721,0.0,High Risk,0.9999970444088234,0.0,2.9555911756857985e-06
C10722,1.0,Installment-Focused,0.014653502856660724,0.9853446320316865,1.8651116530017603e-06
C10723,0.0,High Risk,0.9999981265335939,0.0,1.873466405348847e-06
C10724,1.0,Installment-Focused,1.6826470327398226e-18,0.99990791012166,9.208987834021011e-05
C10725,1.0,Installment-Focused,1.668859207406047e-125,0.9999999233593118,7.664068858767981e-08
C10726,1.0,Installment-Focused,0.0015024712033354535,0.9984975252335992,3.563065193139858e-09
C10727,0.0,High Risk,0.9999999132212489,0.0,8.677875064689974e-08
C10728,0.0,High Risk,0.9999970486893582,0.0,2.9513106420255837e-06
C10729,0.0,High Risk,0.9999995443968607,0.0,4.5560313949032554e-07
C10730,1.0,Installment-Focused,0.0012806256003284155,0.9987193671347674,7.264904130171391e-09
C10731,1.0,Installment-Focused,0.00025722810309303896,0.9997427599940163,1.190289077887106e-08
C10732,1.0,Installment-Focused,0.0016346756565995342,0.9983653087385902,1.560481002267263e-08
C10733,0.0,High Risk,0.9939819691543752,0.0,0.00601803084562524
C10734,0.0,High Risk,0.9999999313869644,0.0,6.861303515068679e-08
C10735,0.0,High Risk,0.9999993673339839,0.0,6.326660165496685e-07
C10736,0.0,High Risk,0.9990612353126517,0.0,0.0009387646873494248
C10737,0.0,High Risk,0.9999999453798815,0.0,5.462011888055047e-08
C10738,0.0,High Risk,0.9999876302025921,0.0,1.2369797408212076e-05
C10739,1.0,Installment-Focused,1.4069375070063357e-12,0.9999999589711441,4.102744886758858e-08
C10740,1.0,Installment-Focused,5.042838738538511e-13,0.9999999270327891,7.296670675472646e-08
C10741,0.0,High Risk,0.9999167132753076,0.0,8.328672469194692e-05
C10742,0.0,High Risk,0.9999985447351796,0.0,1.4552648209596455e-06
C10743,0.0,High Risk,0.9999999812968625,0.0,1.8703137350292854e-08
C10744,1.0,Installment-Focused,0.008869158153992767,0.9911308400662808,1.7797266411484329e-09
C10745,0.0,High Risk,0.9999989247346938,0.0,1.0752653063037056e-06
C10746,1.0,Installment-Focused,4.092338378583624e-17,0.999936400312315,6.359968768426596e-05
C10747,0.0,High Risk,0.9999961237973082,0.0,3.876202692251264e-06
C10748,0.0,High Risk,0.9999995002053487,0.0,4.997946518363767e-07
C10749,0.0,High Risk,0.9999988809987234,0.0,1.1190012762771506e-06
C10750,0.0,High Risk,0.9999998954206771,0.0,1.0457932208249654e-07
C10751,0.0,High Risk,0.9498397799655832,0.0,0.050160220034417446
C10752,1.0,Installment-Focused,0.0005773571341058144,0.9994225980273392,4.4838554604979206e-08
C10753,0.0,High Risk,0.9999985995623498,0.0,1.4004376500125172e-06
C10754,0.0,High Risk,0.9999995141537513,0.0,4.858462483846845e-07
C10755,1.0,Installment-Focused,0.00035445486660734164,0.9996455278794713,1.7253921321269083e-08
C10756,1.0,Installment-Focused,1.4757080566151648e-109,0.999999946023897,5.397610304965544e-08
C10757,1.0,Installment-Focused,0.08820078021175236,0.9117989497964158,2.699918318738239e-07
C10758,0.0,High Risk,0.9999904754797689,0.0,9.524520231512044e-06
C10759,0.0,High Risk,0.9999997393732116,0.0,2.606267886664197e-07
C10760,1.0,Installment-Focused,6.931736613672377e-89,0.9999999708556193,2.9144381082942755e-08
C10761,0.0,High Risk,0.9999998979161048,0.0,1.0208389530314587e-07
C10762,0.0,High Risk,0.9999998101083831,0.0,1.898916170530487e-07
C10763,1.0,Installment-Focused,2.338564842514974e-34,0.9907384769384419,0.009261523061558577
C10764,1.0,Installment-Focused,2.167688893219368e-12,0.999992542718337,7.457279495419208e-06
C10765,1.0,Installment-Focused,0.0004402033077524498,0.9995597937651918,2.9270559928361522e-09
C10766,0.0,High Risk,0.9999999366778767,0.0,6.332212335008459e-08
C10767,2.0,Low Engagement,1.8631493219790825e-09,0.0,0.9999999981368504
C10768,1.0,Installment-Focused,8.018643950689878e-135,0.9999999620551774,3.79448227475347e-08
C10769,0.0,High Risk,0.9999976822797559,0.0,2.317720243908592e-06
C10770,0.0,High Risk,0.999999597034653,0.0,4.029653470847625e-07
C10771,0.0,High Risk,0.9999995623086465,0.0,4.3769135396720043e-07
C10772,1.0,Installment-Focused,0.0017024131629294658,0.9982975313957477,5.544132265096125e-08
C10773,1.0,Installment-Focused,0.00014576006486661768,0.999854134027046,1.0590808688458339e-07
C10774,1.0,Installment-Focused,0.0009228438175511905,0.9990771359636107,2.0218838066911803e-08
C10775,0.0,High Risk,0.9999974737811202,0.0,2.5262188794238884e-06
C10776,1.0,Installment-Focused,0.00022962820073092757,0.9997703678703551,3.928914119385529e-09
C10777,0.0,High Risk,0.9999981661433666,0.0,1.833856634323658e-06
C10779,1.0,Installment-Focused,8.962560955900638e-05,0.9999103540245072,2.0365933588279563e-08
C10780,0.0,High Risk,0.9999998567772601,0.0,1.432227402168977e-07
C10781,0.0,High Risk,0.9999852486760723,0.0,1.4751323927992856e-05
C10782,0.0,High Risk,0.9999988978505571,0.0,1.1021494428654028e-06
C10783,0.0,High Risk,0.9999999844930098,0.0,1.5506990628891064e-08
C10784,0.0,High Risk,0.9999990058656664,0.0,9.94134333401496e-07
C10785,0.0,High Risk,0.9999996678428175,0.0,3.32157182128742e-07
C10786,0.0,High Risk,0.9999963418519981,0.0,3.658148002492252e-06
C10787,0.0,High Risk,0.9871357292370035,0.0,0.012864270762997655
C10788,0.0,High Risk,0.999999972647933,0.0,2.735206653844239e-08
C10789,1.0,Installment-Focused,8.297534426353066e-97,0.9999999149336417,8.506635797653347e-08
C10790,0.0,High Risk,0.9999998718579504,0.0,1.2814204969156463e-07
C10791,0.0,High Risk,0.9999999230154341,0.0,7.698456553658601e-08
C10792,1.0,Installment-Focused,2.3886970800640683e-28,0.9998239158790414,0.00017608412095940475
C10793,0.0,High Risk,0.9999990225658716,0.0,9.774341284670966e-07
C10794,1.0,Installment-Focused,3.7088480723855673e-09,0.9999998559461508,1.4034500064435298e-07
C10795,0.0,High Risk,0.9999998697863517,0.0,1.3021364844580688e-07
C10796,0.0,High Risk,0.9999999343932963,0.0,6.560670359062863e-08
C10797,0.0,High Risk,0.999999873789462,0.0,1.262105383962018e-07
C10798,1.0,Installment-Focused,0.0008690122665748258,0.9991309584409448,2.929248081642514e-08
C10799,1.0,Installment-Focused,6.832459566767898e-120,0.9999999687615744,3.123842539783195e-08
C10800,0.0,High Risk,0.9999915066620965,0.0,8.493337903549606e-06
C10801,2.0,Low Engagement,2.9348025906972903e-13,2.1970750694786047e-07,0.9999997802921988
C10803,1.0,Installment-Focused,0.049693962089140835,0.950305985564847,5.23460119757681e-08
C10804,0.0,High Risk,0.9999134000444773,0.0,8.659995552221307e-05
C10805,0.0,High Risk,0.9985670197489724,0.0,0.001432980251028623
C10806,0.0,High Risk,0.9999435462368269,0.0,5.645376317226119e-05
C10807,0.0,High Risk,0.9999999010793501,0.0,9.89206497793261e-08
C10808,0.0,High Risk,0.9999916422454275,0.0,8.357754572831463e-06
C10809,0.0,High Risk,0.9999999264141186,0.0,7.358588058123268e-08
C10810,2.0,Low Engagement,0.42034678530551006,0.0,0.5796532146944916
C10811,2.0,Low Engagement,3.0822681692509146e-11,0.0,0.9999999999691767
C10812,0.0,High Risk,0.9992866461610238,0.0,0.000713353838976569
C10813,1.0,Installment-Focused,9.439970909329043e-12,0.9999996207072028,3.792833572744564e-07
C10814,2.0,Low Engagement,2.688505473794135e-18,2.220309586637125e-34,1.0
C10815,0.0,High Risk,0.9999999009058294,0.0,9.909417078591835e-08
C10816,0.0,High Risk,0.9999802578957153,0.0,1.9742104285367446e-05
C10817,2.0,Low Engagement,1.2131251956836596e-07,0.0,0.9999998786874793
C10818,0.0,High Risk,0.9999976154483248,0.0,2.3845516746666122e-06
C10819,1.0,Installment-Focused,0.0007356867602980793,0.999264304143085,9.096616537024319e-09
C10820,1.0,Installment-Focused,5.208093806273732e-137,0.9999999150642251,8.493577514062369e-08
C10821,0.0,High Risk,0.9999963458867204,0.0,3.654113279032116e-06
C10822,0.0,High Risk,0.9999960407342898,0.0,3.959265710003377e-06
C10823,1.0,Installment-Focused,3.1455681889996753e-52,0.9999997951365472,2.0486345279345366e-07
C10824,1.0,Installment-Focused,0.00023883805623632357,0.9997610533914728,1.0855229089087459e-07
C10825,2.0,Low Engagement,4.964852499732253e-12,0.0,0.9999999999950369
C10826,1.0,Installment-Focused,3.7382581434265494e-116,0.9999997701611887,2.2983881095574343e-07
C10827,1.0,Installment-Focused,0.0007516949904877436,0.999248300225611,4.783901372589874e-09
C10828,1.0,Installment-Focused,2.302432697206101e-21,0.9999993876130776,6.123869226766609e-07
C10829,2.0,Low Engagement,0.3696646617004051,0.0,0.6303353382995937
C10830,2.0,Low Engagement,8.095784809758442e-92,0.0,1.0
C10831,2.0,Low Engagement,5.979436436674491e-45,0.0,1.0
C10832,0.0,High Risk,0.9999998582972192,0.0,1.4170278082807085e-07
C10833,1.0,Installment-Focused,3.2878900022011977e-07,0.9999994468979809,2.2431301884223164e-07
C10834,2.0,Low Engagement,2.157112422405444e-09,0.0,0.9999999978428882
C10835,1.0,Installment-Focused,0.00137711077655785,0.998606513240189,1.637598325262543e-05
C10836,1.0,Installment-Focused,2.2870637459282314e-102,0.999999924353751,7.564624868991845e-08
C10837,1.0,Installment-Focused,8.559356544038164e-05,0.9999143387317616,6.770279801626739e-08
C10838,0.0,High Risk,0.9999997161641815,0.0,2.8383581815109665e-07
C10839,0.0,High Risk,0.9999986507612729,0.0,1.3492387276355944e-06
C10840,2.0,Low Engagement,8.219819318006381e-06,0.00019817417865470994,0.9997936060020275
C10841,0.0,High Risk,0.9999984027318816,0.0,1.5972681188922415e-06
C10843,0.0,High Risk,0.9999994057236731,0.0,5.942763266567249e-07
C10844,1.0,Installment-Focused,3.482138815919066e-63,0.999999888279894,1.1172010613581255e-07
C10845,0.0,High Risk,0.9999963545130063,0.0,3.6454869933438287e-06
C10846,1.0,Installment-Focused,2.173483253213729e-05,0.9999782496725492,1.5494918574738015e-08
C10847,0.0,High Risk,0.9999998548640193,0.0,1.4513598096497052e-07
C10848,2.0,Low Engagement,7.772525291243004e-15,4.677601489603674e-08,0.999999953223978
C10849,2.0,Low Engagement,1.5947532402843362e-08,0.0,0.9999999840524688
C10850,2.0,Low Engagement,0.00017292211846648548,0.0,0.9998270778815336
C10852,1.0,Installment-Focused,0.0029725786691734116,0.9970274083220055,1.3008820704734095e-08
C10853,1.0,Installment-Focused,7.96011531407136e-05,0.9999203441521237,5.469473516919214e-08
C10854,1.0,Installment-Focused,0.00468187400814011,0.9953181206531477,5.3387123788775915e-09
C10855,2.0,Low Engagement,0.0010600505036611218,2.2731448716340658e-42,0.9989399494963382
C10856,0.0,High Risk,0.9999986487752411,0.0,1.3512247582351898e-06
C10857,0.0,High Risk,0.9999998359671195,0.0,1.6403288029938675e-07
C10858,1.0,Installment-Focused,0.0027366556632107525,0.997263315266637,2.9070152298908537e-08
C10859,1.0,Installment-Focused,1.998512183196933e-05,0.9999797303699035,2.845082644850239e-07
C10860,0.0,High Risk,0.9999973764988456,0.0,2.6235011544376286e-06
C10861,0.0,High Risk,0.9999998772516716,0.0,1.2274832803470673e-07
C10862,0.0,High Risk,0.9999997655307595,0.0,2.34469240153049e-07
C10863,0.0,High Risk,0.9999998873257311,0.0,1.1267426919133053e-07
C10864,2.0,Low Engagement,3.502654796826554e-11,5.7693044440610164e-06,0.9999942306605281
C10865,0.0,High Risk,0.9999987491584521,0.0,1.2508415479262847e-06
C10866,0.0,High Risk,0.9999976822071412,0.0,2.317792859070176e-06
C10867,1.0,Installment-Focused,0.00023293839490874465,0.9997670551027628,6.502328601189668e-09
C10868,1.0,Installment-Focused,3.73724585739968e-111,0.9999999203541382,7.964586155269003e-08
C10869,1.0,Installment-Focused,0.0007377281194265538,0.9992615689014768,7.029790963047373e-07
C10870,0.0,High Risk,0.9999997318419518,0.0,2.6815804828061614e-07
C10871,2.0,Low Engagement,3.3806965420737243e-16,2.1782928181132497e-11,0.9999999999782183
C10872,0.0,High Risk,0.9999998144384209,0.0,1.8556157946571358e-07
C10873,0.0,High Risk,0.9999995918242293,0.0,4.0817577205390947e-07
C10874,0.0,High Risk,0.9999959378979401,0.0,4.062102060612524e-06
C10875,0.0,High Risk,0.9998795476161632,0.0,0.00012045238383812657
C10876,0.0,High Risk,0.9999998402389577,0.0,1.5976104218562263e-07
C10877,2.0,Low Engagement,2.4780534505006277e-10,6.764523241898829e-05,0.9999323545197756
C10878,1.0,Installment-Focused,1.7562419337315183e-129,0.9999998032289941,1.9677100606756592e-07
C10879,0.0,High Risk,0.9999999779539837,0.0,2.2046016227774044e-08
C10880,1.0,Installment-Focused,4.568618324689839e-10,0.9999999272581048,7.228503344305705e-08
C10881,0.0,High Risk,0.9999994172989971,4.794454160488087e-41,5.827010028884563e-07
C10882,0.0,High Risk,0.9999996147395929,0.0,3.8526040673181935e-07
C10883,2.0,Low Engagement,1.2066114515704343e-06,0.0,0.9999987933885489
C10884,0.0,High Risk,0.9999999881363628,0.0,1.1863637463429968e-08
C10885,0.0,High Risk,0.9998796444009389,0.0,0.00012035559906020823
C10886,0.0,High Risk,0.9999806523976847,0.0,1.9347602315997496e-05
C10887,0.0,High Risk,0.9999999262374458,0.0,7.376255421167823e-08
C10888,0.0,High Risk,0.9999899438290601,0.0,1.0056170939028882e-05
C10889,0.0,High Risk,0.9999996867334648,0.0,3.132665345569004e-07
C10890,2.0,Low Engagement,3.836979988000333e-15,2.2242716733562183e-09,0.9999999977757241
C10891,2.0,Low Engagement,7.55777016410445e-29,4.062631864503888e-25,1.0
C10892,1.0,Installment-Focused,1.400458647750294e-08,0.9999999457092758,4.028613729961681e-08
C10893,1.0,Installment-Focused,0.0006568975453933901,0.9993430972784925,5.176114124714273e-09
C10894,0.0,High Risk,0.9999977568635329,0.0,2.2431364663530993e-06
C10895,0.0,High Risk,0.9999984085541873,0.0,1.5914458130264344e-06
C10896,0.0,High Risk,0.9999998854056708,0.0,1.1459432935412445e-07
C10897,0.0,High Risk,0.99999987375553,0.0,1.2624447035827377e-07
C10898,2.0,Low Engagement,1.481162169408697e-12,0.0,0.9999999999985185
C10899,2.0,Low Engagement,1.5872958179459389e-07,0.0,0.9999998412704177
C10900,0.0,High Risk,0.9999999500277971,0.0,4.997220326623964e-08
C10901,0.0,High Risk,0.9999973986483233,0.0,2.6013516766523753e-06
C10902,1.0,Installment-Focused,0.0002224834497271325,0.9997775120497489,4.500523871448416e-09
C10903,0.0,High Risk,0.9999996468041552,0.0,3.531958451149051e-07
C10904,0.0,High Risk,0.9999226908524353,0.0,7.730914756501759e-05
C10905,1.0,Installment-Focused,0.0004153906651273134,0.9995846020055728,7.32930026278368e-09
C10906,2.0,Low Engagement,3.534567780925112e-11,0.0,0.999999999964654
C10907,1.0,Installment-Focused,1.9263415671819413e-145,0.9999998984807223,1.0151927787032353e-07
C10908,2.0,Low Engagement,1.6420755441975627e-14,0.0,0.9999999999999822
C10909,2.0,Low Engagement,1.0187471773343215e-11,0.0,0.9999999999898108
C10910,0.0,High Risk,0.9999913473024601,0.0,8.652697540301164e-06
C10911,0.0,High Risk,0.9999912762371492,0.0,8.723762850157207e-06
C10912,1.0,Installment-Focused,3.9065159856194015e-163,0.9999999542424264,4.575757315150548e-08
C10913,0.0,High Risk,0.9999993187860163,0.0,6.812139833847543e-07
C10914,0.0,High Risk,0.9999999560971321,0.0,4.390286863546841e-08
C10915,1.0,Installment-Focused,0.013629833947524662,0.9856134575485325,0.0007567085039427674
C10916,0.0,High Risk,0.9999994779010666,0.0,5.220989332879682e-07
C10917,1.0,Installment-Focused,0.00030301068085071157,0.9996968949276921,9.439145765686353e-08
C10918,1.0,Installment-Focused,7.775591946514702e-98,0.9999999579141265,4.208587372079436e-08
C10919,0.0,High Risk,0.9999992902921728,0.0,7.097078271331462e-07
C10920,1.0,Installment-Focused,6.548795657648828e-118,0.9999998972297162,1.027702839148101e-07
C10921,1.0,Installment-Focused,0.0006720294569201513,0.9993279624268351,8.11624457609328e-09
C10922,2.0,Low Engagement,1.997315336463238e-16,1.829653084855e-12,0.9999999999981704
C10923,2.0,Low Engagement,8.687783747091287e-14,0.0,0.9999999999999147
C10924,0.0,High Risk,0.9999997990325997,0.0,2.009673999710408e-07
C10925,1.0,Installment-Focused,0.0004063851870477553,0.9995934984513948,1.1636155750280555e-07
C10926,1.0,Installment-Focused,1.5643154763542673e-105,0.9999998467079749,1.5329202474936187e-07
C10927,1.0,Installment-Focused,0.0009391505120389161,0.9990595949474206,1.2545405398594458e-06
C10928,2.0,Low Engagement,1.894592120698176e-22,0.0,1.0
C10929,0.0,High Risk,0.9999745016298164,0.0,2.5498370183884067e-05
C10930,1.0,Installment-Focused,2.213699821736977e-09,0.9999998262841974,1.7150210316843483e-07
C10931,0.0,High Risk,0.9999999460517867,0.0,5.3948213647708896e-08
C10932,0.0,High Risk,0.9999490784627842,0.0,5.0921537215306585e-05
C10933,0.0,High Risk,0.9999998881286141,0.0,1.1187138569660645e-07
C10934,0.0,High Risk,0.9999999676311658,0.0,3.236883342165489e-08
C10935,0.0,High Risk,0.9999993144463414,0.0,6.855536583203276e-07
C10936,2.0,Low Engagement,8.420380268201272e-17,3.4227240791464364e-09,0.9999999965772766
C10937,0.0,High Risk,0.9999988665493682,0.0,1.1334506310872158e-06
C10939,1.0,Installment-Focused,0.005297818997286239,0.9947021792810592,1.7216546651838324e-09
C10940,1.0,Installment-Focused,0.0017055860012768341,0.9982943213610387,9.26376843653467e-08
C10941,0.0,High Risk,0.999999895810019,0.0,1.0418998093986343e-07
C10942,0.0,High Risk,0.999999942362808,0.0,5.763719187127385e-08
C10943,1.0,Installment-Focused,7.0909187468593215e-124,0.9999998959194142,1.0408058584560472e-07
C10944,1.0,Installment-Focused,3.521470560010748e-19,0.9785857713246394,0.0214142286753596
C10945,1.0,Installment-Focused,0.005988179814565876,0.994011813392219,6.793215546042953e-09
C10946,1.0,Installment-Focused,3.3808208733373523e-37,0.9996295807059482,0.0003704192940512479
C10947,1.0,Installment-Focused,0.049701672463395984,0.950298287214056,4.032254798681264e-08
C10949,1.0,Installment-Focused,0.00032264418482770064,0.9996773458314981,9.983673738718672e-09
C10950,1.0,Installment-Focused,1.67883232190144e-07,0.9999998157803841,1.633638352154743e-08
C10951,1.0,Installment-Focused,4.127768581082786e-27,0.9990551869939603,0.0009448130060404559
C10952,2.0,Low Engagement,3.7645769764866393e-93,0.0,1.0
C10953,2.0,Low Engagement,2.7135580433666812e-12,2.8959853382603477e-08,0.999999971037433
C10954,1.0,Installment-Focused,0.00045606272450033665,0.9995439334892589,3.786241008359498e-09
C10955,0.0,High Risk,0.9999999312809168,0.0,6.871908307018527e-08
C10956,2.0,Low Engagement,1.465902692837668e-13,1.2189748402839337e-10,0.9999999998779572
C10957,2.0,Low Engagement,5.720655718666216e-11,0.0,0.9999999999427942
C10958,1.0,Installment-Focused,9.601914117654218e-100,0.9999999129788162,8.702118353380048e-08
C10959,1.0,Installment-Focused,1.898209724686379e-121,0.9999999321472691,6.785273069557062e-08
C10960,1.0,Installment-Focused,0.003564105962664115,0.9964358824463416,1.1590994499176387e-08
C10961,0.0,High Risk,0.999999914497587,0.0,8.55024130604902e-08
C10962,1.0,Installment-Focused,0.0035476776678360885,0.9964523202942971,2.0378668568278076e-09
C10963,0.0,High Risk,0.9999984911441185,0.0,1.5088558809082187e-06
C10965,2.0,Low Engagement,4.592252726360643e-05,0.0,0.9999540774727377
C10966,0.0,High Risk,0.999999239046975,0.0,7.609530254635375e-07
C10967,2.0,Low Engagement,1.9987041135237793e-14,0.0,0.9999999999999787
C10968,1.0,Installment-Focused,5.9729556452685874e-05,0.999940248812742,2.1630805437914023e-08
C10969,1.0,Installment-Focused,0.0015391617294047326,0.9984604090022218,4.2926837316840747e-07
C10970,1.0,Installment-Focused,0.0006453175063688048,0.9993546572665556,2.5227075583106205e-08
C10971,0.0,High Risk,0.9999999344516514,0.0,6.554834942537107e-08
C10972,1.0,Installment-Focused,4.7966037800700984e-124,0.999999340905561,6.590944392731026e-07
C10973,0.0,High Risk,0.9999999788045708,0.0,2.1195429583273935e-08
C10974,1.0,Installment-Focused,1.0553734503453648e-12,0.9708840379901023,0.029115962008842824
C10975,1.0,Installment-Focused,9.079405037288216e-10,0.9999999879238022,1.1168256601812697e-08
C10976,0.0,High Risk,0.999999485492709,0.0,5.145072911470796e-07
C10977,0.0,High Risk,0.9999995533328153,0.0,4.466671850804125e-07
C10978,1.0,Installment-Focused,0.0012865449779909594,0.9987134196615719,3.536043711602831e-08
C10979,0.0,High Risk,0.9953872439685558,0.0,0.004612756031444677
C10980,2.0,Low Engagement,4.743921199394957e-78,0.0,1.0
C10981,1.0,Installment-Focused,1.0299721457015413e-12,0.999675817538063,0.00032418246090703775
C10982,2.0,Low Engagement,7.896784487612149e-19,1.3563579237424723e-09,0.9999999986436414
C10983,1.0,Installment-Focused,0.0003786208579727671,0.999621373583959,5.5580685759706766e-09
C10984,2.0,Low Engagement,4.272192619348455e-15,3.124957324446361e-06,0.9999968750426701
C10985,0.0,High Risk,0.9999928956616567,1.1309502892762803e-186,7.1043383436307056e-06
C10986,1.0,Installment-Focused,6.55356542232359e-08,0.9999999290218161,5.442529526533601e-09
C10987,1.0,Installment-Focused,0.006576062313287,0.9934239365210242,1.165688374191221e-09
C10988,0.0,High Risk,0.9999994611857396,0.0,5.388142599611884e-07
C10989,1.0,Installment-Focused,7.127691763148696e-14,0.9999949581788778,5.0418210511790975e-06
C10990,2.0,Low Engagement,0.20958695412062484,0.0,0.7904130458793743
C10991,2.0,Low Engagement,2.1618392641722042e-14,3.317212405796003e-10,0.9999999996682583
C10992,1.0,Installment-Focused,0.0010680110350778911,0.9989317078744254,2.810904963923204e-07
C10993,0.0,High Risk,0.9999998097791621,0.0,1.9022083742179568e-07
C10994,0.0,High Risk,0.9999927618366137,0.0,7.238163386548752e-06
C10995,0.0,High Risk,0.999998043574357,0.0,1.9564256421899858e-06
C10996,0.0,High Risk,0.9999999018135574,0.0,9.81864433439015e-08
C10997,1.0,Installment-Focused,0.001265295079717452,0.9987346846066236,2.0313659115714722e-08
C10998,2.0,Low Engagement,3.471395559550005e-101,2.651732613410133e-42,1.0
C10999,1.0,Installment-Focused,0.0002589762408587051,0.9997410176925242,6.066617439354475e-09
C11000,0.0,High Risk,0.9999996924045427,0.0,3.075954571732712e-07
C11001,1.0,Installment-Focused,2.707645158583577e-127,0.999999961206706,3.879329392525475e-08
C11002,0.0,High Risk,0.9999981331523085,0.0,1.866847691353518e-06
C11003,2.0,Low Engagement,1.5634984476315307e-12,0.0,0.9999999999984368
C11004,2.0,Low Engagement,8.591007910024949e-89,7.655770916070472e-178,1.0
C11005,2.0,Low Engagement,4.3283885786536616e-16,1.980221678458816e-08,0.9999999801977817
C11006,0.0,High Risk,0.9999978063950906,0.0,2.1936049087549987e-06
C11007,0.0,High Risk,0.9999991574482948,0.0,8.425517043829673e-07
C11008,1.0,Installment-Focused,1.359860127802101e-19,0.9999979977062834,2.002293716315184e-06
C11009,1.0,Installment-Focused,1.2209423361996099e-09,0.9999999736735988,2.5105458979424027e-08
C11010,2.0,Low Engagement,1.3259029976236486e-12,1.3213436708224795e-07,0.9999998678643055
C11011,0.0,High Risk,0.999998417824915,0.0,1.5821750856547207e-06
C11012,2.0,Low Engagement,4.964335174232634e-15,0.0,0.9999999999999964
C11013,1.0,Installment-Focused,0.0002143837863299503,0.999785610305872,5.907798165134346e-09
C11014,1.0,Installment-Focused,9.724132736918072e-08,0.999999706837697,1.9592097551969676e-07
C11015,1.0,Installment-Focused,0.003920852049137665,0.9960728342475913,6.31370327023455e-06
C11016,1.0,Installment-Focused,7.084960059351867e-118,0.9999999575906076,4.240939239131511e-08
C11017,0.0,High Risk,0.9999987742728231,0.0,1.225727177437552e-06
C11018,0.0,High Risk,0.9999990852559177,0.0,9.147440825239803e-07
C11019,2.0,Low Engagement,1.9088804636853396e-09,0.0,0.9999999980911198
C11020,1.0,Installment-Focused,0.04400217625840668,0.9559977473623161,7.63792771146782e-08
C11021,2.0,Low Engagement,1.791673476878035e-07,0.0,0.9999998208326507
C11022,1.0,Installment-Focused,2.092649333161542e-120,0.9999999474593477,5.254065205098344e-08
C11023,0.0,High Risk,0.9999999649045319,0.0,3.5095467711646924e-08
C11024,1.0,Installment-Focused,0.0018800743824293295,0.998119760908276,1.6470929481726366e-07
C11025,0.0,High Risk,0.9999693478034062,0.0,3.065219659312532e-05
C11026,0.0,High Risk,0.9999976630503782,0.0,2.336949621793663e-06
C11027,1.0,Installment-Focused,0.0002214509656917831,0.9997783741985234,1.748357840510708e-07
C11028,0.0,High Risk,0.9997592335642108,0.0,0.0002407664357904889
C11029,0.0,High Risk,0.9999924892324216,2.5596924082885812e-45,7.510767578402987e-06
C11030,1.0,Installment-Focused,7.407040947513383e-29,0.9968759685043562,0.0031240314956429683
C11031,0.0,High Risk,0.9999998530427413,0.0,1.4695725843383643e-07
C11032,0.0,High Risk,0.9999979692384994,0.0,2.030761499951214e-06
C11033,1.0,Installment-Focused,0.00035283379169651297,0.9996471595325657,6.675737682902553e-09
C11034,1.0,Installment-Focused,0.0009420657395257844,0.9984243545229692,0.000633579737504095
C11035,2.0,Low Engagement,8.174487542151026e-11,1.842922454078353e-06,0.9999981569958011
C11036,1.0,Installment-Focused,1.2096880544579675e-09,0.9999998363665786,1.62423733667499e-07
C11038,0.0,High Risk,0.9999994448997325,0.0,5.551002674680173e-07
C11039,0.0,High Risk,0.9999999794380898,0.0,2.0561909785015584e-08
C11040,1.0,Installment-Focused,2.4082994083554633e-98,0.9999999616181635,3.8381836372922454e-08
C11041,1.0,Installment-Focused,8.93297566520726e-112,0.9999999119264146,8.807358542150387e-08
C11042,0.0,High Risk,0.9999999087300135,0.0,9.126998605656581e-08
C11043,1.0,Installment-Focused,5.713576753010402e-08,0.9999983312258427,1.6116383905691452e-06
C11044,2.0,Low Engagement,2.9227264944154914e-11,0.0,0.9999999999707718
C11045,1.0,Installment-Focused,0.0017756360785045648,0.9982242916351073,7.22863880570322e-08
C11046,0.0,High Risk,0.9999984676309727,0.0,1.5323690275382578e-06
C11047,0.0,High Risk,0.99999868895612,0.0,1.3110438798084763e-06
C11048,0.0,High Risk,0.9999995676126983,0.0,4.3238730161255324e-07
C11049,1.0,Installment-Focused,2.0679944065753554e-05,0.9999793090274828,1.102845149764694e-08
C11050,2.0,Low Engagement,9.844050348675242e-17,3.629116243756701e-08,0.9999999637088386
C11051,2.0,Low Engagement,3.572442128812902e-15,0.0,0.9999999999999964
C11052,0.0,High Risk,0.9998068207010553,0.0,0.00019317929894422216
C11053,1.0,Installment-Focused,0.00852458595993941,0.9914751997225101,2.1431755085794282e-07
C11054,1.0,Installment-Focused,2.841937578850206e-09,0.9999999398763553,5.7281706907780954e-08
C11055,0.0,High Risk,0.9999981177428752,3.3318985134432817e-39,1.882257124389921e-06
C11056,1.0,Installment-Focused,3.5273969595057615e-08,0.9999998163240758,1.484019546321915e-07
C11057,1.0,Installment-Focused,0.006360559926509312,0.9936394027537988,3.7319691470470365e-08
C11058,1.0,Installment-Focused,3.4460344728696824e-126,0.9999799428117561,2.0057188244704365e-05
C11059,0.0,High Risk,0.9999993076070445,0.0,6.923929560770229e-07
C11060,1.0,Installment-Focused,8.423395187998944e-24,0.9999996539094796,3.460905200721124e-07
C11061,0.0,High Risk,0.9999997479599434,0.0,2.520400570977993e-07
C11062,2.0,Low Engagement,7.422211339566976e-19,0.0,1.0
C11063,1.0,Installment-Focused,6.985126680463166e-21,0.9999995832552198,4.16744780075292e-07
C11064,0.0,High Risk,0.9999999389578972,0.0,6.104210368798625e-08
C11065,0.0,High Risk,0.9999999568445963,0.0,4.315540378270001e-08
C11066,1.0,Installment-Focused,1.5853749658096149e-103,0.9999999801520547,1.984794518744054e-08
C11067,2.0,Low Engagement,1.4142105455178543e-06,0.0,0.9999985857894539
C11068,0.0,High Risk,0.9999983134987496,0.0,1.6865012502425834e-06
C11069,2.0,Low Engagement,2.6828889050015764e-38,0.0,1.0
C11070,0.0,High Risk,0.9999998407485287,0.0,1.592514709833366e-07
C11071,0.0,High Risk,0.9999985355128173,0.0,1.4644871822871586e-06
C11072,0.0,High Risk,0.9999999262720074,0.0,7.372799285924062e-08
C11073,1.0,Installment-Focused,0.0028330428683739236,0.9971668952000803,6.193154541468309e-08
C11074,2.0,Low Engagement,1.180708374537283e-10,0.0,0.9999999998819291
C11075,2.0,Low Engagement,8.499588149261288e-07,0.0,0.9999991500411862
C11076,0.0,High Risk,0.5743205689185603,0.0,0.4256794310814396
C11077,2.0,Low Engagement,6.124735295251554e-13,0.0,0.9999999999993889
C11078,1.0,Installment-Focused,6.881159654254269e-117,0.999999963048017,3.6951983402079417e-08
C11079,0.0,High Risk,0.999998131954071,0.0,1.8680459295099865e-06
C11080,2.0,Low Engagement,1.7032091346981703e-16,7.728316412444376e-09,0.9999999922716825
C11081,1.0,Installment-Focused,1.5832392133973333e-13,0.9999559156503873,4.4084349453982495e-05
C11082,0.0,High Risk,0.9999977849164613,0.0,2.2150835389871648e-06
C11083,0.0,High Risk,0.9999995041692319,0.0,4.958307679164205e-07
C11084,0.0,High Risk,0.9999999398776556,0.0,6.012234463257988e-08
C11085,0.0,High Risk,0.9999991814051665,0.0,8.185948331652221e-07
C11086,1.0,Installment-Focused,6.89454960055667e-05,0.9999309909152866,6.358870769457363e-08
C11087,1.0,Installment-Focused,4.708567727817574e-107,0.9999998265207024,1.734792974913603e-07
C11088,0.0,High Risk,0.9999990389618141,0.0,9.610381857082914e-07
C11089,0.0,High Risk,0.9898036796045057,0.0,0.01019632039549415
C11090,1.0,Installment-Focused,1.7132013126232122e-23,0.9999999003798355,9.96201645084892e-08
C11091,1.0,Installment-Focused,3.878112459946967e-15,0.9999998662697923,1.3373020380273004e-07
C11092,2.0,Low Engagement,2.425239582799459e-11,1.0720938703354887e-08,0.9999999892548104
C11093,1.0,Installment-Focused,4.2377350331443363e-119,0.9999999742131841,2.5786815644817167e-08
C11094,0.0,High Risk,0.9999999765372201,0.0,2.3462780439562417e-08
C11095,0.0,High Risk,0.9999994843065207,0.0,5.156934796638954e-07
C11096,2.0,Low Engagement,6.893508363055734e-92,0.0,1.0
C11097,0.0,High Risk,0.9999895096510919,0.0,1.0490348908979602e-05
C11098,0.0,High Risk,0.9999999056361677,0.0,9.436383255771554e-08
C11099,0.0,High Risk,0.9999998211422749,0.0,1.7885772467307136e-07
C11100,1.0,Installment-Focused,0.00046353489144781523,0.9995364604398406,4.668711928855289e-09
C11101,1.0,Installment-Focused,1.820056597174859e-39,0.9998693309176734,0.00013066908232620776
C11102,0.0,High Risk,0.9999970975414318,0.0,2.9024585680410453e-06
C11103,0.0,High Risk,0.9999993547176403,0.0,6.452823596842184e-07
C11104,1.0,Installment-Focused,0.018720005193418845,0.9812799920599335,2.7466472006898365e-09
C11105,2.0,Low Engagement,3.1934969996586757e-07,0.0,0.999999680650299
C11106,1.0,Installment-Focused,1.7274418265766356e-129,0.9999997655547217,2.3444527795335004e-07
C11107,0.0,High Risk,0.9999995097817511,0.0,4.902182489813786e-07
C11108,1.0,Installment-Focused,0.0002600824001849236,0.9997398724654127,4.5134402502571066e-08
C11109,1.0,Installment-Focused,6.359929573704504e-121,0.999999943715548,5.628445179662202e-08
C11110,0.0,High Risk,0.9966555914531945,0.0,0.0033444085468061708
C11111,0.0,High Risk,0.9999999422500342,0.0,5.774996584863932e-08
C11112,1.0,Installment-Focused,1.8254283308207917e-25,0.9999991217085757,8.78291423997581e-07
C11113,1.0,Installment-Focused,0.01074970236074744,0.9892470160975105,3.281541742878917e-06
C11114,0.0,High Risk,0.9999987317545833,0.0,1.268245417455942e-06
C11115,1.0,Installment-Focused,2.8133548624072898e-11,0.9999998853615452,1.1461032107775787e-07
C11116,1.0,Installment-Focused,0.001168945259545115,0.9988310420836166,1.2656838419432294e-08
C11117,0.0,High Risk,0.9999998065880549,0.0,1.9341194531022997e-07
C11118,2.0,Low Engagement,7.688466952643077e-09,0.0,0.9999999923115332
C11119,1.0,Installment-Focused,6.134911734751579e-20,0.9999995450826771,4.549173231409027e-07
C11120,1.0,Installment-Focused,3.1107107688093705e-09,0.99999903399685,9.628924392616315e-07
C11121,2.0,Low Engagement,4.238334518740414e-11,0.0,0.9999999999576161
C11122,0.0,High Risk,0.9999992989559333,9.47242363431067e-258,7.010440659114568e-07
C11123,0.0,High Risk,0.999999810360275,0.0,1.8963972528372065e-07
C11124,0.0,High Risk,0.9999998681916045,0.0,1.3180839628547696e-07
C11125,1.0,Installment-Focused,6.256938492556501e-14,0.9999997642850087,2.3571492886668215e-07
C11126,0.0,High Risk,0.9999991758667347,0.0,8.241332652861807e-07
C11128,1.0,Installment-Focused,7.993681219297451e-133,0.9999999714031964,2.859680352005935e-08
C11129,0.0,High Risk,0.9999995304562629,0.0,4.695437369867341e-07
C11130,0.0,High Risk,0.9999998328244144,0.0,1.6717558545995325e-07
C11131,0.0,High Risk,0.999999235799305,0.0,7.642006950316528e-07
C11132,0.0,High Risk,0.9999997186132058,0.0,2.8138679349093e-07
C11133,1.0,Installment-Focused,7.000159371693797e-45,0.9999991364402854,8.635597138293923e-07
C11134,0.0,High Risk,0.999998838016433,1.28066880250408e-310,1.161983566950698e-06
C11135,2.0,Low Engagement,3.1633119845772224e-07,0.1374298072715296,0.8625698763972718
C11136,0.0,High Risk,0.9999990917988292,0.0,9.08201171614119e-07
C11137,1.0,Installment-Focused,1.1214716473291095e-118,0.9999996863220971,3.1367790276417317e-07
C11138,1.0,Installment-Focused,6.084322623648655e-15,0.9999999520713836,4.792861051867788e-08
C11139,1.0,Installment-Focused,0.00047140592809031574,0.9995285876474801,6.424429296093108e-09
C11140,0.0,High Risk,0.9999989765622944,0.0,1.023437705318905e-06
C11141,1.0,Installment-Focused,0.0003204088893408056,0.9996795839369734,7.173685832132752e-09
C11142,0.0,High Risk,0.9999955665726068,0.0,4.433427393034858e-06
C11143,0.0,High Risk,0.9999366464951994,0.0,6.335350480139105e-05
C11145,0.0,High Risk,0.9999999790836738,0.0,2.0916325716180814e-08
C11146,1.0,Installment-Focused,0.0007238272182024394,0.9992761635313232,9.250473495673915e-09
C11148,0.0,High Risk,0.9999999488886533,0.0,5.111134711487227e-08
C11149,1.0,Installment-Focused,1.2191741298106319e-18,0.9999994604680839,5.395319164155709e-07
C11150,1.0,Installment-Focused,0.004335908008426598,0.9956639215323783,1.7045919530069897e-07
C11151,0.0,High Risk,0.9999999300751152,0.0,6.992488504855784e-08
C11152,0.0,High Risk,0.9999998404349156,0.0,1.5956508368074664e-07
C11153,1.0,Installment-Focused,0.00024121669659474628,0.9997587705992849,1.2704120605182e-08
C11154,2.0,Low Engagement,2.838908990246404e-101,0.0,1.0
C11155,2.0,Low Engagement,2.7168303149828726e-33,5.872058119890617e-107,1.0
C11156,1.0,Installment-Focused,9.608331321790604e-79,0.999999882842048,1.1715795194063934e-07
C11157,0.0,High Risk,0.9999994917459561,0.0,5.082540437516289e-07
C11158,0.0,High Risk,0.9999999211339552,0.0,7.886604484794668e-08
C11159,1.0,Installment-Focused,0.015408325118664986,0.9845904208441493,1.2540371858518406e-06
C11161,2.0,Low Engagement,5.830080327566164e-10,0.0,0.9999999994169926
C11162,0.0,High Risk,0.92665629573155,0.0,0.0733437042684515
C11163,2.0,Low Engagement,0.0018317786758151166,0.0,0.9981682213241834
C11164,1.0,Installment-Focused,0.0006870876883041602,0.9993128681464544,4.416524193281008e-08
C11165,0.0,High Risk,0.9999901547024548,0.0,9.845297545641056e-06
C11166,1.0,Installment-Focused,1.2596060303396935e-21,0.9999987737734064,1.2262265936862104e-06
C11167,1.0,Installment-Focused,2.7874701276765538e-148,0.9999999408741322,5.91258679160125e-08
C11169,1.0,Installment-Focused,0.002714130665148833,0.9972858592628749,1.0071976305162523e-08
C11170,1.0,Installment-Focused,3.95178009818086e-24,0.9933630043195171,0.006636995680484338
C11171,2.0,Low Engagement,3.9450147135558205e-29,9.044139546977293e-16,1.0
C11172,0.0,High Risk,0.9999999782735902,0.0,2.1726409334828806e-08
C11173,2.0,Low Engagement,0.0023925667342213903,0.0,0.9976074332657773
C11174,0.0,High Risk,0.9999999687131385,0.0,3.1286861386144175e-08
C11175,0.0,High Risk,0.9999996318697948,0.0,3.681302055842925e-07
C11176,0.0,High Risk,0.9999999416681841,0.0,5.8331815567356875e-08
C11177,1.0,Installment-Focused,8.042580350035484e-08,0.9999999060984006,1.3475796262412096e-08
C11178,1.0,Installment-Focused,0.0018746177931765167,0.9981253637182383,1.848858519612668e-08
C11179,0.0,High Risk,0.9999901787274856,0.0,9.821272513832563e-06
C11180,0.0,High Risk,0.9999984821189534,0.0,1.5178810465659368e-06
C11181,0.0,High Risk,0.9999999877423056,0.0,1.2257694735096451e-08
C11182,1.0,Installment-Focused,0.0005529860715237587,0.9994470049803471,8.948129115939365e-09
C11184,0.0,High Risk,0.9999999792170924,0.0,2.0782907428707904e-08
C11185,1.0,Installment-Focused,9.810591537862105e-11,0.9999993542856076,6.456162863798307e-07
C11186,0.0,High Risk,0.9999999820978315,0.0,1.790216828201566e-08
C11187,1.0,Installment-Focused,0.0011317530367982332,0.9988682455577702,1.405431972128648e-09
C11188,0.0,High Risk,0.9999988234813595,0.0,1.1765186408042768e-06
C11189,1.0,Installment-Focused,0.0015798318089986195,0.9984199313078083,2.3688319371921745e-07
C11190,0.0,High Risk,0.9999996261333509,0.0,3.738666492836483e-07
C11192,1.0,Installment-Focused,8.985801105698652e-117,0.9999999847444495,1.5255550600133414e-08
C11193,1.0,Installment-Focused,0.00038404460437520624,0.9996159500313229,5.3643019631589046e-09
C11195,0.0,High Risk,0.9999918932996157,0.0,8.1067003844829e-06
C11196,1.0,Installment-Focused,1.842730310725331e-117,0.9999999559065637,4.409343668061879e-08
C11197,1.0,Installment-Focused,2.1317074813913214e-06,0.9999864540796108,1.1414212908323377e-05
C11198,2.0,Low Engagement,1.2292568619114522e-34,0.31584847820150147,0.6841515217984974
C11199,1.0,Installment-Focused,5.898527657685353e-141,0.9999999404190989,5.9580901402575835e-08
C11200,1.0,Installment-Focused,9.46695174461693e-25,0.9999941795214188,5.820478581501414e-06
C11201,1.0,Installment-Focused,4.91582390181307e-05,0.9999506105065854,2.3125439615104413e-07
C11202,1.0,Installment-Focused,1.6047010154680586e-09,0.9999999521020355,4.6293263631902544e-08
C11203,1.0,Installment-Focused,1.8951301742017016e-28,0.9999998131139064,1.8688609332737783e-07
C11204,0.0,High Risk,0.9998497948834622,0.0,0.00015020511653771572
C11205,0.0,High Risk,0.9999983963138026,0.0,1.603686197593172e-06
C11206,0.0,High Risk,0.9999998586213812,0.0,1.413786192320254e-07
C11207,1.0,Installment-Focused,6.340795113628778e-15,0.9999979003256277,2.0996743658831543e-06
C11208,1.0,Installment-Focused,5.783226935751581e-99,0.9999997684964664,2.315035334280429e-07
C11209,1.0,Installment-Focused,2.118566965811334e-86,0.9999986118625699,1.3881374296293775e-06
C11210,0.0,High Risk,0.9999625756771097,0.0,3.742432288948369e-05
C11211,0.0,High Risk,0.9999995847182285,0.0,4.152817713196644e-07
C11212,1.0,Installment-Focused,9.955374818502605e-07,0.9999983222104409,6.822520772282308e-07
C11213,0.0,High Risk,0.9999999292054998,0.0,7.079450029149513e-08
C11214,0.0,High Risk,0.999997867736409,0.0,2.1322635916375796e-06
C11215,0.0,High Risk,0.999999555520094,0.0,4.4447990562176723e-07
C11216,1.0,Installment-Focused,0.00015265974483739166,0.9998473318999995,8.355163293710001e-09
C11217,1.0,Installment-Focused,1.1502470942513339e-21,0.9999988718536206,1.128146379202188e-06
C11219,0.0,High Risk,0.9999997964326516,0.0,2.0356734865150037e-07
C11220,1.0,Installment-Focused,7.103003981194017e-128,0.9999999753080407,2.4691959657373284e-08
C11221,1.0,Installment-Focused,6.918157837249258e-102,0.9999939000408747,6.099959125885451e-06
C11222,0.0,High Risk,0.9999999516207291,0.0,4.8379270564744156e-08
C11223,0.0,High Risk,0.9999984390037839,0.0,1.560996215442292e-06
C11224,0.0,High Risk,0.9999992112193985,0.0,7.887806008207829e-07
C11225,0.0,High Risk,0.9999973572826631,0.0,2.6427173367342165e-06
C11226,0.0,High Risk,0.9931386622668373,0.0,0.006861337733161329
C11227,2.0,Low Engagement,7.631521307458681e-115,6.707481232808621e-268,1.0
C11228,1.0,Installment-Focused,1.0948073510215973e-05,0.9999890204234998,3.150298979210045e-08
C11229,1.0,Installment-Focused,4.220209253827167e-31,0.9999938779052377,6.122094763112965e-06
C11230,2.0,Low Engagement,2.893873941169154e-06,0.0,0.9999971061260581
C11231,1.0,Installment-Focused,0.0007686527192473173,0.9992313451376129,2.143139874526467e-09
C11232,2.0,Low Engagement,2.8061916003260375e-21,0.0,1.0
C11233,2.0,Low Engagement,8.274795279725827e-23,0.0,1.0
C11234,1.0,Installment-Focused,3.6330022197927286e-115,0.9999999854236528,1.4576346849472914e-08
C11235,2.0,Low Engagement,0.22660141138842893,0.0,0.7733985886115718
C11236,2.0,Low Engagement,4.243191726405544e-74,0.0,1.0
C11237,2.0,Low Engagement,1.4552977656535228e-89,0.0,1.0
C11238,1.0,Installment-Focused,0.006964057300676858,0.9930347219238912,1.220775432812029e-06
C11239,0.0,High Risk,0.9999996111637898,0.0,3.8883621039435233e-07
C11240,1.0,Installment-Focused,3.912051473949265e-11,0.999999946328758,5.363212134077064e-08
C11241,1.0,Installment-Focused,0.00017386847301914892,0.9998259349932059,1.9653377480553353e-07
C11242,1.0,Installment-Focused,2.969791383960808e-99,0.9999999126263097,8.737369017170192e-08
C11243,1.0,Installment-Focused,6.177876204878393e-05,0.9999381848844995,3.635345192906443e-08
C11244,1.0,Installment-Focused,0.0003701252504386869,0.9996298691684826,5.58107913563601e-09
C11245,1.0,Installment-Focused,2.0597988554851894e-145,0.9999998404604703,1.5953952959509356e-07
C11246,1.0,Installment-Focused,0.00012158398313659774,0.9998784146830915,1.3337721547862452e-09
C11247,1.0,Installment-Focused,3.837289153403295e-174,0.9999999943192943,5.680705367720096e-09
C11248,2.0,Low Engagement,2.9747700326818757e-10,1.095580496268595e-185,0.9999999997025242
C11249,1.0,Installment-Focused,2.5766122434436677e-05,0.9999742224819227,1.1395642970006315e-08
C11250,0.0,High Risk,0.9999982681237545,0.0,1.7318762457128053e-06
C11251,1.0,Installment-Focused,0.0004370117077373661,0.9995629793227805,8.969482430060302e-09
C11252,0.0,High Risk,0.9999998665104748,0.0,1.3348952543385103e-07
C11253,2.0,Low Engagement,1.8281678358503575e-14,4.922664328459524e-211,0.9999999999999822
C11254,1.0,Installment-Focused,3.356058302969809e-52,0.9999997131265456,2.868734545924067e-07
C11255,0.0,High Risk,0.9999999614235503,0.0,3.8576450247779384e-08
C11256,1.0,Installment-Focused,7.798567488586917e-130,0.9999999429036882,5.7096311964922676e-08
C11257,1.0,Installment-Focused,6.682859192085655e-111,0.9999999672812555,3.271874493661755e-08
C11258,0.0,High Risk,0.9999992191869886,0.0,7.808130111949577e-07
C11259,1.0,Installment-Focused,1.489926268042617e-25,0.9995640189097653,0.0004359810902351511
C11260,0.0,High Risk,0.999996886524552,0.0,3.113475447778819e-06
C11261,0.0,High Risk,0.9999894420874151,0.0,1.0557912584259524e-05
C11262,1.0,Installment-Focused,6.604588026932658e-119,0.9999999770246133,2.2975386977408083e-08
C11263,1.0,Installment-Focused,2.1650556982821484e-155,0.9999999705496738,2.94503263394545e-08
C11264,1.0,Installment-Focused,1.1322012531504635e-155,0.9999998541021604,1.458978395636039e-07
C11265,1.0,Installment-Focused,4.926366228996287e-163,0.9999999448569727,5.514302745619946e-08
C11266,2.0,Low Engagement,4.14956129831045e-72,0.0,1.0
C11267,1.0,Installment-Focused,3.674513895578512e-31,0.9999990005672175,9.994327827327608e-07
C11268,2.0,Low Engagement,9.234354609510555e-81,0.0,1.0
C11269,0.0,High Risk,0.9999991507036139,0.0,8.492963855388731e-07
C11270,1.0,Installment-Focused,1.3715473998238302e-124,0.99999997890391,2.1096090132378377e-08
C11271,0.0,High Risk,0.9999954900614149,0.0,4.509938585272594e-06
C11272,2.0,Low Engagement,1.5114440828621774e-29,3.952707453364145e-18,1.0
C11273,0.0,High Risk,0.9999999448255206,0.0,5.51744792177564e-08
C11274,1.0,Installment-Focused,0.0007681900861691376,0.9992318051338994,4.779931386076997e-09
C11275,2.0,Low Engagement,1.1483697935420486e-14,0.0,0.9999999999999893
C11276,0.0,High Risk,0.9999987806694621,0.0,1.219330537972782e-06
C11277,1.0,Installment-Focused,2.96368637753831e-07,0.999997649113584,2.0545177780789594e-06
C11278,2.0,Low Engagement,7.322687097980985e-108,1.012647595284917e-192,1.0
C11279,1.0,Installment-Focused,1.3192254262643514e-41,0.9999998437309745,1.5626902536992692e-07
C11280,0.0,High Risk,0.9999998994247024,0.0,1.0057529740157029e-07
C11281,2.0,Low Engagement,1.157684690299679e-19,4.346238358273157e-190,1.0
C11282,1.0,Installment-Focused,0.0008806137946199148,0.999119376412318,9.793061874411223e-09
C11283,0.0,High Risk,0.9999991951225631,0.0,8.048774377027832e-07
C11284,1.0,Installment-Focused,5.539717170717521e-84,0.9999999799683168,2.0031683061908945e-08
C11285,1.0,Installment-Focused,0.0002975053030315263,0.9997024830467315,1.1650236624408136e-08
C11286,0.0,High Risk,0.9999997547657048,0.0,2.452342946693846e-07
C11287,0.0,High Risk,0.9971457221981699,0.0,0.0028542778018309308
C11288,0.0,High Risk,0.9999998456483267,0.0,1.5435167326734997e-07
C11289,0.0,High Risk,0.9999997340335226,0.0,2.6596647784906135e-07
C11290,1.0,Installment-Focused,1.1920046067977064e-146,0.9999999431832726,5.6816727740367664e-08
C11291,1.0,Installment-Focused,2.4296654244671696e-05,0.9999747714921431,9.318536123108131e-07
C11292,1.0,Installment-Focused,0.0004037418181236444,0.9995962463741991,1.1807677343123207e-08
C11293,0.0,High Risk,0.9999998837961478,0.0,1.1620385214656769e-07
C11294,1.0,Installment-Focused,5.379951732803312e-120,0.9999999356789621,6.432103789773495e-08
C11295,0.0,High Risk,0.9998263256490745,0.0,0.000173674350925921
C11296,1.0,Installment-Focused,0.002030755019890051,0.9979692418588823,3.1212274766544386e-09
C11297,1.0,Installment-Focused,4.2053598305225125e-11,0.9999159081436436,8.409181430214582e-05
C11298,0.0,High Risk,0.9969496394897329,0.0,0.003050360510267622
C11299,0.0,High Risk,0.9998170385943481,0.0,0.00018296140565153345
C11300,1.0,Installment-Focused,2.2760012593240306e-116,0.9999997975893101,2.024106895953351e-07
C11301,2.0,Low Engagement,2.44816159422527e-05,0.0,0.999975518384056
C11302,2.0,Low Engagement,1.0898791374167312e-11,0.0,0.9999999999891003
C11303,0.0,High Risk,0.9999999357974397,0.0,6.420255999426371e-08
C11304,2.0,Low Engagement,2.9611662824360366e-09,0.0,0.9999999970388345
C11305,0.0,High Risk,0.9999999680618871,0.0,3.193811265138686e-08
C11306,1.0,Installment-Focused,0.0004510290664829288,0.9995454826522319,3.4882812862279444e-06
C11307,1.0,Installment-Focused,2.3828579519904183e-121,0.9999997421170543,2.5788294572204876e-07
C11308,0.0,High Risk,0.9999988716199535,0.0,1.1283800472937136e-06
C11309,1.0,Installment-Focused,5.016368556922986e-35,0.999999550498871,4.495011289923716e-07
C11310,2.0,Low Engagement,2.583204666549573e-73,0.0,1.0
C11311,0.0,High Risk,0.9962885417928634,0.0,0.003711458207135946
C11312,1.0,Installment-Focused,1.3104613173747382e-16,0.9999911700539779,8.829946022275478e-06
C11313,1.0,Installment-Focused,0.00029395056613271836,0.9997060454512968,3.982570330693561e-09
C11314,1.0,Installment-Focused,2.2106208467743524e-24,0.9999998321483908,1.6785160880487206e-07
C11315,1.0,Installment-Focused,2.0046787430879663e-106,0.9999999390999329,6.09000670249675e-08
C11316,2.0,Low Engagement,1.3830263595779591e-120,1.5553305913869038e-175,1.0
C11317,0.0,High Risk,0.9999951514130337,3.16280382551347e-32,4.8485869662212755e-06
C11318,1.0,Installment-Focused,0.0012678480725610167,0.9987321502276245,1.6998144325359615e-09
C11319,1.0,Installment-Focused,6.324480672497372e-05,0.999936749330531,5.86274364891232e-09
C11320,1.0,Installment-Focused,2.324376109325001e-05,0.999976618005257,1.382336497423795e-07
C11321,1.0,Installment-Focused,0.0007666708908605189,0.9992333249108953,4.198244253355159e-09
C11322,0.0,High Risk,0.9999999840466726,0.0,1.5953327602511227e-08
C11323,2.0,Low Engagement,2.469360824957902e-121,2.00789839245855e-40,1.0
C11324,1.0,Installment-Focused,0.001916005371106578,0.9980827884228999,1.2062059934436263e-06
C11325,1.0,Installment-Focused,1.4547978363427642e-06,0.9935298073821492,0.006468737820015669
C11326,0.0,High Risk,0.9999987359566016,0.0,1.264043398197246e-06
C11327,0.0,High Risk,0.9999974754103036,2.609713176266274e-34,2.524589696576393e-06
C11328,1.0,Installment-Focused,4.6314273459474775e-11,0.9999989724676727,1.027486012951187e-06
C11329,1.0,Installment-Focused,1.5252675798560742e-05,0.9999847081381233,3.918607828358114e-08
C11330,2.0,Low Engagement,1.631514696165297e-90,0.0,1.0
C11331,1.0,Installment-Focused,2.806801808037724e-119,0.9999999722707414,2.772925883589774e-08
C11332,1.0,Installment-Focused,0.0007553810754962508,0.9992446106835755,8.240928297221003e-09
C11334,0.0,High Risk,0.9998479695238156,0.0,0.00015203047618374274
C11335,1.0,Installment-Focused,0.0004157185986401502,0.9995840885230002,1.9287835934306155e-07
C11336,1.0,Installment-Focused,0.0004694868498232184,0.9995304705613486,4.258882762455921e-08
C11337,1.0,Installment-Focused,4.186377961379482e-136,0.999984339527905,1.5660472094139876e-05
C11338,0.0,High Risk,0.9999972205624568,0.0,2.779437542809581e-06
C11339,0.0,High Risk,0.9999903766347741,0.0,9.62336522592853e-06
C11340,1.0,Installment-Focused,3.3061972214630702e-21,0.9999992002982632,7.997017366468356e-07
C11341,1.0,Installment-Focused,8.765575108829593e-24,0.999963088283593,3.691171640733374e-05
C11342,1.0,Installment-Focused,0.0003359307036905469,0.99966406580498,3.4913298352857905e-09
C11343,1.0,Installment-Focused,0.0010693940071728489,0.99893059676465,9.228177527891346e-09
C11344,1.0,Installment-Focused,7.239657525501273e-07,0.9999975480485026,1.7279857450226853e-06
C11345,0.0,High Risk,0.9999998076470903,0.0,1.923529097513976e-07
C11346,2.0,Low Engagement,6.886047685577956e-138,0.0,1.0
C11347,1.0,Installment-Focused,1.7509651464329902e-118,0.9999999796737946,2.0326205257031008e-08
C11348,0.0,High Risk,0.9999999743730429,0.0,2.562695708553127e-08
C11349,1.0,Installment-Focused,2.6491820611426847e-115,0.9999999193350156,8.066498433801595e-08
C11350,0.0,High Risk,0.9999999543426973,0.0,4.565730227943985e-08
C11351,1.0,Installment-Focused,2.817515020520213e-19,0.9999925109054609,7.489094539273187e-06
C11352,0.0,High Risk,0.9999969712582023,0.0,3.028741798568322e-06
C11353,1.0,Installment-Focused,1.391592941079423e-102,0.9999998556520475,1.4434795237008217e-07
C11354,1.0,Installment-Focused,4.994198225507926e-15,0.999999429816743,5.701832524047066e-07
C11355,0.0,High Risk,0.9999963169031347,0.0,3.6830968658892964e-06
C11356,0.0,High Risk,0.9999993298577071,0.0,6.701422927321708e-07
C11357,1.0,Installment-Focused,2.732527954482672e-92,0.9999996058441156,3.941558844741275e-07
C11358,0.0,High Risk,0.9999991431349672,0.0,8.568650321031172e-07
C11359,1.0,Installment-Focused,0.0016680277551585497,0.9983319403918016,3.1853040074985875e-08
C11360,0.0,High Risk,0.9999997448571488,0.0,2.551428514921867e-07
C11361,1.0,Installment-Focused,0.0006912674622615753,0.9993087276401488,4.897589579418387e-09
C11362,1.0,Installment-Focused,0.003086250436086169,0.9969137442936589,5.2702547433715134e-09
C11363,0.0,High Risk,0.9999993944399733,0.0,6.055600272447835e-07
C11364,0.0,High Risk,0.9999990998769485,0.0,9.001230513316002e-07
C11365,0.0,High Risk,0.9999998709942884,0.0,1.2900571125224744e-07
C11366,1.0,Installment-Focused,0.00013548505842032676,0.999864491404477,2.3537102460918564e-08
C11367,1.0,Installment-Focused,1.5081447653542976e-08,0.9999999625140548,2.2404497745633703e-08
C11368,0.0,High Risk,0.9996794965492272,0.0,0.0003205034507735675
C11369,1.0,Installment-Focused,1.9191930307717782e-92,0.9999903804540928,9.619545906412618e-06
C11370,1.0,Installment-Focused,0.001687866844970789,0.9983121266370601,6.517969083213595e-09
C11371,1.0,Installment-Focused,0.006293978469937911,0.9937056605149932,3.610150688687382e-07
C11372,0.0,High Risk,0.9999999668000076,0.0,3.319999251531503e-08
C11373,0.0,High Risk,0.9999991006872195,0.0,8.993127805731147e-07
C11374,1.0,Installment-Focused,0.00023929718622263014,0.9997606318225858,7.099119154104158e-08
C11375,0.0,High Risk,0.999985975922015,0.0,1.4024077985069257e-05
C11376,1.0,Installment-Focused,0.00047095653106145357,0.9995290117009118,3.176802694383564e-08
C11377,0.0,High Risk,0.9999999271218805,0.0,7.287811964184412e-08
C11378,0.0,High Risk,0.9999953526865436,0.0,4.647313456350797e-06
C11379,2.0,Low Engagement,1.0288340820194793e-22,0.0,1.0
C11380,0.0,High Risk,0.999999909835943,0.0,9.016405786173492e-08
C11381,0.0,High Risk,0.9999999548818118,0.0,4.511818832951406e-08
C11382,1.0,Installment-Focused,6.400626296239215e-17,0.999997477423155,2.522576844738678e-06
C11383,2.0,Low Engagement,7.375492918994452e-105,0.0,1.0
C11384,1.0,Installment-Focused,1.849659115857081e-77,0.9999997184397703,2.8156022967606784e-07
C11385,1.0,Installment-Focused,2.0764590871155655e-104,0.9999995915403329,4.0845966689221045e-07
C11386,0.0,High Risk,0.9999995417271885,0.0,4.5827281062132367e-07
C11387,1.0,Installment-Focused,0.00045742954282895396,0.9995425585064396,1.1950731612075629e-08
C11388,1.0,Installment-Focused,7.087049824542119e-05,0.9999290307374145,9.876433982307022e-08
C11389,1.0,Installment-Focused,1.362861479180762e-12,0.9999999418355697,5.8163067314763704e-08
C11390,0.0,High Risk,0.9999999737915622,0.0,2.6208437548430668e-08
C11391,0.0,High Risk,0.9999941559384031,0.0,5.844061596035145e-06
C11392,1.0,Installment-Focused,3.6362957119294216e-12,0.9999997153193322,2.846770319611277e-07
C11394,0.0,High Risk,0.9997911355676341,0.0,0.0002088644323654496
C11395,0.0,High Risk,0.9999995816277409,0.0,4.183722583262222e-07
C11396,0.0,High Risk,0.9999998577974031,0.0,1.422025966575498e-07
C11397,2.0,Low Engagement,5.3786450800755526e-95,1.7496304669946214e-289,1.0
C11398,1.0,Installment-Focused,2.3945370442363416e-22,0.9999920205999061,7.97940009359915e-06
C11399,1.0,Installment-Focused,2.2015385308479676e-07,0.999999702816188,7.702995929666682e-08
C11400,1.0,Installment-Focused,4.1036468856274064e-15,0.9999968339100703,3.1660899253847074e-06
C11401,0.0,High Risk,0.9999928839282478,0.0,7.116071751739729e-06
C11402,0.0,High Risk,0.9999766017591719,0.0,2.3398240827714228e-05
C11403,0.0,High Risk,0.9999910177689392,0.0,8.982231060716575e-06
C11404,1.0,Installment-Focused,1.086223430698815e-119,0.99999985239411,1.4760588998918599e-07
C11405,0.0,High Risk,0.9999999787761544,0.0,2.1223845418561965e-08
C11406,1.0,Installment-Focused,0.0002245255935095021,0.9997754684691758,5.9373145945740946e-09
C11407,2.0,Low Engagement,7.858501160754167e-104,0.0,1.0
C11408,1.0,Installment-Focused,0.00025243510278909567,0.9997475509966661,1.390054466939832e-08
C11409,1.0,Installment-Focused,1.841649505196259e-08,0.9999954039617456,4.577621759153022e-06
C11410,0.0,High Risk,0.9999999807910103,0.0,1.920898959145744e-08
C11411,0.0,High Risk,0.9999998500935453,0.0,1.4990645379460263e-07
C11412,1.0,Installment-Focused,3.983486857343328e-05,0.9999601517484167,1.3383009808075228e-08
C11413,0.0,High Risk,0.9999998443980985,0.0,1.5560190145522825e-07
C11414,1.0,Installment-Focused,0.002050163378782197,0.9979498108388236,2.5782394176072615e-08
C11415,1.0,Installment-Focused,2.4261720687888122e-117,0.9999999801937396,1.9806260137398196e-08
C11416,1.0,Installment-Focused,4.930904419888577e-21,0.999999899526976,1.004730237072051e-07
C11417,0.0,High Risk,0.9999972622872585,0.0,2.737712741176699e-06
C11418,0.0,High Risk,0.7990950629075235,1.0545972933823332e-173,0.20090493709247548
C11419,1.0,Installment-Focused,6.687658211972528e-05,0.9999331144639546,8.953926000058907e-09
C11420,0.0,High Risk,0.9999942353923423,0.0,5.764607657332867e-06
C11421,1.0,Installment-Focused,1.194981007837917e-79,0.9999980703226721,1.929677328324671e-06
C11422,2.0,Low Engagement,0.050170798720109655,0.0,0.9498292012798912
C11423,1.0,Installment-Focused,5.182221655373983e-161,0.9999998842687741,1.1573122607035817e-07
C11424,0.0,High Risk,0.9999999553408739,0.0,4.465912605882122e-08
C11425,1.0,Installment-Focused,0.00022689191294910258,0.9997730958078125,1.2279238798392132e-08
C11426,2.0,Low Engagement,1.9274765982634593e-12,0.2667487683084501,0.7332512316896233
C11427,1.0,Installment-Focused,7.368724246433819e-05,0.9999262976410691,1.511646643819545e-08
C11428,0.0,High Risk,0.9999955625723329,0.0,4.4374276676509674e-06
C11429,0.0,High Risk,0.999999447428899,0.0,5.525711010585556e-07
C11430,1.0,Installment-Focused,1.6623822865524356e-05,0.9999833457207833,3.0456350810808945e-08
C11431,2.0,Low Engagement,4.386287971399975e-146,0.0,1.0
C11432,2.0,Low Engagement,2.7218373383757643e-26,0.0,1.0
C11433,0.0,High Risk,0.9999985488374121,0.0,1.4511625874858427e-06
C11434,1.0,Installment-Focused,2.1893604219904055e-05,0.999972784026532,5.322369248201951e-06
C11435,0.0,High Risk,0.9999998460209415,0.0,1.5397905862304737e-07
C11436,1.0,Installment-Focused,2.2905538161304385e-177,0.9999999271219977,7.287800241537877e-08
C11437,0.0,High Risk,0.9999999563165743,0.0,4.368342531950062e-08
C11438,0.0,High Risk,0.9996405237707133,0.0,0.00035947622928694583
C11439,0.0,High Risk,0.9999984504328798,0.0,1.5495671193827674e-06
C11440,1.0,Installment-Focused,0.0007926338894554041,0.9992073530083382,1.3102206247111263e-08
C11441,1.0,Installment-Focused,0.00018858818871069066,0.9998113707792572,4.1032031938829454e-08
C11442,1.0,Installment-Focused,0.0017502814565470287,0.9982496698042806,4.8739172536639404e-08
C11443,0.0,High Risk,0.9999999240314505,0.0,7.596854948736488e-08
C11444,1.0,Installment-Focused,3.809834987594302e-22,0.9999951024700228,4.897529977776764e-06
C11445,1.0,Installment-Focused,2.546974255425274e-99,0.9999999684866858,3.151331449124466e-08
C11446,0.0,High Risk,0.9999987189627858,0.0,1.2810372140534478e-06
C11447,1.0,Installment-Focused,1.5535462825751921e-06,0.9999981613834068,2.850703098354615e-07
C11448,0.0,High Risk,0.9999998539525441,0.0,1.460474559305824e-07
C11449,1.0,Installment-Focused,0.0010563338685170994,0.9989436430912181,2.3040264643727078e-08
C11450,1.0,Installment-Focused,9.689205257129977e-22,0.9999998821613406,1.178386595377083e-07
C11451,1.0,Installment-Focused,1.7591872957227636e-104,0.9999997730216235,2.269783768331798e-07
C11452,1.0,Installment-Focused,3.194429752683804e-11,0.9999999601570931,3.981096285886659e-08
C11453,0.0,High Risk,0.9999998322969689,0.0,1.6770303158681853e-07
C11454,1.0,Installment-Focused,1.028094477706593e-16,0.9999994103912211,5.896087791598158e-07
C11455,1.0,Installment-Focused,1.981252268482683e-05,0.9999798805529696,3.069243453698422e-07
C11456,0.0,High Risk,0.999999961132718,0.0,3.886728231999515e-08
C11457,0.0,High Risk,0.9999997695417323,0.0,2.304582681525119e-07
C11458,1.0,Installment-Focused,4.609290926250381e-117,0.9999997215147133,2.7848528640576865e-07
C11459,0.0,High Risk,0.9999822031731146,0.0,1.7796826885994674e-05
C11460,0.0,High Risk,0.9999850508908752,9.726986914920703e-177,1.4949109125564584e-05
C11461,1.0,Installment-Focused,0.000593933065987824,0.9994060328060732,3.412793877063927e-08
C11463,0.0,High Risk,0.9999892062016024,0.0,1.0793798398535264e-05
C11464,1.0,Installment-Focused,4.5427600543763865e-125,0.9999995085395916,4.914604082208535e-07
C11466,0.0,High Risk,0.999995259567156,0.0,4.740432844069519e-06
C11467,2.0,Low Engagement,4.219563810717251e-23,0.0,1.0
C11468,1.0,Installment-Focused,9.244597252820702e-116,0.9999998657182002,1.342817994687663e-07
C11469,1.0,Installment-Focused,1.533729142919694e-17,0.9999982308040939,1.7691959057831275e-06
C11470,1.0,Installment-Focused,0.00015134792313284062,0.9998486443642345,7.712632672883062e-09
C11471,1.0,Installment-Focused,2.739617931236329e-113,0.9999999695047559,3.0495244089608014e-08
C11472,0.0,High Risk,0.9999999874245091,0.0,1.2575490466186518e-08
C11473,1.0,Installment-Focused,6.087122599901525e-18,0.9999997619493443,2.3805065567168854e-07
C11474,0.0,High Risk,0.9489939068608887,0.0,0.05100609313911176
C11475,1.0,Installment-Focused,0.0004339514562389754,0.9995660360612533,1.2482507796180366e-08
C11476,0.0,High Risk,0.9999999069944722,0.0,9.300552813076578e-08
C11477,2.0,Low Engagement,0.008210473037533896,0.0,0.991789526962465
C11478,1.0,Installment-Focused,2.959780283858411e-22,0.9999404729387944,5.952706120571252e-05
C11479,1.0,Installment-Focused,1.447229953947117e-124,0.9999999120384805,8.796151949749459e-08
C11480,1.0,Installment-Focused,8.546578820283366e-14,0.9999971042106722,2.895789242307385e-06
C11481,1.0,Installment-Focused,4.323323111106039e-92,0.9999818198557026,1.8180144297927823e-05
C11482,0.0,High Risk,0.9999999342620342,0.0,6.573796637369123e-08
C11483,0.0,High Risk,0.9999987064620512,0.0,1.2935379492564571e-06
C11484,1.0,Installment-Focused,0.0025281054480405037,0.9974718731421315,2.140982822208539e-08
C11485,1.0,Installment-Focused,2.5682791911225407e-18,0.9999993957791795,6.042208203590781e-07
C11486,0.0,High Risk,0.9924488639453372,0.0,0.007551136054663181
C11487,1.0,Installment-Focused,8.563709050238725e-05,0.9999143544232116,8.486286342497616e-09
C11488,0.0,High Risk,0.9999995607688469,0.0,4.3923115281813466e-07
C11489,1.0,Installment-Focused,1.7405786375664833e-11,0.9999996765809661,3.234016277572991e-07
C11490,0.0,High Risk,0.9999997957556963,0.0,2.0424430362752378e-07
C11491,1.0,Installment-Focused,0.0002819975198102833,0.9997179585592053,4.392098403986126e-08
C11492,1.0,Installment-Focused,1.2055625444558685e-107,0.9999998224838496,1.7751615048502454e-07
C11493,0.0,High Risk,0.9999524241952673,2.358330397497903e-38,4.757580473326746e-05
C11494,1.0,Installment-Focused,0.00033046527941345017,0.9996695259388543,8.78173228260422e-09
C11495,1.0,Installment-Focused,3.5482860208970526e-07,0.9999996408833939,4.288004438331071e-09
C11496,1.0,Installment-Focused,6.90488480239366e-23,0.6466279058523783,0.3533720941476233
C11497,0.0,High Risk,0.999999568485113,0.0,4.315148866724393e-07
C11498,0.0,High Risk,0.9999999535703303,0.0,4.6429669715402376e-08
C11499,0.0,High Risk,0.9999999492959151,0.0,5.070408495138553e-08
C11500,1.0,Installment-Focused,0.0004618730984879687,0.9995381192511278,7.650384060944116e-09
C11501,0.0,High Risk,0.9999557520766091,0.0,4.424792339104528e-05
C11502,1.0,Installment-Focused,4.082072243169828e-05,0.9999591617996348,1.747793351676023e-08
C11503,1.0,Installment-Focused,3.13934774527886e-138,0.9999999265151613,7.348483892725787e-08
C11504,1.0,Installment-Focused,0.0008884209652258386,0.9991115774856478,1.549126720620471e-09
C11505,2.0,Low Engagement,6.73570095248886e-94,0.0,1.0
C11506,2.0,Low Engagement,5.0229941459357145e-155,4.876022055271568e-12,0.9999999999951257
C11507,1.0,Installment-Focused,0.0024174901692633854,0.9975823600929582,1.4973777843636205e-07
C11508,1.0,Installment-Focused,1.6543837432309483e-111,0.9999999407294329,5.927056743605323e-08
C11509,0.0,High Risk,0.6903890919653287,0.0,0.30961090803466973
C11510,0.0,High Risk,0.9999998889249406,0.0,1.1107505877425608e-07
C11511,1.0,Installment-Focused,3.532960030710025e-116,0.999999982705405,1.729459479607611e-08
C11512,0.0,High Risk,0.9999964623458831,0.0,3.5376541170514987e-06
C11513,1.0,Installment-Focused,0.0001270255045729639,0.9998729706663827,3.829044655573238e-09
C11514,0.0,High Risk,0.9999492781626467,2.0019977450643048e-33,5.0721837354028405e-05
C11515,0.0,High Risk,0.9999981839411293,0.0,1.8160588705184531e-06
C11516,2.0,Low Engagement,0.025964034211722744,1.869695914e-315,0.9740359657882787
C11517,0.0,High Risk,0.9999991387861864,0.0,8.612138132428574e-07
C11518,1.0,Installment-Focused,9.443520713076184e-99,0.9999994710483597,5.289516394377337e-07
C11519,1.0,Installment-Focused,1.353578067886482e-129,0.9999998813905017,1.1860949789285235e-07
C11520,2.0,Low Engagement,8.598047575434723e-108,0.0,1.0
C11522,0.0,High Risk,0.9989654834467808,4.34789245821812e-176,0.0010345165532198385
C11523,1.0,Installment-Focused,0.00028579326483503726,0.9997142012130703,5.522094835152806e-09
C11524,0.0,High Risk,0.9999997915996688,0.0,2.0840033155300692e-07
C11526,0.0,High Risk,0.999939696589403,1.4420326767476371e-46,6.030341059720892e-05
C11527,1.0,Installment-Focused,0.00015447887995840385,0.9998455153884349,5.731606867926378e-09
C11528,0.0,High Risk,0.9999883880970556,0.0,1.1611902944613008e-05
C11529,1.0,Installment-Focused,4.290993252988615e-10,0.9999994891241054,5.104467948860533e-07
C11530,1.0,Installment-Focused,5.05668062462751e-17,0.9999987660760593,1.2339239410746876e-06
C11531,0.0,High Risk,0.9999998977690366,0.0,1.0223096343772594e-07
C11532,0.0,High Risk,0.9999994476238674,1.1654754941385897e-299,5.523761327949331e-07
C11533,1.0,Installment-Focused,0.0010154441401205507,0.9989845540010693,1.8588103900711336e-09
C11534,2.0,Low Engagement,1.998645142772412e-98,6.120504411603373e-263,1.0
C11536,0.0,High Risk,0.999999876022431,0.0,1.2397756870919585e-07
C11537,0.0,High Risk,0.9999998946265303,0.0,1.0537346979359775e-07
C11538,0.0,High Risk,0.999999893108184,0.0,1.0689181555296344e-07
C11539,1.0,Installment-Focused,0.0013468523821702763,0.9986531437131075,3.904722322417819e-09
C11540,0.0,High Risk,0.9999998949330628,0.0,1.0506693695636922e-07
C11541,1.0,Installment-Focused,4.097032117343004e-12,0.9999999941188831,5.877020185670509e-09
C11542,0.0,High Risk,0.9999998547173713,0.0,1.4528262923360014e-07
C11543,0.0,High Risk,0.9999981829284861,0.0,1.8170715135131815e-06
C11544,0.0,High Risk,0.9999985574641932,0.0,1.442535807326434e-06
C11545,1.0,Installment-Focused,4.1827329455383e-88,0.9999999626347764,3.736522357689693e-08
C11546,1.0,Installment-Focused,0.004372776094650495,0.9956272220475498,1.8577998368694165e-09
C11547,1.0,Installment-Focused,0.0008590625544696174,0.9991403968937652,5.405517654006834e-07
C11548,1.0,Installment-Focused,9.018322617625253e-132,0.9999999272630875,7.273691224196122e-08
C11549,1.0,Installment-Focused,0.0004157536490828519,0.9995842368869741,9.463943239599994e-09
C11550,0.0,High Risk,0.9999961084661025,4.5681882861206484e-291,3.891533898123873e-06
C11551,1.0,Installment-Focused,3.178607271008459e-49,0.9999993158232079,6.841767921322392e-07
C11552,1.0,Installment-Focused,1.8259391274096863e-119,0.9999998378910548,1.621089452958392e-07
C11553,1.0,Installment-Focused,0.00046720741853649434,0.9995327768610996,1.572036367449107e-08
C11554,1.0,Installment-Focused,0.002251437364941552,0.997748540867806,2.176725233115499e-08
C11555,0.0,High Risk,0.9999999615334366,0.0,3.846656312855471e-08
C11556,0.0,High Risk,0.999987222131402,0.0,1.2777868597548594e-05
C11557,0.0,High Risk,0.9999999654354049,0.0,3.4564595446764575e-08
C11558,1.0,Installment-Focused,8.394361497500767e-22,0.9999997937056251,2.062943750229261e-07
C11559,0.0,High Risk,0.9999998333311139,0.0,1.6666888605468331e-07
C11560,1.0,Installment-Focused,3.274828848580058e-08,0.9999995259123557,4.413393558303554e-07
C11561,0.0,High Risk,0.9999994410528908,0.0,5.58947108684182e-07
C11562,1.0,Installment-Focused,0.009235788259971713,0.9907641886739056,2.306612256645179e-08
C11563,0.0,High Risk,0.9999904864454244,0.0,9.513554575450372e-06
C11564,0.0,High Risk,0.9999949625669066,0.0,5.037433093468229e-06
C11565,1.0,Installment-Focused,1.241406274742623e-90,0.9999968697933833,3.130206616828473e-06
C11566,1.0,Installment-Focused,0.000182821565423383,0.9998171613682972,1.706627904538611e-08
C11567,0.0,High Risk,0.9999877535246886,0.0,1.2246475311764918e-05
C11568,0.0,High Risk,0.9999991904150312,0.0,8.095849685875638e-07
C11569,0.0,High Risk,0.9999997117405381,0.0,2.882594622818456e-07
C11570,1.0,Installment-Focused,2.0648881792390644e-07,0.9999997052650923,8.824608984827429e-08
C11571,0.0,High Risk,0.9999968610518948,0.0,3.1389481058574176e-06
C11572,0.0,High Risk,0.9951383560590364,0.0,0.004861643940962755
C11573,1.0,Installment-Focused,8.735089731594677e-05,0.9999126473886066,1.7140774350465324e-09
C11574,1.0,Installment-Focused,7.432730279064341e-135,0.999999925763957,7.423604298005669e-08
C11575,1.0,Installment-Focused,1.9922708101710062e-122,0.9999999557204068,4.427959345617605e-08
C11576,0.0,High Risk,0.9999327595893991,0.0,6.724041060257976e-05
C11577,1.0,Installment-Focused,0.0025719154675829035,0.9974269705296561,1.1140027604297535e-06
C11578,0.0,High Risk,0.9999990356559141,0.0,9.643440862999541e-07
C11579,0.0,High Risk,0.9999998744658986,0.0,1.2553410127322256e-07
C11580,0.0,High Risk,0.9999999359611904,0.0,6.403880987676148e-08
C11581,1.0,Installment-Focused,2.006589940879884e-28,0.9999776785697064,2.2321430293719216e-05
C11582,0.0,High Risk,0.9999971606078143,0.0,2.8393921857671965e-06
C11583,0.0,High Risk,0.9999998549580996,0.0,1.45041900851055e-07
C11585,1.0,Installment-Focused,0.00031145259853511794,0.9996885427770327,4.624432024279409e-09
C11586,1.0,Installment-Focused,2.5533994143773045e-20,0.9999999538216529,4.617834738745346e-08
C11587,0.0,High Risk,0.9999993196330733,0.0,6.803669263854038e-07
C11588,0.0,High Risk,0.9999998984047689,0.0,1.0159523116016506e-07
C11589,0.0,High Risk,0.9999988522793468,0.0,1.1477206533010604e-06
C11590,2.0,Low Engagement,7.782720150683437e-25,0.00012168776822211407,0.9998783122317774
C11591,0.0,High Risk,0.9999904154830143,0.0,9.584516985653258e-06
C11592,0.0,High Risk,0.9999999263605561,0.0,7.36394439327058e-08
C11593,0.0,High Risk,0.9999989331913751,0.0,1.0668086242482036e-06
C11594,0.0,High Risk,0.9999999705519627,0.0,2.944803739295002e-08
C11595,1.0,Installment-Focused,1.487947102988034e-127,0.9999998074711999,1.9252880026963209e-07
C11596,1.0,Installment-Focused,6.272993390612049e-33,0.9999993208372034,6.791627967399406e-07
C11597,0.0,High Risk,0.9999970892572452,0.0,2.910742754630049e-06
C11598,0.0,High Risk,0.9999964414895844,0.0,3.5585104161966793e-06
C11599,0.0,High Risk,0.9999999607549305,0.0,3.924506984568707e-08
C11600,1.0,Installment-Focused,0.0013784888946159937,0.9986214993541057,1.1751277900396648e-08
C11601,0.0,High Risk,0.9999938046935642,0.0,6.195306436172449e-06
C11602,1.0,Installment-Focused,0.001502510336968808,0.9984974844471367,5.215894720753888e-09
C11603,0.0,High Risk,0.9999995695765593,0.0,4.3042344045011426e-07
C11604,1.0,Installment-Focused,0.00015234759037561775,0.9998476374075358,1.5002088259680333e-08
C11605,1.0,Installment-Focused,4.049817410724538e-139,0.9999998021132557,1.97886744228278e-07
C11606,1.0,Installment-Focused,2.7787378437153685e-17,0.9999998951858663,1.048141336122686e-07
C11607,1.0,Installment-Focused,0.0004590346956281188,0.9995409571484712,8.155900768906456e-09
C11608,1.0,Installment-Focused,1.2087038374404636e-05,0.9999878946532643,1.8308360964659215e-08
C11609,1.0,Installment-Focused,4.19479909828577e-08,0.9999998545206371,1.0353137168513124e-07
C11610,0.0,High Risk,0.9999985015584976,0.0,1.4984415026083972e-06
C11611,1.0,Installment-Focused,6.250094870947299e-06,0.9999936822206416,6.768448780691944e-08
C11612,2.0,Low Engagement,2.9411449757037603e-95,0.0,1.0
C11613,1.0,Installment-Focused,0.0017298757203705957,0.9982700930367936,3.1242835897662443e-08
C11614,0.0,High Risk,0.9999999132955992,0.0,8.670440035136732e-08
C11615,0.0,High Risk,0.9999990899119331,0.0,9.100880661262928e-07
C11616,1.0,Installment-Focused,8.120135758284287e-10,0.9999997824989558,2.166890304438639e-07
C11617,1.0,Installment-Focused,4.864643362688671e-159,0.9999991091462384,8.908537610698278e-07
C11618,1.0,Installment-Focused,1.0958874235127469e-09,0.9999997305793443,2.683247686754613e-07
C11619,1.0,Installment-Focused,3.5735587916109376e-104,0.9999999080944277,9.1905572627619e-08
C11621,1.0,Installment-Focused,2.01319090792463e-06,0.9999973778057158,6.090033762735094e-07
C11622,0.0,High Risk,0.9999963975071466,0.0,3.6024928534710296e-06
C11623,0.0,High Risk,0.9999859137036091,1.1116078029388506e-294,1.4086296391117468e-05
C11624,2.0,Low Engagement,5.8135969136441116e-12,0.0,0.9999999999941878
C11625,1.0,Installment-Focused,1.3607475276034192e-05,0.9999863867509556,5.773768439864713e-09
C11626,0.0,High Risk,0.999999066839891,0.0,9.331601089762939e-07
C11627,1.0,Installment-Focused,1.3255291318942207e-87,0.9924809702562155,0.007519029743785084
C11628,0.0,High Risk,0.9999990230866633,0.0,9.769133370369551e-07
C11629,0.0,High Risk,0.9970611508484979,0.0,0.0029388491515028063
C11630,0.0,High Risk,0.9999995105038905,0.0,4.894961092593868e-07
C11631,0.0,High Risk,0.9999998620056789,0.0,1.3799432107108908e-07
C11632,1.0,Installment-Focused,0.0007168134801273582,0.9992831816692358,4.850636917953589e-09
C11633,2.0,Low Engagement,1.001302496226181e-23,0.0,1.0
C11634,1.0,Installment-Focused,1.0124139829258421e-95,0.9999997030943298,2.9690567019966964e-07
C11635,1.0,Installment-Focused,1.7060862036838497e-110,0.9999999653117838,3.468821612518749e-08
C11636,0.0,High Risk,0.9999955981348201,6.468594546530692e-32,4.401865179853979e-06
C11637,1.0,Installment-Focused,3.0548041863680474e-06,0.9999969272923527,1.7903461335310353e-08
C11638,1.0,Installment-Focused,3.893530865837822e-05,0.9999610599519771,4.739364090783188e-09
C11639,1.0,Installment-Focused,2.770796035442296e-142,0.9999998517906631,1.4820933695051068e-07
C11640,2.0,Low Engagement,0.15207042047638816,0.0,0.8479295795236126
C11641,1.0,Installment-Focused,2.729718488417217e-87,0.999999680320999,3.196790014522959e-07
C11642,1.0,Installment-Focused,0.00034516056525334896,0.9996548204711715,1.8963575097349974e-08
C11643,1.0,Installment-Focused,1.9018897709291658e-134,0.9999999010473455,9.89526549178543e-08
C11644,1.0,Installment-Focused,6.4311615619665745e-19,0.99956871425132,0.0004312857486806553
C11645,1.0,Installment-Focused,3.2951944078665852e-18,0.7251004039413126,0.27489959605868786
C11646,1.0,Installment-Focused,1.0485299523094573e-13,0.99999987518458,1.2481531512576737e-07
C11647,0.0,High Risk,0.9999730128211353,6.801667199748115e-176,2.6987178864509837e-05
C11648,1.0,Installment-Focused,0.00037389950873106874,0.999626096404377,4.0868919735521e-09
C11649,0.0,High Risk,0.999997640752038,0.0,2.359247962439233e-06
C11650,1.0,Installment-Focused,0.0008912160181687622,0.999108773635086,1.0346745422088705e-08
C11651,1.0,Installment-Focused,2.5962614851912863e-141,0.9999998008266585,1.991733416148718e-07
C11652,0.0,High Risk,0.9999997933823215,0.0,2.0661767831893144e-07
C11653,0.0,High Risk,0.9999997962457966,0.0,2.037542033777017e-07
C11654,1.0,Installment-Focused,0.0006631630377166118,0.9993367765339217,6.042836129211489e-08
C11655,0.0,High Risk,0.9999363297551189,0.0,6.367024488148623e-05
C11656,1.0,Installment-Focused,0.00533844388233345,0.9946615422010561,1.3916610600885601e-08
C11657,1.0,Installment-Focused,2.341679209419644e-114,0.999999968152491,3.1847508865655586e-08
C11658,0.0,High Risk,0.9999964043272968,0.0,3.595672702634769e-06
C11659,1.0,Installment-Focused,2.9555530996833795e-157,0.9999999504437248,4.9556274841595226e-08
C11660,0.0,High Risk,0.999998731037341,0.0,1.2689626588226247e-06
C11661,0.0,High Risk,0.9999908081806567,0.0,9.19181934349554e-06
C11662,1.0,Installment-Focused,1.790420133823739e-99,0.999997394576972,2.6054230285971656e-06
C11663,1.0,Installment-Focused,0.0010747941549555987,0.9989251937171274,1.2127916732720548e-08
C11664,1.0,Installment-Focused,3.4442720814387846e-160,0.9999999827215761,1.727842345233605e-08
C11666,0.0,High Risk,0.9999995010428046,0.0,4.989571954021064e-07
C11667,1.0,Installment-Focused,0.0034428393536459862,0.9964216601135537,0.00013550053279998288
C11668,1.0,Installment-Focused,0.0006820338776465994,0.9993179471580603,1.896429287611872e-08
C11669,1.0,Installment-Focused,4.0449627027478196e-79,0.9999999785505855,2.1449414587755185e-08
C11670,1.0,Installment-Focused,4.345454482305329e-87,0.9999999739845412,2.601545846202389e-08
C11671,1.0,Installment-Focused,0.00012525244810401823,0.999874744363793,3.188102719890052e-09
C11672,1.0,Installment-Focused,0.006024258061865844,0.9939732112108036,2.530727329708861e-06
C11673,1.0,Installment-Focused,4.395245077676294e-143,0.9999994158833002,5.841166999603775e-07
C11674,2.0,Low Engagement,2.1357520655358123e-164,6.823889096469802e-30,1.0
C11675,2.0,Low Engagement,3.2333124375091594e-21,0.0,1.0
C11676,0.0,High Risk,0.9999995030109821,0.0,4.969890178409132e-07
C11677,0.0,High Risk,0.9999962554956076,0.0,3.744504393297391e-06
C11678,0.0,High Risk,0.9999997213207708,0.0,2.786792291986472e-07
C11679,1.0,Installment-Focused,0.005710955977104653,0.9942890390889004,4.933994723860599e-09
C11680,0.0,High Risk,0.9999896409141327,0.0,1.0359085867499297e-05
C11681,0.0,High Risk,0.9999995874345328,0.0,4.1256546695626516e-07
C11682,1.0,Installment-Focused,7.157587253354517e-06,0.9999928116969101,3.071583625729405e-08
C11683,0.0,High Risk,0.9999999057551134,0.0,9.424488600220357e-08
C11684,1.0,Installment-Focused,0.00021142718678577379,0.9997885632871836,9.526030818771872e-09
C11685,0.0,High Risk,0.9999999388811994,0.0,6.111880090773937e-08
C11686,1.0,Installment-Focused,1.500480665621025e-18,0.999999812520384,1.8747961579098683e-07
C11687,0.0,High Risk,0.9999937706280976,0.0,6.22937190185997e-06
C11688,1.0,Installment-Focused,9.888031366155772e-117,0.9999998512989632,1.4870103648472623e-07
C11689,1.0,Installment-Focused,0.007932058449938599,0.99206775034157,1.9120849087620273e-07
C11690,0.0,High Risk,0.9999985807911446,0.0,1.419208855081957e-06
C11691,1.0,Installment-Focused,0.0004264213980456729,0.9995735769137616,1.688192777583089e-09
C11692,1.0,Installment-Focused,1.973349292194817e-88,0.999999951919077,4.8080922730054707e-08
C11693,1.0,Installment-Focused,0.00040302421319074824,0.9995968967554312,7.903137800742526e-08
C11694,0.0,High Risk,0.9999998611149675,0.0,1.3888503209421005e-07
C11695,1.0,Installment-Focused,8.498576285857224e-81,0.9999998225831523,1.7741684851489358e-07
C11696,2.0,Low Engagement,6.158449653498195e-110,0.0,1.0
C11697,0.0,High Risk,0.9999993738669601,0.0,6.261330400124189e-07
C11698,1.0,Installment-Focused,3.4412039333615723e-09,0.999999882019562,1.1453923421794317e-07
C11699,1.0,Installment-Focused,0.012846394690992106,0.9871535346830992,7.062590832074584e-08
C11700,0.0,High Risk,0.9999999168800827,0.0,8.31199176854061e-08
C11701,1.0,Installment-Focused,0.0001857512315337093,0.9998142206946743,2.8073792193216583e-08
C11702,0.0,High Risk,0.9999998556476448,0.0,1.4435235487471982e-07
C11703,1.0,Installment-Focused,3.1616007819845703e-112,0.9999999369385961,6.30614036865836e-08
C11704,1.0,Installment-Focused,0.00011733805056152252,0.9998826544287399,7.520698997050957e-09
C11705,2.0,Low Engagement,1.0572744049867026e-18,0.0,1.0
C11706,0.0,High Risk,0.9999968723034867,0.0,3.1276965128221062e-06
C11707,0.0,High Risk,0.9999969399793697,0.0,3.0600206305544474e-06
C11708,2.0,Low Engagement,4.155653301788047e-09,0.0,0.9999999958443482
C11709,1.0,Installment-Focused,0.00011298130756976895,0.9998870010866459,1.760578357487527e-08
C11710,0.0,High Risk,0.9999996772961849,0.0,3.227038148913634e-07
C11711,0.0,High Risk,0.9999980806094495,0.0,1.9193905511068497e-06
C11712,1.0,Installment-Focused,5.974002063591734e-94,0.9999995604820835,4.395179168074891e-07
C11713,0.0,High Risk,0.9999999530888852,0.0,4.6911114339606424e-08
C11714,0.0,High Risk,0.9999998642594029,0.0,1.3574059632082671e-07
C11715,0.0,High Risk,0.9999920807162784,0.0,7.919283720822508e-06
C11716,0.0,High Risk,0.9999995638761351,0.0,4.36123864671359e-07
C11717,1.0,Installment-Focused,7.731903364056932e-120,0.9999999712731458,2.8726854179294544e-08
C11718,1.0,Installment-Focused,6.9415324961679336e-90,0.9999998932127298,1.0678727035924845e-07
C11719,0.0,High Risk,0.999999970614176,0.0,2.9385823698410325e-08
C11720,2.0,Low Engagement,5.158807612228528e-120,3.0759704948740705e-188,1.0
C11721,1.0,Installment-Focused,0.00013550649294081021,0.9998644837638945,9.743164412432383e-09
C11722,0.0,High Risk,0.9999772604998926,0.0,2.2739500108375035e-05
C11723,2.0,Low Engagement,0.2846178075818306,0.0,0.7153821924181687
C11724,1.0,Installment-Focused,0.00064653788502565,0.9993534524631965,9.651777475386273e-09
C11725,1.0,Installment-Focused,4.4639624197991855e-05,0.9999553503423185,1.003348329930012e-08
C11726,2.0,Low Engagement,5.648764565878701e-09,0.0,0.999999994351235
C11728,1.0,Installment-Focused,1.9810289511688122e-06,0.999997813619224,2.053518249210081e-07
C11729,1.0,Installment-Focused,1.599891809299592e-05,0.9999839805645077,2.0517399357925084e-08
C11730,0.0,High Risk,0.9999998648791364,0.0,1.351208632247776e-07
C11731,2.0,Low Engagement,0.002009230963234006,0.0,0.9979907690367642
C11732,1.0,Installment-Focused,1.714836740475901e-10,0.9999926490980503,7.350730466392447e-06
C11733,1.0,Installment-Focused,2.225513188094786e-81,0.999999980227239,1.9772761197827534e-08
C11734,0.0,High Risk,0.9999423323714958,0.0,5.766762850414238e-05
C11735,0.0,High Risk,0.9999991796715947,0.0,8.203284062295578e-07
C11736,1.0,Installment-Focused,1.160803478997543e-07,0.9999998598463664,2.407328544635524e-08
C11737,0.0,High Risk,0.9959488312927767,0.0,0.004051168707223077
C11738,2.0,Low Engagement,3.706352890694311e-18,0.0,1.0
C11739,0.0,High Risk,0.9999996611219265,0.0,3.388780735665219e-07
C11740,1.0,Installment-Focused,7.757777869185644e-125,0.9999999360095126,6.399048752960523e-08
C11741,0.0,High Risk,0.9999998821758646,0.0,1.1782413566468913e-07
C11742,1.0,Installment-Focused,4.0604031183284595e-105,0.9999999189195508,8.108044942080565e-08
C11743,0.0,High Risk,0.9999999550249906,0.0,4.4975009655311086e-08
C11744,0.0,High Risk,0.9999999285573321,0.0,7.144266774348518e-08
C11745,0.0,High Risk,0.9999999187064279,0.0,8.129357236774254e-08
C11746,2.0,Low Engagement,0.00013395900579953716,6.033595683146806e-185,0.9998660409941988
C11747,1.0,Installment-Focused,1.1279160923845284e-10,0.9999999101448824,8.974232574713986e-08
C11749,0.0,High Risk,0.9995256475003736,0.0,0.00047435249962725687
C11750,1.0,Installment-Focused,6.748168046407041e-18,0.9999990987878473,9.012121528262651e-07
C11751,0.0,High Risk,0.9999982933308151,0.0,1.7066691850492639e-06
C11752,1.0,Installment-Focused,1.3013568990351964e-27,0.9998388233502454,0.00016117664975485752
C11753,1.0,Installment-Focused,0.00013188339636447367,0.9998676826228742,4.339807614467692e-07
C11754,0.0,High Risk,0.9999989808164951,0.0,1.019183504583836e-06
C11755,0.0,High Risk,0.9999935407081251,0.0,6.459291874257269e-06
C11756,0.0,High Risk,0.9999993261541708,0.0,6.738458285892649e-07
C11757,0.0,High Risk,0.9999998321933931,0.0,1.6780660720006626e-07
C11758,1.0,Installment-Focused,0.000108181969987112,0.9998918164426311,1.5873815465002133e-09
C11759,1.0,Installment-Focused,0.0010758588070654833,0.9989241126702514,2.852268305720341e-08
C11760,1.0,Installment-Focused,0.00014807305528037555,0.9998519193962863,7.548433597628534e-09
C11761,0.0,High Risk,0.9999999610320679,0.0,3.896793218829119e-08
C11762,0.0,High Risk,0.9999990345443297,0.0,9.654556710176131e-07
C11763,1.0,Installment-Focused,6.183276946146366e-118,0.9999999150313698,8.496863050811759e-08
C11764,1.0,Installment-Focused,0.00012495642306555428,0.9998750333645123,1.0212422286357105e-08
C11765,1.0,Installment-Focused,6.202463901251364e-05,0.9993936712758399,0.000544304085146662
C11766,0.0,High Risk,0.9999999963038846,0.0,3.6961153270217667e-09
C11767,1.0,Installment-Focused,4.756578832193463e-16,0.9999999667337117,3.326628800547799e-08
C11768,0.0,High Risk,0.9999993583332596,0.0,6.41666740783896e-07
C11769,0.0,High Risk,0.9999112522983814,0.0,8.874770161882617e-05
C11770,0.0,High Risk,0.9999995338780325,0.0,4.661219670146368e-07
C11771,1.0,Installment-Focused,5.2105434284171375e-11,0.999999937802441,6.214545334889886e-08
C11773,0.0,High Risk,0.9999995786858412,0.0,4.213141588003123e-07
C11774,1.0,Installment-Focused,3.847963993476876e-08,0.9999999167341328,4.4786226996517184e-08
C11775,0.0,High Risk,0.9999997329746987,0.0,2.670253010936534e-07
C11776,1.0,Installment-Focused,7.217124779415962e-102,0.9999986419470679,1.3580529312882252e-06
C11777,1.0,Installment-Focused,0.00012266979507150503,0.999877324222372,5.982556511206754e-09
C11778,1.0,Installment-Focused,0.006619555447504924,0.9933799049298371,5.396226588515454e-07
C11779,0.0,High Risk,0.9999883749728958,0.0,1.1625027103540882e-05
C11780,1.0,Installment-Focused,2.798579362818859e-146,0.9999991147391941,8.852608060179322e-07
C11781,0.0,High Risk,0.9999998819118198,0.0,1.1808817997002386e-07
C11782,2.0,Low Engagement,5.348907787906205e-13,0.0,0.9999999999994635
C11784,1.0,Installment-Focused,1.6502769879397974e-46,0.9999996746314942,3.253685050498849e-07
C11785,1.0,Installment-Focused,0.00018830133077748194,0.9998115845385728,1.1413065000158225e-07
C11786,1.0,Installment-Focused,5.826893445511426e-07,0.9999993863320551,3.0978600482297384e-08
C11787,2.0,Low Engagement,1.2115064756278277e-80,0.0,1.0
C11788,0.0,High Risk,0.9999999601364421,0.0,3.9863558096055525e-08
C11789,1.0,Installment-Focused,2.1530924524075797e-12,0.9999986168556818,1.3831421655857304e-06
C11790,0.0,High Risk,0.9999993617387734,0.0,6.382612267674522e-07
C11791,2.0,Low Engagement,5.288678298372688e-32,0.0,1.0
C11792,1.0,Installment-Focused,8.629056300095987e-87,0.9999998649518143,1.3504818542501396e-07
C11794,0.0,High Risk,0.9999994948119358,0.0,5.051880644488787e-07
C11795,0.0,High Risk,0.9999215468392668,0.0,7.845316073390648e-05
C11796,1.0,Installment-Focused,0.027602043645276585,0.972397913965088,4.23896354105855e-08
C11797,1.0,Installment-Focused,2.612985464290423e-10,0.9999999408855613,5.88531403258971e-08
C11798,0.0,High Risk,0.9999843319454848,0.0,1.5668054515268276e-05
C11799,0.0,High Risk,0.999999942400195,0.0,5.7599804977200137e-08
C11800,0.0,High Risk,0.9999999820925983,0.0,1.790740141083172e-08
C11801,1.0,Installment-Focused,8.220180217176659e-08,0.9999998554087746,6.238942310577581e-08
C11802,1.0,Installment-Focused,1.1822350354830852e-32,0.9999997995686304,2.0043136967681648e-07
C11803,1.0,Installment-Focused,1.7650721677372084e-92,0.9999998323485871,1.6765141267113982e-07
C11804,0.0,High Risk,0.999956772189358,9.156712651264499e-187,4.32278106418055e-05
C11805,1.0,Installment-Focused,3.1328852896558516e-05,0.9999686427506974,2.8396406206433376e-08
C11806,1.0,Installment-Focused,1.2302244973420905e-12,0.9999999242790969,7.571967257152919e-08
C11807,1.0,Installment-Focused,2.1197125933831894e-126,0.9999999594093837,4.0590616196080364e-08
C11808,0.0,High Risk,0.9999991647921476,0.0,8.352078521425867e-07
C11809,2.0,Low Engagement,2.1516596640118467e-21,0.0,1.0
C11810,1.0,Installment-Focused,0.00017935227108762557,0.9998206341110493,1.3617863361267807e-08
C11811,2.0,Low Engagement,1.0288042515647698e-83,0.0,1.0
C11813,1.0,Installment-Focused,5.922914000645592e-115,0.9999999811538907,1.8846109067571144e-08
C11814,1.0,Installment-Focused,2.5790097019556294e-113,0.9999999722310878,2.7768912476713243e-08
C11815,0.0,High Risk,0.9999994663755294,0.0,5.336244705036425e-07
C11816,0.0,High Risk,0.9999981895699356,0.0,1.8104300636885831e-06
C11817,1.0,Installment-Focused,8.777662919578873e-07,0.9999988497916739,2.7244203458704517e-07
C11818,1.0,Installment-Focused,0.0019694323879069823,0.9980305581480069,9.464086267040281e-09
C11819,0.0,High Risk,0.9999999539113678,0.0,4.608863225020746e-08
C11820,0.0,High Risk,0.999999872265387,0.0,1.277346136708169e-07
C11821,1.0,Installment-Focused,3.956560859136073e-34,0.9999999108058506,8.919414946920613e-08
C11822,0.0,High Risk,0.9999997788984376,0.0,2.2110156256520808e-07
C11823,1.0,Installment-Focused,0.0002615368325724887,0.9997384583987724,4.76865541550033e-09
C11824,1.0,Installment-Focused,5.63869567353412e-85,0.9999999267852275,7.321477237428322e-08
C11825,1.0,Installment-Focused,8.944503102205701e-113,0.999999985890959,1.4109041233589853e-08
C11826,1.0,Installment-Focused,4.983827728795869e-27,0.9998094853427002,0.0001905146573011945
C11827,1.0,Installment-Focused,0.004868476795219846,0.9951312976374913,2.255672891945141e-07
C11828,1.0,Installment-Focused,1.6154106527134847e-12,0.9999838974334597,1.6102564925634927e-05
C11829,0.0,High Risk,0.9999995191625796,0.0,4.808374204956106e-07
C11830,1.0,Installment-Focused,0.0016378958320059664,0.9983619667690606,1.3739893311143223e-07
C11831,1.0,Installment-Focused,0.00077436714760469,0.9992256072385679,2.5613827869463953e-08
C11832,1.0,Installment-Focused,0.0002501496591113919,0.9997498466409374,3.6999515298613916e-09
C11833,1.0,Installment-Focused,1.5849280612870925e-18,0.9999998555340393,1.4446596078886707e-07
C11834,0.0,High Risk,0.9999991279854045,0.0,8.720145948485596e-07
C11835,1.0,Installment-Focused,0.0012439204741587335,0.998756061578064,1.794777718163597e-08
C11836,0.0,High Risk,0.9999998809493453,0.0,1.1905065443995298e-07
C11837,0.0,High Risk,0.9999999288487754,0.0,7.115122468441282e-08
C11838,0.0,High Risk,0.9999999403273367,0.0,5.967266270256415e-08
C11839,2.0,Low Engagement,1.635892845604269e-28,0.0,1.0
C11840,0.0,High Risk,0.9999982547335466,0.0,1.7452664536439907e-06
C11841,0.0,High Risk,0.9999999836161334,0.0,1.6383867457652467e-08
C11842,1.0,Installment-Focused,2.5844536010076566e-89,0.9999999052246409,9.477535921365954e-08
C11843,0.0,High Risk,0.9999999443780554,0.0,5.5621944368848486e-08
C11844,1.0,Installment-Focused,0.00042537633307068403,0.9995746037193038,1.9947625249624435e-08
C11845,0.0,High Risk,0.9999988413354302,0.0,1.1586645699400477e-06
C11846,0.0,High Risk,0.9999999537361675,0.0,4.626383230491789e-08
C11847,0.0,High Risk,0.999952201210974,0.0,4.7798789026745726e-05
C11848,0.0,High Risk,0.9999973945145296,0.0,2.605485470133109e-06
C11849,0.0,High Risk,0.9999992045289512,0.0,7.954710481586581e-07
C11850,1.0,Installment-Focused,0.0002604454819418831,0.9997395483958393,6.122218554924682e-09
C11851,1.0,Installment-Focused,7.605719763462037e-117,0.9999999728473922,2.7152607947690007e-08
C11852,1.0,Installment-Focused,0.00044338703085033943,0.9995566108628856,2.106264219995477e-09
C11853,1.0,Installment-Focused,2.127631222778975e-37,0.9999993842144366,6.157855637875136e-07
C11854,1.0,Installment-Focused,0.0002633532499937682,0.9997366107323133,3.601769245309057e-08
C11855,0.0,High Risk,0.9999999476861254,0.0,5.231387408628092e-08
C11856,1.0,Installment-Focused,0.003469792024731964,0.9965301597558456,4.821942219581526e-08
C11857,1.0,Installment-Focused,0.00024936924758090016,0.9997506165240465,1.4228372728429377e-08
C11858,0.0,High Risk,0.9999993929124469,0.0,6.070875534244854e-07
C11859,0.0,High Risk,0.9999995449355211,0.0,4.55064479239778e-07
C11860,0.0,High Risk,0.9999998800817568,0.0,1.1991824299056864e-07
C11861,0.0,High Risk,0.9999999554530491,0.0,4.4546950885165364e-08
C11862,0.0,High Risk,0.9999999674301755,0.0,3.256982455559928e-08
C11863,1.0,Installment-Focused,5.5665271322676955e-05,0.9999442707373803,6.399129708778157e-08
C11864,2.0,Low Engagement,0.002097887171849467,0.0,0.9979021128281507
C11865,1.0,Installment-Focused,0.0019142610162246603,0.9980857295246268,9.459148310574482e-09
C11866,1.0,Installment-Focused,2.7694273265152176e-07,0.99999956836431,1.546929574084814e-07
C11867,0.0,High Risk,0.9999994907853544,1.4897505693330345e-41,5.092146454155617e-07
C11868,0.0,High Risk,0.9999988459410856,0.0,1.1540589149273689e-06
C11869,1.0,Installment-Focused,0.010861871374063388,0.9891377096585707,4.189673660260755e-07
C11870,0.0,High Risk,0.9999998912413656,0.0,1.0875863431991407e-07
C11871,0.0,High Risk,0.9999984742346943,0.0,1.5257653052720775e-06
C11872,1.0,Installment-Focused,7.070251644433263e-13,0.9999996738265632,3.261727293320605e-07
C11873,0.0,High Risk,0.9999829780573416,0.0,1.7021942658262577e-05
C11874,1.0,Installment-Focused,1.844367648864097e-87,0.9999998450282228,1.5497177719022558e-07
C11875,1.0,Installment-Focused,0.0010706003885824107,0.9989293669638094,3.2647608015048734e-08
C11876,0.0,High Risk,0.9999968930737922,0.0,3.1069262077550335e-06
C11877,0.0,High Risk,0.9999999849146556,0.0,1.508534508102894e-08
C11878,0.0,High Risk,0.9999999684149503,0.0,3.158504996890033e-08
C11879,2.0,Low Engagement,3.484127011176414e-20,0.0,1.0
C11880,1.0,Installment-Focused,0.0007782575553535601,0.999221740576844,1.867802411000689e-09
C11881,1.0,Installment-Focused,1.6930856359011707e-108,0.9999999296884885,7.031151103152962e-08
C11882,0.0,High Risk,0.999999415324345,0.0,5.846756554037772e-07
C11883,1.0,Installment-Focused,0.0026358967623554995,0.997363993999572,1.0923807260534435e-07
C11884,1.0,Installment-Focused,0.00018236583836309944,0.9998176273497567,6.8118800371121785e-09
C11885,2.0,Low Engagement,0.04491297297991694,0.0,0.9550870270200822
C11886,2.0,Low Engagement,2.4720501853212714e-08,0.0,0.9999999752794974
C11887,1.0,Installment-Focused,0.000244426704359308,0.9997555687170826,4.578558191952911e-09
C11888,0.0,High Risk,0.9998683384869512,4.1224472156191853e-48,0.0001316615130491591
C11889,0.0,High Risk,0.9999992676863031,0.0,7.323136972371347e-07
C11890,1.0,Installment-Focused,9.971450218304726e-45,0.9999994093552406,5.906447589799616e-07
C11892,0.0,High Risk,0.9999999478263715,0.0,5.21736288394819e-08
C11893,0.0,High Risk,0.9999980925328542,0.0,1.9074671466676343e-06
C11894,1.0,Installment-Focused,2.0136065884472446e-85,0.9999998654071949,1.3459280549221993e-07
C11895,1.0,Installment-Focused,2.2408812992062563e-120,0.9999999516318038,4.836819646520897e-08
C11896,0.0,High Risk,0.9999998334352981,0.0,1.6656470219872302e-07
C11897,1.0,Installment-Focused,1.1396844359353463e-06,0.999998617851744,2.4246381980843064e-07
C11898,1.0,Installment-Focused,1.1093802365596355e-06,0.9999981423174471,7.483023163058486e-07
C11899,1.0,Installment-Focused,1.2678740430820114e-112,0.9999998679430239,1.320569759673069e-07
C11900,1.0,Installment-Focused,3.535853300685386e-30,0.9997620475810647,0.00023795241893549674
C11901,0.0,High Risk,0.9999984163960762,0.0,1.583603923698084e-06
C11902,0.0,High Risk,0.9999995508394118,0.0,4.4916058747591874e-07
C11903,1.0,Installment-Focused,0.00032375472249778295,0.9996762397677159,5.509786212837834e-09
C11904,2.0,Low Engagement,1.8550394959030123e-29,0.00036122641620390194,0.999638773583796
C11905,1.0,Installment-Focused,4.535976453744213e-06,0.99999506923353,3.947900165821873e-07
C11906,0.0,High Risk,0.9999995490934901,0.0,4.509065100853585e-07
C11907,0.0,High Risk,0.9880051191462602,0.0,0.011994880853740026
C11908,1.0,Installment-Focused,2.255752550474521e-23,0.9999533502035278,4.6649796471414755e-05
C11909,1.0,Installment-Focused,1.2461180986322995e-24,0.9999998662590902,1.3374091007598163e-07
C11910,1.0,Installment-Focused,1.7638003294275375e-06,0.9999980819510599,1.5424861045954288e-07
C11911,1.0,Installment-Focused,0.0010755618325188874,0.9989244355949964,2.572484357487747e-09
C11912,0.0,High Risk,0.9999996851126499,0.0,3.1488734938707346e-07
C11913,0.0,High Risk,0.9999985371721222,0.0,1.4628278771824719e-06
C11914,0.0,High Risk,0.9999927939138641,0.0,7.2060861351086164e-06
C11915,0.0,High Risk,0.9999993397378194,0.0,6.602621806002093e-07
C11916,1.0,Installment-Focused,0.0005797246074934845,0.999419810303217,4.6508928901353173e-07
C11917,0.0,High Risk,0.9999995486362667,0.0,4.513637329226844e-07
C11918,0.0,High Risk,0.9999956142993387,1.83880535e-315,4.385700661184608e-06
C11919,0.0,High Risk,0.9999999343373561,0.0,6.566264370074828e-08
C11920,2.0,Low Engagement,5.2985546622290634e-17,0.0,1.0
C11921,1.0,Installment-Focused,0.00014441772783489046,0.9998554395621455,1.427100192986334e-07
C11922,1.0,Installment-Focused,7.114102841140414e-112,0.9999998407918362,1.5920816411038342e-07
C11924,0.0,High Risk,0.999996703130038,0.0,3.2968699626953495e-06
C11925,1.0,Installment-Focused,7.816142213525904e-17,0.9999953556679466,4.644332053481937e-06
C11926,0.0,High Risk,0.9999995369937477,0.0,4.6300625233701564e-07
C11927,1.0,Installment-Focused,0.00013418243191437048,0.9998657554793269,6.208875872756446e-08
C11928,0.0,High Risk,0.9999925779429825,0.0,7.422057018270575e-06
C11929,0.0,High Risk,0.9999999018910687,0.0,9.810893179502748e-08
C11930,1.0,Installment-Focused,2.1196779635137517e-109,0.9999973835002756,2.616499724380248e-06
C11931,0.0,High Risk,0.9999998448779119,0.0,1.5512208856355683e-07
C11932,1.0,Installment-Focused,0.00027343069324817964,0.9997265636654937,5.641258573490771e-09
C11933,1.0,Installment-Focused,2.5027793687352806e-12,0.9999999746216969,2.537580054034811e-08
C11934,0.0,High Risk,0.9999990770094783,0.0,9.229905211895798e-07
C11935,1.0,Installment-Focused,7.798508473703681e-11,0.9999997952853313,2.0463668336504584e-07
C11936,0.0,High Risk,0.9999999603121424,0.0,3.968785776253098e-08
C11937,1.0,Installment-Focused,0.007780177785565623,0.9922197790203341,4.3194100661359575e-08
C11938,1.0,Installment-Focused,2.3852630561238987e-09,0.9999998827461016,1.148686356442026e-07
C11939,0.0,High Risk,0.9999995578519885,0.0,4.4214801137383917e-07
C11940,1.0,Installment-Focused,3.6027418260543105e-20,0.9999999457578511,5.424214895269057e-08
C11941,1.0,Installment-Focused,1.385480846873003e-18,0.9996921552558151,0.000307844744184131
C11942,1.0,Installment-Focused,0.018081426557873783,0.9819182669421176,3.0650000889199677e-07
C11943,0.0,High Risk,0.9999998206857806,0.0,1.7931421977249861e-07
C11944,1.0,Installment-Focused,2.217335480950959e-08,0.9999996382008909,3.396257547890159e-07
C11945,0.0,High Risk,0.999993654103774,0.0,6.345896226732486e-06
C11946,1.0,Installment-Focused,4.4028738044386944e-05,0.999955898047859,7.321409694337683e-08
C11947,1.0,Installment-Focused,0.00022677154083465304,0.9997732242628354,4.196329622720889e-09
C11948,2.0,Low Engagement,0.44345778102986577,0.0,0.5565422189701326
C11949,1.0,Installment-Focused,5.3688403839788544e-09,0.9999999071914213,8.743973861705764e-08
C11950,1.0,Installment-Focused,0.0006780045186503495,0.9993219601979754,3.5283374237710975e-08
C11951,1.0,Installment-Focused,3.693853615530991e-142,0.9999999003976973,9.960230312376837e-08
C11952,0.0,High Risk,0.9999944219828903,0.0,5.578017110012373e-06
C11953,1.0,Installment-Focused,2.6700255730499156e-17,0.999973430863161,2.6569136839231944e-05
C11954,0.0,High Risk,0.9999848731796844,3.423447572180207e-181,1.5126820315787114e-05
C11955,1.0,Installment-Focused,0.0025460402168937754,0.9974539370601262,2.2722979782287394e-08
C11956,0.0,High Risk,0.9999983502634465,0.0,1.6497365532340638e-06
C11957,0.0,High Risk,0.999999906304982,0.0,9.369501767914567e-08
C11958,0.0,High Risk,0.9999921903412216,0.0,7.809658777598357e-06
C11959,0.0,High Risk,0.999989685047127,4.154359610894272e-248,1.0314952873209825e-05
C11960,1.0,Installment-Focused,6.180508759021618e-97,0.9999998164577404,1.835422596442425e-07
C11961,1.0,Installment-Focused,5.493218136250634e-05,0.9999449863030424,8.151559511167231e-08
C11962,1.0,Installment-Focused,9.72786829440006e-35,0.9999997874977401,2.1250225960160255e-07
C11963,0.0,High Risk,0.9999998916059726,0.0,1.0839402721109157e-07
C11964,1.0,Installment-Focused,0.00030402706643350963,0.9996959687958203,4.137746137860252e-09
C11965,0.0,High Risk,0.9999992081180791,0.0,7.918819207373384e-07
C11966,0.0,High Risk,0.9999999331724321,0.0,6.682756787917938e-08
C11967,0.0,High Risk,0.9999995173079724,0.0,4.826920278645727e-07
C11968,1.0,Installment-Focused,0.0003262205221492403,0.9996735686924155,2.1078543526385442e-07
C11969,0.0,High Risk,0.9999995060379451,0.0,4.939620546379413e-07
C11970,1.0,Installment-Focused,3.0058752278402848e-99,0.9999999567128199,4.328718012264511e-08
C11971,0.0,High Risk,0.999999961019184,0.0,3.89808155690639e-08
C11972,1.0,Installment-Focused,0.002981476609820647,0.9970185203668019,3.0233774791327304e-09
C11973,1.0,Installment-Focused,0.002718974830469312,0.9972809787473568,4.642217404467322e-08
C11974,1.0,Installment-Focused,0.035145129348034196,0.9648522488917516,2.6217602142085987e-06
C11975,0.0,High Risk,0.9999996193059527,0.0,3.806940480755622e-07
C11976,1.0,Installment-Focused,2.0624002803940483e-06,0.9999977481661629,1.8943355698079028e-07
C11977,0.0,High Risk,0.9999978467176958,0.0,2.153282304522123e-06
C11978,0.0,High Risk,0.9999998950903974,0.0,1.0490960283457176e-07
C11979,0.0,High Risk,0.9999996469762201,0.0,3.530237802051158e-07
C11980,1.0,Installment-Focused,0.000559097360829607,0.9994408738098598,2.8829310428118327e-08
C11981,0.0,High Risk,0.9999999061470861,0.0,9.385291434341568e-08
C11982,0.0,High Risk,0.999999524353503,0.0,4.756464962265827e-07
C11983,0.0,High Risk,0.9999994064750146,0.0,5.935249851271412e-07
C11984,0.0,High Risk,0.9999985382234299,0.0,1.4617765704283971e-06
C11985,0.0,High Risk,0.9999794825291669,0.0,2.0517470832629493e-05
C11986,0.0,High Risk,0.9999999791627332,0.0,2.0837267117147802e-08
C11987,0.0,High Risk,0.9999988095984518,0.0,1.1904015474140164e-06
C11988,1.0,Installment-Focused,2.3523043914567788e-151,0.999999915473416,8.452658430058293e-08
C11989,2.0,Low Engagement,2.5562861632700006e-91,0.0,1.0
C11990,0.0,High Risk,0.9999998695186912,0.0,1.3048130857600596e-07
C11991,1.0,Installment-Focused,0.0003113200494971537,0.9996886192686338,6.068186901474412e-08
C11992,0.0,High Risk,0.9999997274803005,0.0,2.7251969993509407e-07
C11993,1.0,Installment-Focused,0.0012140027060520988,0.9987859000142775,9.727967007056824e-08
C11994,0.0,High Risk,0.9999999740450608,0.0,2.595493880251202e-08
C11995,0.0,High Risk,0.9999756549426838,0.0,2.4345057316700914e-05
C11996,0.0,High Risk,0.9999998944136632,0.0,1.0558633701104529e-07
C11997,2.0,Low Engagement,0.09798234725816637,0.0,0.9020176527418349
C11998,0.0,High Risk,0.9999999669187659,0.0,3.308123444675842e-08
C11999,0.0,High Risk,0.999997636860982,0.0,2.3631390176861503e-06
C12000,2.0,Low Engagement,0.005322101932482857,0.0,0.9946778980675155
C12001,1.0,Installment-Focused,6.1091604735245344e-06,0.999993323067373,5.67772153794347e-07
C12002,0.0,High Risk,0.999991359218363,0.0,8.640781636391545e-06
C12004,1.0,Installment-Focused,3.2396332554115424e-15,0.9999996754657527,3.245342445527696e-07
C12005,2.0,Low Engagement,0.00027167285299302304,0.0,0.9997283271470085
C12006,0.0,High Risk,0.9999999782469227,0.0,2.1753078183113926e-08
C12007,0.0,High Risk,0.9999999299373961,0.0,7.006260348919637e-08
C12008,1.0,Installment-Focused,0.012397391196825685,0.9876021513813006,4.5742187346963964e-07
C12009,1.0,Installment-Focused,0.00033142759295092384,0.999668543770522,2.8636527230880838e-08
C12010,1.0,Installment-Focused,1.339133571083057e-31,0.9999998026398859,1.973601140784473e-07
C12011,1.0,Installment-Focused,8.241484439022163e-11,0.9999999355938093,6.432377571531834e-08
C12012,0.0,High Risk,0.9999997320870898,0.0,2.6791291006463723e-07
C12013,0.0,High Risk,0.9999997294919292,0.0,2.705080709123742e-07
C12014,0.0,High Risk,0.9999997063721078,0.0,2.936278921938807e-07
C12015,1.0,Installment-Focused,0.005725035808813904,0.9942735943039491,1.3698872365213334e-06
C12016,1.0,Installment-Focused,0.00021233969947612614,0.9997876549049642,5.3955592980805705e-09
C12017,0.0,High Risk,0.9999994890390331,0.0,5.109609668477386e-07
C12018,0.0,High Risk,0.9999283860689532,0.0,7.161393104814436e-05
C12019,2.0,Low Engagement,2.1063581540434788e-07,0.0,0.9999997893641863
C12020,0.0,High Risk,0.9999997053868758,0.0,2.9461312385317337e-07
C12021,1.0,Installment-Focused,0.12342383815003868,0.8765636807921514,1.248105781017115e-05
C12022,1.0,Installment-Focused,0.0003117580512654565,0.9996882395333849,2.41534976567759e-09
C12023,1.0,Installment-Focused,0.002638178074218637,0.9973617496963373,7.222944415283544e-08
C12024,1.0,Installment-Focused,0.0018693810081591546,0.9981305443278718,7.466396931298281e-08
C12025,0.0,High Risk,0.9999854445433507,0.0,1.4555456649941782e-05
C12026,0.0,High Risk,0.9999981739471241,0.0,1.826052876511278e-06
C12027,1.0,Installment-Focused,1.1579815121998079e-11,0.9999996038208069,3.9616761343139775e-07
C12028,0.0,High Risk,0.9999997222995626,0.0,2.777004372846591e-07
C12029,0.0,High Risk,0.9999999739342197,0.0,2.6065779957004607e-08
C12030,1.0,Installment-Focused,2.2459203142032666e-09,0.9999996634170232,3.3433705618750623e-07
C12031,1.0,Installment-Focused,0.000262615652132251,0.9997373158459232,6.850194503310235e-08
C12032,2.0,Low Engagement,0.00044689884970344746,0.0,0.9995531011502964
C12033,2.0,Low Engagement,4.9590370000109935e-15,1.2221409857366704e-38,0.9999999999999964
C12034,0.0,High Risk,0.9999967686372316,0.0,3.231362768822037e-06
C12035,0.0,High Risk,0.9998296057139285,8.19670931839754e-290,0.0001703942860720141
C12036,1.0,Installment-Focused,0.00035224117456001715,0.9996477471077649,1.1717675186462847e-08
C12037,0.0,High Risk,0.9999893475483423,0.0,1.0652451658324487e-05
C12038,1.0,Installment-Focused,3.3838864063737885e-11,0.9999998585727854,1.4139337537061089e-07
C12039,0.0,High Risk,0.9999543405703268,0.0,4.565942967284889e-05
C12040,1.0,Installment-Focused,6.198709120339829e-17,0.999999297777595,7.022224046240252e-07
C12041,2.0,Low Engagement,4.891722990118167e-18,0.011718903528193443,0.9882810964718082
C12042,1.0,Installment-Focused,5.266437195292014e-05,0.9999473014197626,3.420828480149745e-08
C12043,0.0,High Risk,0.999998313794365,0.0,1.6862056353941906e-06
C12044,1.0,Installment-Focused,0.009614954335762631,0.9903849153227818,1.3034145551853163e-07
C12045,1.0,Installment-Focused,1.8353040175768535e-06,0.9999977178700811,4.4682590165854624e-07
C12046,0.0,High Risk,0.9999995954326854,0.0,4.045673151314518e-07
C12047,0.0,High Risk,0.999999690499214,0.0,3.0950078593730855e-07
C12048,1.0,Installment-Focused,7.082969870148013e-126,0.9999998850977775,1.1490222268277958e-07
C12049,0.0,High Risk,0.9998579232778002,8.678051129975683e-296,0.000142076722198978
C12050,0.0,High Risk,0.9999999375308646,0.0,6.246913587398883e-08
C12051,0.0,High Risk,0.999999912362956,0.0,8.763704389933195e-08
C12052,1.0,Installment-Focused,2.30554723454549e-17,0.9999642989379768,3.570106202387291e-05
C12053,1.0,Installment-Focused,0.0005694335729926237,0.9994305635498797,2.877127861943237e-09
C12054,1.0,Installment-Focused,7.676786547090815e-106,0.9999997044786638,2.955213363626633e-07
C12055,0.0,High Risk,0.9999995512045124,0.0,4.487954874021007e-07
C12056,0.0,High Risk,0.9744529849588985,0.0,0.025547015041102447
C12057,0.0,High Risk,0.9999971456494383,0.0,2.854350561953855e-06
C12058,1.0,Installment-Focused,4.5812939456313804e-48,0.9999997780047314,2.2199526822901602e-07
C12059,2.0,Low Engagement,8.856972782704004e-65,0.0,1.0
C12060,0.0,High Risk,0.9999976694965436,0.0,2.330503456984261e-06
C12061,0.0,High Risk,0.9999998546138665,0.0,1.4538613328459937e-07
C12062,1.0,Installment-Focused,9.980292650139694e-13,0.9999998141430404,1.858559617938048e-07
C12063,2.0,Low Engagement,0.0001873793481543635,0.0,0.9998126206518455
C12064,0.0,High Risk,0.9999999834917342,0.0,1.6508265419508118e-08
C12065,0.0,High Risk,0.9999999829956218,0.0,1.7004378427246128e-08
C12066,0.0,High Risk,0.9999999169614097,0.0,8.303859075598351e-08
C12067,1.0,Installment-Focused,0.00028740081585198893,0.9997125927102803,6.473868061267723e-09
C12068,1.0,Installment-Focused,0.046073504141515724,0.9539258921795138,6.036789698543972e-07
C12069,1.0,Installment-Focused,4.401077865074913e-05,0.9999483630397454,7.626181604411332e-06
C12070,0.0,High Risk,0.9999985539479478,2.77e-322,1.4460520525300338e-06
C12071,0.0,High Risk,0.9999994053008311,0.0,5.946991682265741e-07
C12072,1.0,Installment-Focused,0.001031609947778399,0.9989670125225376,1.3775296843983967e-06
C12073,0.0,High Risk,0.9999986020547419,0.0,1.3979452580103203e-06
C12074,1.0,Installment-Focused,1.7485310962262345e-05,0.9999824877830819,2.6905955797199106e-08
C12075,1.0,Installment-Focused,2.471599221916656e-05,0.9999750449592455,2.3904853520576267e-07
C12076,1.0,Installment-Focused,0.0011597633325310728,0.9988402276073476,9.06012147367281e-09
C12077,0.0,High Risk,0.9999997158352563,0.0,2.8416474442870945e-07
C12078,1.0,Installment-Focused,0.000271465724283385,0.9997285283423544,5.93336204597135e-09
C12079,0.0,High Risk,0.9999966763106859,0.0,3.3236893145803264e-06
C12080,1.0,Installment-Focused,5.239711114612061e-15,0.9991749231686116,0.000825076831383222
C12081,0.0,High Risk,0.9999996980599665,0.0,3.0194003369826075e-07
C12082,0.0,High Risk,0.9999998360034389,0.0,1.6399656118667167e-07
C12083,0.0,High Risk,0.9999999848584961,0.0,1.5141503080618056e-08
C12084,1.0,Installment-Focused,0.001824251130367315,0.9981757345863139,1.4283318858891753e-08
C12085,1.0,Installment-Focused,0.00026792573151158624,0.9997320331118551,4.1156633564050577e-08
C12086,0.0,High Risk,0.9665596153201448,0.0,0.033440384679856446
C12087,1.0,Installment-Focused,6.491656268184136e-119,0.9999999716511234,2.83488764329995e-08
C12088,1.0,Installment-Focused,4.97536938449179e-05,0.9999502442232312,2.0829237173389853e-09
C12089,1.0,Installment-Focused,2.4572498311253354e-25,0.7955447388039186,0.20445526119608232
C12090,2.0,Low Engagement,3.836491743223783e-12,8.658907119675556e-06,0.9999913410890432
C12091,0.0,High Risk,0.999996352903219,0.0,3.6470967810953457e-06
C12092,1.0,Installment-Focused,3.575139115544359e-90,0.9999996161008573,3.838991420040815e-07
C12093,1.0,Installment-Focused,3.336584607135323e-05,0.9999665559826826,7.817124587418869e-08
C12094,1.0,Installment-Focused,0.00022413338418476902,0.999775861717357,4.898458256985388e-09
C12095,0.0,High Risk,0.9999989018088592,0.0,1.098191141200055e-06
C12096,1.0,Installment-Focused,1.3115140708402692e-94,0.9999997734652418,2.2653475773786708e-07
C12097,0.0,High Risk,0.9999995732243314,0.0,4.267756681469486e-07
C12098,0.0,High Risk,0.9999999047621221,0.0,9.523787777363037e-08
C12099,0.0,High Risk,0.9999999870675982,0.0,1.293240217417078e-08
C12100,0.0,High Risk,0.9999989266894969,0.0,1.0733105028489207e-06
C12101,0.0,High Risk,0.9999997918856905,0.0,2.081143100268348e-07
C12102,0.0,High Risk,0.9999744648144636,0.0,2.5535185537181314e-05
C12103,0.0,High Risk,0.9999999474282633,0.0,5.257173638839882e-08
C12104,1.0,Installment-Focused,0.006478893671743591,0.9935210981922266,8.136029445421108e-09
C12105,1.0,Installment-Focused,0.0003029367757220652,0.9996970575708137,5.653464181297548e-09
C12107,0.0,High Risk,0.9999987802440216,0.0,1.2197559787920835e-06
C12108,0.0,High Risk,0.9999990997895358,0.0,9.002104647162722e-07
C12109,0.0,High Risk,0.9999984800520516,0.0,1.5199479480309607e-06
C12110,0.0,High Risk,0.9999996737589284,0.0,3.262410714134715e-07
C12111,1.0,Installment-Focused,6.727794418535737e-123,0.9999999168352555,8.316474448132577e-08
C12112,0.0,High Risk,0.9999993563570311,0.0,6.436429683467219e-07
C12113,0.0,High Risk,0.9999999757065353,0.0,2.4293464516461402e-08
C12114,0.0,High Risk,0.9999775756734567,0.0,2.242432654323213e-05
C12115,1.0,Installment-Focused,0.0009169125678795201,0.9990830668673678,2.0564752342116385e-08
C12116,1.0,Installment-Focused,2.1642418675967896e-127,0.9999998295581441,1.7044185569926796e-07
C12117,1.0,Installment-Focused,0.00025802292046480654,0.9997419713265508,5.752984160894896e-09
C12118,1.0,Installment-Focused,0.0001819967139016815,0.9998180016127614,1.6733373269421292e-09
C12119,1.0,Installment-Focused,9.865578223538837e-05,0.999901342938246,1.2795183414178783e-09
C12120,0.0,High Risk,0.996125394528187,0.0,0.003874605471812867
C12121,1.0,Installment-Focused,0.003751816649812254,0.9962481809328649,2.4173228143607642e-09
C12122,0.0,High Risk,0.9999993282464894,0.0,6.717535103771455e-07
C12124,1.0,Installment-Focused,0.004027127212277373,0.995972807881816,6.490590704502053e-08
C12125,2.0,Low Engagement,1.3664417896250837e-12,0.0,0.9999999999986322
C12127,0.0,High Risk,0.9999783557165232,0.0,2.1644283476150375e-05
C12128,0.0,High Risk,0.9999985859106955,0.0,1.4140893041721064e-06
C12129,1.0,Installment-Focused,0.0001287819055809318,0.9998695087117864,1.7093826325228294e-06
C12130,1.0,Installment-Focused,0.0029675938910310954,0.9970324051195288,9.894398070268215e-10
C12131,0.0,High Risk,0.99999346737539,0.0,6.532624610575935e-06
C12132,1.0,Installment-Focused,0.00872432938593675,0.991275665641434,4.972629335035392e-09
C12133,1.0,Installment-Focused,3.883380158593622e-130,0.9999005990495562,9.940095044464584e-05
C12134,1.0,Installment-Focused,4.079742562008326e-94,0.9999991657113848,8.342886146064469e-07
C12135,0.0,High Risk,0.9999495407996801,0.0,5.045920031991754e-05
C12136,0.0,High Risk,0.9999998070708509,0.0,1.9292914919193518e-07
C12137,1.0,Installment-Focused,1.8987757666196883e-09,0.9999999851326429,1.296858120851735e-08
C12138,0.0,High Risk,0.9999996924428596,0.0,3.0755714049199886e-07
C12139,1.0,Installment-Focused,7.721804430535042e-42,0.9999997963089656,2.036910339604025e-07
C12140,0.0,High Risk,0.9999986789585747,0.0,1.3210414243793162e-06
C12141,0.0,High Risk,0.9999992728808028,0.0,7.271191968536856e-07
C12142,1.0,Installment-Focused,1.661242070424863e-136,0.9999999379987773,6.200122227509903e-08
C12143,1.0,Installment-Focused,0.00016476121017610867,0.9998352337482341,5.041589375534429e-09
C12144,1.0,Installment-Focused,0.004369231731470857,0.9956307507240298,1.7544499745326417e-08
C12145,0.0,High Risk,0.9999999417977125,0.0,5.820228835495142e-08
C12146,0.0,High Risk,0.9999999132882114,0.0,8.671178878258437e-08
C12147,1.0,Installment-Focused,0.0005053225222595978,0.9994946731188723,4.3588682713638134e-09
C12148,1.0,Installment-Focused,0.0005033355733346499,0.9994966601162723,4.310392946716572e-09
C12149,0.0,High Risk,0.9999975745198454,0.0,2.425480154753255e-06
C12150,1.0,Installment-Focused,0.06568331214881835,0.934316174491194,5.133599880395375e-07
C12151,1.0,Installment-Focused,0.03683753266402607,0.963162441001355,2.633461865302732e-08
C12152,0.0,High Risk,0.9999982151825128,0.0,1.7848174868236677e-06
C12153,0.0,High Risk,0.9000161334393584,0.0,0.09998386656063998
C12154,1.0,Installment-Focused,0.00044681518656085133,0.9995531696898008,1.5123638636984176e-08
C12155,0.0,High Risk,0.9999993480859521,0.0,6.519140481474378e-07
C12156,0.0,High Risk,0.9999991302084651,0.0,8.697915352733083e-07
C12157,0.0,High Risk,0.9179912539728206,0.0,0.08200874602717993
C12158,0.0,High Risk,0.9999998126566287,0.0,1.8734337039825028e-07
C12159,1.0,Installment-Focused,0.002351309201958636,0.997648675587545,1.5210496265957745e-08
C12160,1.0,Installment-Focused,6.4057513543162866e-114,0.9999999355800119,6.441998831418674e-08
C12161,0.0,High Risk,0.9999999602283526,0.0,3.977164752641727e-08
C12162,2.0,Low Engagement,0.21782025009848482,0.0,0.7821797499015166
C12163,0.0,High Risk,0.9999810889199858,0.0,1.891108001429124e-05
C12164,0.0,High Risk,0.9999995950894169,4.5689057400558516e-178,4.04910582478722e-07
C12165,1.0,Installment-Focused,7.204960661351539e-105,0.9999999084349962,9.156500381815655e-08
C12166,0.0,High Risk,0.9999999329393501,0.0,6.706064957521637e-08
C12167,0.0,High Risk,0.9999913822590045,0.0,8.61774099567928e-06
C12168,1.0,Installment-Focused,3.0205838188160875e-17,0.9999998801347659,1.1986523399362067e-07
C12169,1.0,Installment-Focused,0.00044623539234307184,0.9995537437231455,2.0884511251739775e-08
C12170,1.0,Installment-Focused,8.061190378555901e-05,0.9999193437149616,4.4381252745134175e-08
C12171,0.0,High Risk,0.9999999594799734,0.0,4.052002681342558e-08
C12172,0.0,High Risk,0.9999999686499321,0.0,3.1350067445804734e-08
C12173,1.0,Installment-Focused,5.3848432659951105e-142,0.9999994720326065,5.279673943085563e-07
C12174,0.0,High Risk,0.9999995541819525,0.0,4.4581804729765194e-07
C12175,1.0,Installment-Focused,7.149847706451423e-103,0.9999999308454821,6.91545180090501e-08
C12176,1.0,Installment-Focused,9.77420766546767e-13,0.9999999331082812,6.689074137716451e-08
C12177,0.0,High Risk,0.9999998624177705,0.0,1.3758222905296005e-07
C12178,1.0,Installment-Focused,0.0004540777695158039,0.9995459194025663,2.8279181897388234e-09
C12179,1.0,Installment-Focused,7.288067117251005e-09,0.9999990912792222,9.014327107212996e-07
C12180,0.0,High Risk,0.9999964030581885,0.0,3.5969418116177394e-06
C12181,1.0,Installment-Focused,0.00017513161505908054,0.9998248358931551,3.249178618775034e-08
C12182,1.0,Installment-Focused,2.640816985467271e-103,0.9999998830252694,1.1697473092600344e-07
C12183,0.0,High Risk,0.9999999129844215,0.0,8.70155788156255e-08
C12184,0.0,High Risk,0.9999999318870861,0.0,6.811291414771662e-08
C12185,0.0,High Risk,0.9999990744070184,0.0,9.255929819008172e-07
C12186,0.0,High Risk,0.9999999543717221,0.0,4.5628277859215725e-08
C12187,0.0,High Risk,0.99999985799128,0.0,1.420087194746576e-07
C12188,1.0,Installment-Focused,0.0004916405260716058,0.999508355227618,4.246310111358078e-09
C12189,0.0,High Risk,0.999999097090341,0.0,9.029096589713628e-07
C12190,1.0,Installment-Focused,0.0017382474084108625,0.998261747501863,5.089725700260867e-09
C12191,1.0,Installment-Focused,7.182551187130462e-108,0.9999999768871055,2.3112894609458912e-08
C12192,1.0,Installment-Focused,7.025321845959105e-107,0.9999996742820645,3.257179356588311e-07
C12194,1.0,Installment-Focused,0.004850328678394934,0.9951496432761142,2.8045491060568995e-08
C12195,1.0,Installment-Focused,2.5713197932161596e-17,0.999999911922885,8.807711465521804e-08
C12196,1.0,Installment-Focused,8.158888582080505e-104,0.9999999055647084,9.443529161795332e-08
C12197,0.0,High Risk,0.999999619727061,0.0,3.8027293867117193e-07
C12198,0.0,High Risk,0.9999999246112801,0.0,7.538871957742803e-08
C12199,1.0,Installment-Focused,7.969373529569439e-105,0.9999999536433741,4.635662590311116e-08
C12200,1.0,Installment-Focused,2.1135794642232563e-05,0.9999787865605192,7.764483849534165e-08
C12201,1.0,Installment-Focused,1.5378452139243515e-15,0.9999985363774027,1.4636225957825566e-06
C12202,1.0,Installment-Focused,0.003494148741011051,0.9965057945237759,5.6735212859410606e-08
C12203,1.0,Installment-Focused,5.838713099547876e-106,0.9999999443799126,5.562008749016298e-08
C12204,1.0,Installment-Focused,7.377563419985729e-06,0.9999925919139876,3.05225925818846e-08
C12205,1.0,Installment-Focused,0.00036859141897491323,0.9996313975947941,1.098623065121751e-08
C12206,0.0,High Risk,0.9999999694940507,0.0,3.050594896346946e-08
C12207,1.0,Installment-Focused,0.0003582187343274743,0.999641773487833,7.777839774855061e-09
C12208,2.0,Low Engagement,3.0735958339835015e-68,0.0,1.0
C12209,2.0,Low Engagement,2.090858714253652e-20,1.7319123608295094e-241,1.0
C12210,1.0,Installment-Focused,7.298869219486607e-05,0.9999269958464143,1.546139096089515e-08
C12211,1.0,Installment-Focused,4.6136312664307626e-07,0.9999994656695346,7.296733894401814e-08
C12212,0.0,High Risk,0.9999948430063212,0.0,5.156993678494796e-06
C12213,1.0,Installment-Focused,3.604543246573405e-09,0.9999999926662704,3.729186427265795e-09
C12214,0.0,High Risk,0.9999828346976416,0.0,1.716530235850573e-05
C12215,0.0,High Risk,0.9999997963904462,0.0,2.0360955366468454e-07
C12216,0.0,High Risk,0.9999998936317617,0.0,1.0636823840257846e-07
C12217,1.0,Installment-Focused,2.487404366347818e-07,0.999994651447523,5.099812041204726e-06
C12218,1.0,Installment-Focused,5.129578888876011e-31,0.9999997458541005,2.541458991426708e-07
C12219,0.0,High Risk,0.9999993812565999,0.0,6.187433997110858e-07
C12220,0.0,High Risk,0.9999993665101571,0.0,6.334898429495522e-07
C12221,1.0,Installment-Focused,6.833688646046212e-138,0.9999998156141255,1.843858737616323e-07
C12222,0.0,High Risk,0.9999999711968619,0.0,2.8803138055438883e-08
C12223,0.0,High Risk,0.9999998314227518,0.0,1.685772480910696e-07
C12224,1.0,Installment-Focused,0.00022158777629006636,0.9997784019682837,1.0255426197181346e-08
C12225,1.0,Installment-Focused,0.00034172779169553406,0.9996582678340088,4.374295350665462e-09
C12226,0.0,High Risk,0.9999999948310858,0.0,5.1689144918181645e-09
C12227,1.0,Installment-Focused,9.401256653099147e-08,0.9773483825727795,0.022651523414653853
C12228,1.0,Installment-Focused,0.0006333829554612835,0.9993665602521623,5.67923763257685e-08
C12229,1.0,Installment-Focused,1.1608403688436797e-112,0.9999999674498922,3.25501075387387e-08
C12230,0.0,High Risk,0.9998038222454871,0.0,0.00019617775451278872
C12231,1.0,Installment-Focused,0.0011802813560245547,0.9988195800434739,1.3860050180466378e-07
C12232,1.0,Installment-Focused,0.0001531748686526951,0.9998468095669073,1.556444026345612e-08
C12233,0.0,High Risk,0.9999991926485876,0.0,8.07351412664094e-07
C12234,0.0,High Risk,0.9999999526869898,0.0,4.731300999886961e-08
C12235,1.0,Installment-Focused,8.62898414960544e-09,0.9999996628180678,3.2855294825734085e-07
C12236,1.0,Installment-Focused,1.0237042595102066e-31,0.9999518317882654,4.8168211734488026e-05
C12237,2.0,Low Engagement,2.6355323146284936e-25,1.5203280380741097e-16,1.0
C12238,0.0,High Risk,0.9999990949667793,0.0,9.050332214462078e-07
C12239,1.0,Installment-Focused,6.888455524404821e-05,0.9999311013255024,1.4119253705113131e-08
C12240,0.0,High Risk,0.9999999782043931,0.0,2.1795606900436792e-08
C12241,0.0,High Risk,0.9999852835803607,0.0,1.4716419639495588e-05
C12242,1.0,Installment-Focused,5.449800765973377e-10,0.9999998047236827,1.9473133739062698e-07
C12243,1.0,Installment-Focused,2.378296822072684e-06,0.9998185438908843,0.0001790778122940274
C12244,1.0,Installment-Focused,4.845055633349786e-128,0.9999999699344193,3.0065580605907606e-08
C12246,2.0,Low Engagement,4.0421371612777605e-28,3.7467174590312135e-25,1.0
C12247,0.0,High Risk,0.9999992032268737,0.0,7.967731258520073e-07
C12248,0.0,High Risk,0.999999970684367,0.0,2.931563269218065e-08
C12249,0.0,High Risk,0.9999979731922354,0.0,2.0268077646750624e-06
C12250,1.0,Installment-Focused,0.0002641674177669706,0.9997358299027589,2.6794740125553714e-09
C12251,0.0,High Risk,0.9999983524333925,0.0,1.6475666083180726e-06
C12252,0.0,High Risk,0.999999981675914,0.0,1.8324085653535258e-08
C12253,1.0,Installment-Focused,0.00025406404971887114,0.9997459270242433,8.926037541136195e-09
C12254,1.0,Installment-Focused,1.4926945933941525e-18,0.9999999340700803,6.592991974281852e-08
C12255,1.0,Installment-Focused,1.052371206860077e-11,0.9202778064953815,0.0797221934940953
C12256,1.0,Installment-Focused,1.1245543883045143e-120,0.9999999780032269,2.1996773221768074e-08
C12257,0.0,High Risk,0.9999999767885515,0.0,2.321144879972318e-08
C12258,0.0,High Risk,0.9999999387937112,0.0,6.120628917687324e-08
C12260,0.0,High Risk,0.999999448183026,0.0,5.51816973889182e-07
C12261,0.0,High Risk,0.9999999865193736,0.0,1.3480626041924675e-08
C12262,0.0,High Risk,0.9999972941189987,0.0,2.7058810011953938e-06
C12263,0.0,High Risk,0.9999999163964962,0.0,8.360350409791717e-08
C12264,1.0,Installment-Focused,1.7767549367034006e-05,0.9999821582237945,7.422683824222186e-08
C12265,0.0,High Risk,0.9999999094996485,0.0,9.050035153595032e-08
C12266,1.0,Installment-Focused,2.9804091949227446e-07,0.9999995924626339,1.094964465964568e-07
C12267,0.0,High Risk,0.9987137844777997,0.0,0.001286215522200035
C12268,1.0,Installment-Focused,2.64608798878272e-124,0.9598088461752428,0.04019115382475874
C12269,0.0,High Risk,0.9999999188553133,0.0,8.114468695887355e-08
C12270,1.0,Installment-Focused,2.9043779402014057e-15,0.9999997483583757,2.51641621483541e-07
C12271,0.0,High Risk,0.9999991744241166,0.0,8.255758831314208e-07
C12272,1.0,Installment-Focused,0.00024631776936694365,0.9997536778290912,4.401541885216888e-09
C12273,0.0,High Risk,0.999998160689437,0.0,1.8393105627945528e-06
C12274,1.0,Installment-Focused,0.0002596287800305415,0.9997403583522676,1.2867702136014781e-08
C12275,0.0,High Risk,0.999999135529454,0.0,8.644705458369424e-07
C12276,1.0,Installment-Focused,1.0885399302176493e-20,0.9999998894793775,1.105206226686268e-07
C12277,2.0,Low Engagement,1.0848009054308393e-83,0.0,1.0
C12278,1.0,Installment-Focused,8.189503261783052e-143,0.999999925558619,7.444138070270871e-08
C12279,0.0,High Risk,0.9999993499974308,0.0,6.500025689733163e-07
C12280,0.0,High Risk,0.9999999711817238,0.0,2.8818275997646498e-08
C12281,0.0,High Risk,0.9999999027862957,0.0,9.72137043009276e-08
C12282,1.0,Installment-Focused,0.00010048715225344744,0.9998712928723666,2.8219975379577296e-05
C12283,2.0,Low Engagement,2.240429813088939e-05,0.0006842707608717831,0.9992933249409983
C12284,0.0,High Risk,0.9999999619614098,0.0,3.803858979279375e-08
C12285,2.0,Low Engagement,8.882822681623494e-92,2.6822133084498005e-187,1.0
C12286,2.0,Low Engagement,3.487110250358011e-92,1.2357644407003613e-37,1.0
C12287,1.0,Installment-Focused,0.00046224913109137286,0.999537680720717,7.014819115964802e-08
C12288,1.0,Installment-Focused,0.0004276506096246255,0.9995723478358014,1.5545737464986887e-09
C12289,1.0,Installment-Focused,9.022688808254793e-05,0.9999097689493479,4.1625695286150674e-09
C12291,2.0,Low Engagement,0.0,0.0,1.0
C12292,1.0,Installment-Focused,2.0105049811787056e-07,0.9999762536794187,2.3545270082378936e-05
C12293,2.0,Low Engagement,2.850573033084933e-20,3.36685615974989e-201,1.0
C12294,0.0,High Risk,0.9999999866704545,0.0,1.3329545480134594e-08
C12295,1.0,Installment-Focused,2.3148691026587496e-07,0.9999997224854921,4.602759740073336e-08
C12296,0.0,High Risk,0.9999836139357696,0.0,1.638606423100067e-05
C12297,0.0,High Risk,0.9999999345452183,0.0,6.545478143474793e-08
C12298,2.0,Low Engagement,5.062447680866629e-05,3.8625667724561324e-181,0.9999493755231921
C12299,0.0,High Risk,0.9992492778725077,0.0,0.0007507221274926779
C12300,1.0,Installment-Focused,2.179512472797977e-104,0.9999999312613138,6.873868604030151e-08
C12301,1.0,Installment-Focused,1.944431825935833e-52,0.9999983786761372,1.6213238629430094e-06
C12302,0.0,High Risk,0.9999997467394844,0.0,2.532605154655411e-07
C12303,1.0,Installment-Focused,6.582609890326012e-22,0.9999999342869094,6.571309072201166e-08
C12304,0.0,High Risk,0.9999999845618134,0.0,1.5438186399029223e-08
C12305,0.0,High Risk,0.9999978331062647,0.0,2.1668937349616186e-06
C12306,1.0,Installment-Focused,0.0008109205283124777,0.9991890732578766,6.2138111280956e-09
C12307,0.0,High Risk,0.9999996666329084,0.0,3.3336709114872947e-07
C12308,1.0,Installment-Focused,2.010556816707259e-14,0.9999997923612842,2.0763869604753576e-07
C12309,0.0,High Risk,0.9999212828043319,0.0,7.871719566801505e-05
C12310,0.0,High Risk,0.9999991712173492,0.0,8.287826510621851e-07
C12311,1.0,Installment-Focused,9.05152242691164e-20,0.9999997383318102,2.6166818956858466e-07
C12312,1.0,Installment-Focused,0.002833696721135824,0.9971662300397481,7.323911674827198e-08
C12313,1.0,Installment-Focused,6.505404305273452e-05,0.9998904313788702,4.451457807789533e-05
C12314,0.0,High Risk,0.9999997581238923,0.0,2.4187610788683424e-07
C12315,1.0,Installment-Focused,1.755874916609432e-139,0.9999999626858338,3.731416584540671e-08
C12316,0.0,High Risk,0.9999901121188374,0.0,9.887881161930343e-06
C12317,0.0,High Risk,0.9999996638128371,0.0,3.361871625432629e-07
C12318,0.0,High Risk,0.9999995619752955,0.0,4.3802470410314486e-07
C12319,0.0,High Risk,0.9999994076178838,0.0,5.923821162315736e-07
C12320,1.0,Installment-Focused,0.00022903841931268132,0.9997664824667676,4.479113920514219e-06
C12321,1.0,Installment-Focused,1.5266467986376128e-118,0.9999995995039106,4.0049608906171156e-07
C12322,1.0,Installment-Focused,0.00025772958517210326,0.9997420254742895,2.449405382094176e-07
C12323,1.0,Installment-Focused,0.008676766175054392,0.9913232131674331,2.0657512700048827e-08
C12324,0.0,High Risk,0.9999559090685631,0.0,4.4090931436315954e-05
C12325,1.0,Installment-Focused,0.00025641818753196496,0.9997435070575859,7.475488195035513e-08
C12326,0.0,High Risk,0.9999120753502392,8.168743402174837e-43,8.792464975994452e-05
C12327,1.0,Installment-Focused,9.593522026398731e-06,0.9999903973461257,9.131848172216141e-09
C12329,0.0,High Risk,0.9999998015315504,0.0,1.9846844957803028e-07
C12330,1.0,Installment-Focused,6.705559221453414e-109,0.9999999851882775,1.4811722050812777e-08
C12331,0.0,High Risk,0.99998152013372,0.0,1.8479866280402013e-05
C12332,1.0,Installment-Focused,3.0299469894649715e-104,0.9999999632770595,3.672294022422071e-08
C12333,1.0,Installment-Focused,1.6036289432705163e-16,0.9999998686291984,1.3137080138511175e-07
C12334,0.0,High Risk,0.9999990150499266,0.0,9.849500740079173e-07
C12335,0.0,High Risk,0.9999994812790347,0.0,5.187209645994016e-07
C12336,1.0,Installment-Focused,1.3020966450640537e-14,0.9999999821119908,1.7887996092236438e-08
C12337,0.0,High Risk,0.9980381463318325,0.0,0.0019618536681674094
C12338,0.0,High Risk,0.9999999558959544,0.0,4.4104046277347555e-08
C12339,0.0,High Risk,0.9999662826114415,0.0,3.371738855864428e-05
C12340,0.0,High Risk,0.9886980398718741,0.0,0.011301960128124141
C12341,1.0,Installment-Focused,5.437850112683243e-43,0.9999997780566889,2.2194331134342367e-07
C12342,0.0,High Risk,0.9999995169597765,0.0,4.830402236381238e-07
C12343,1.0,Installment-Focused,6.234079062257429e-07,0.9999991344750476,2.4211704624470796e-07
C12344,0.0,High Risk,0.9999999625807641,0.0,3.741923564898133e-08
C12345,1.0,Installment-Focused,5.029250941062983e-06,0.999994627249467,3.434995918173463e-07
C12346,1.0,Installment-Focused,1.3814832230121336e-15,0.9999958196483403,4.180351657532593e-06
C12347,0.0,High Risk,0.9999997944805263,0.0,2.0551947416723517e-07
C12348,0.0,High Risk,0.9999964376776925,0.0,3.562322307028395e-06
C12349,0.0,High Risk,0.9999984422201901,0.0,1.5577798095407156e-06
C12350,1.0,Installment-Focused,1.7638357484133968e-30,0.9999966684450271,3.3315549720705e-06
C12351,1.0,Installment-Focused,1.5635526275908334e-07,0.9999997817424003,6.190233655921917e-08
C12352,2.0,Low Engagement,0.04739164568977359,0.0,0.9526083543102273
C12353,1.0,Installment-Focused,0.010254225634345715,0.9897457697877674,4.577886491953294e-09
C12354,1.0,Installment-Focused,0.002164995260126447,0.9978350036059843,1.133888891459183e-09
C12355,1.0,Installment-Focused,0.00011656756124898905,0.9998834112567554,2.118199598233055e-08
C12356,1.0,Installment-Focused,1.5217321328833692e-06,0.9999981877419993,2.905258675827427e-07
C12357,1.0,Installment-Focused,0.00033126730189157554,0.9996687194536039,1.3244504323691377e-08
C12358,1.0,Installment-Focused,1.0066041424734637e-07,0.9999998309648267,6.837475916096346e-08
C12359,0.0,High Risk,0.9999999820906479,0.0,1.7909351665694907e-08
C12360,1.0,Installment-Focused,2.6067073993634065e-31,0.9999992730689482,7.269310519043998e-07
C12361,1.0,Installment-Focused,6.905717426984045e-09,0.9999987999836778,1.193110605008844e-06
C12362,1.0,Installment-Focused,8.779339557266779e-08,0.9999998155261905,9.66804140698308e-08
C12363,0.0,High Risk,0.9999997454684935,0.0,2.5453150695992603e-07
C12364,1.0,Installment-Focused,0.00038358148839284957,0.9996163759354817,4.257612517585391e-08
C12365,1.0,Installment-Focused,0.0002116702213765612,0.999788155891788,1.7388683546246224e-07
C12366,0.0,High Risk,0.9999988985500563,6.370969783449698e-41,1.1014499441717176e-06
C12367,0.0,High Risk,0.9999997160001678,0.0,2.83999832589741e-07
C12368,1.0,Installment-Focused,6.751566601754465e-21,0.99999798421551,2.0157844901316e-06
C12369,0.0,High Risk,0.9999918032422164,0.0,8.196757783807908e-06
C12370,0.0,High Risk,0.9999995370012394,0.0,4.629987601605242e-07
C12371,0.0,High Risk,0.9999999165105046,0.0,8.348949495872085e-08
C12372,1.0,Installment-Focused,0.0001317249867608463,0.99986826564173,9.371509212062363e-09
C12373,0.0,High Risk,0.9999997619643012,0.0,2.3803569896458102e-07
C12374,1.0,Installment-Focused,0.0013361469788322608,0.9986638427996514,1.022151671568983e-08
C12375,0.0,High Risk,0.9999996135261605,0.0,3.8647383912459325e-07
C12376,0.0,High Risk,0.9998157423979327,0.0,0.00018425760206755126
C12377,0.0,High Risk,0.9999999607814906,0.0,3.921850904707826e-08
C12378,2.0,Low Engagement,2.993581662185201e-25,0.0,1.0
C12381,1.0,Installment-Focused,7.317296293129354e-139,0.9999999363522127,6.364778718273675e-08
C12382,1.0,Installment-Focused,0.00024284837634204993,0.9997571480354316,3.58822648484263e-09
C12383,1.0,Installment-Focused,0.00045201371138943653,0.9995479763331361,9.95547414156357e-09
C12384,1.0,Installment-Focused,1.392723601189045e-06,0.9999986001012842,7.1751146273306354e-09
C12385,0.0,High Risk,0.9999985401333384,0.0,1.4598666622054218e-06
C12386,0.0,High Risk,0.9999999351984549,0.0,6.480154557260807e-08
C12387,1.0,Installment-Focused,0.0002631698106675877,0.9997368059090918,2.428024085520888e-08
C12388,2.0,Low Engagement,2.330541968074771e-06,3.132362265649666e-309,0.9999976694580305
C12389,0.0,High Risk,0.9999872310976404,0.0,1.2768902359082496e-05
C12390,1.0,Installment-Focused,4.4661724104316975e-126,0.9999990483601432,9.516398567816845e-07
C12391,0.0,High Risk,0.9999993947863735,0.0,6.052136266378258e-07
C12392,0.0,High Risk,0.9999999786873561,0.0,2.131264355483923e-08
C12393,0.0,High Risk,0.9999997947160073,0.0,2.0528399347762671e-07
C12394,1.0,Installment-Focused,2.0696914118087277e-29,0.9999992231797534,7.768202468579969e-07
C12395,0.0,High Risk,0.996782003970279,0.0,0.0032179960297206286
C12396,2.0,Low Engagement,2.6576564240005224e-76,0.0,1.0
C12397,0.0,High Risk,0.9999944955217979,0.0,5.504478202629983e-06
C12398,1.0,Installment-Focused,7.172906937023207e-106,0.9999999474489214,5.2551078262108016e-08
C12399,1.0,Installment-Focused,1.3260928607472583e-42,0.9999131618028493,8.683819715010665e-05
C12400,1.0,Installment-Focused,0.0010514216464455907,0.9989485551147296,2.3238824960638585e-08
C12401,1.0,Installment-Focused,2.5866434787304205e-06,0.9999973620338269,5.1322694152072647e-08
C12402,0.0,High Risk,0.9999999811709215,0.0,1.8829079290706414e-08
C12403,0.0,High Risk,0.9999938034069019,0.0,6.19659309732783e-06
C12404,2.0,Low Engagement,6.773323133149929e-94,5.237e-320,1.0
C12405,1.0,Installment-Focused,0.00035987310436069817,0.9996401242696014,2.626038104136755e-09
C12406,2.0,Low Engagement,1.1858674582086776e-08,0.0,0.999999988141326
C12407,1.0,Installment-Focused,5.600998495277418e-76,0.9999999498412023,5.015879783765452e-08
C12408,0.0,High Risk,0.9999994831742066,0.0,5.168257935713094e-07
C12409,0.0,High Risk,0.7313160308233501,0.0,0.26868396917665077
C12410,0.0,High Risk,0.9999999814266582,0.0,1.857334245493958e-08
C12411,2.0,Low Engagement,0.0018079458515118166,0.08910102931573245,0.9090910248327561
C12412,0.0,High Risk,0.9999991943775898,0.0,8.05622410884335e-07
C12413,0.0,High Risk,0.9999993947338377,0.0,6.052661628501464e-07
C12414,1.0,Installment-Focused,0.0009146341808137368,0.9990853573189702,8.500215710556098e-09
C12415,0.0,High Risk,0.9999999543614538,0.0,4.563854624057736e-08
C12416,0.0,High Risk,0.999999624698684,0.0,3.753013162772976e-07
C12417,0.0,High Risk,0.9999788740743021,0.0,2.1125925697873622e-05
C12418,1.0,Installment-Focused,0.19944743449136385,0.8005500452995888,2.520209047517959e-06
C12419,1.0,Installment-Focused,0.00011324711065495899,0.999886676969397,7.591994827058048e-08
C12420,1.0,Installment-Focused,3.531933165740091e-06,0.9999964393240267,2.8742807733778342e-08
C12421,0.0,High Risk,0.999999947920887,0.0,5.2079112847539435e-08
C12422,0.0,High Risk,0.9999990986825326,0.0,9.013174675290358e-07
C12423,1.0,Installment-Focused,0.002416376605458662,0.9975836219108098,1.4837317841852184e-09
C12424,0.0,High Risk,0.9999993507982226,0.0,6.492017778769823e-07
C12425,0.0,High Risk,0.9999999816678715,0.0,1.8332128832851292e-08
C12426,0.0,High Risk,0.9999998920811728,0.0,1.0791882715557421e-07
C12427,1.0,Installment-Focused,0.00032041534494758775,0.9996795809255457,3.729506819070143e-09
C12428,0.0,High Risk,0.9997300057783632,0.0,0.0002699942216364419
C12429,1.0,Installment-Focused,0.0004606939034553653,0.999539298362136,7.734408799868236e-09
C12430,1.0,Installment-Focused,2.123724151239383e-118,0.9999999586979706,4.130202982676335e-08
C12431,0.0,High Risk,0.9999972032859531,0.0,2.796714047501168e-06
C12432,1.0,Installment-Focused,0.00012353099810036042,0.9998764652127211,3.789178392395214e-09
C12433,0.0,High Risk,0.9999981756666646,0.0,1.824333335859013e-06
C12434,0.0,High Risk,0.9999999199888606,0.0,8.001113988303659e-08
C12435,1.0,Installment-Focused,1.6994766514582009e-118,0.9999999403025956,5.969740421754787e-08
C12436,1.0,Installment-Focused,1.0907661198922111e-119,0.9999999825853579,1.741464199460329e-08
C12437,0.0,High Risk,0.9999991374941251,0.0,8.625058753488751e-07
C12438,0.0,High Risk,0.9994723128096691,0.0,0.0005276871903310787
C12439,2.0,Low Engagement,3.7059272145655735e-59,0.0,1.0
C12440,1.0,Installment-Focused,0.0015083289914578828,0.9984916316949071,3.931363459128046e-08
C12441,1.0,Installment-Focused,2.5894071218642947e-143,0.999999955535163,4.446483725417535e-08
C12442,1.0,Installment-Focused,0.00036859890160779356,0.9996313969141564,4.184235985165752e-09
C12443,0.0,High Risk,0.999999794658361,0.0,2.0534163909263788e-07
C12444,2.0,Low Engagement,3.485967696946321e-22,0.0,1.0
C12445,1.0,Installment-Focused,1.1766918622530367e-129,0.999999902101154,9.789884568542831e-08
C12446,1.0,Installment-Focused,0.0011004212008481258,0.9988995431120523,3.5687099346473813e-08
C12447,0.0,High Risk,0.9999994625804535,0.0,5.374195471384869e-07
C12448,0.0,High Risk,0.9999998574038433,0.0,1.4259615692628045e-07
C12449,1.0,Installment-Focused,1.971151151611492e-08,0.9999998992429668,8.104552160204151e-08
C12450,0.0,High Risk,0.999998887589309,0.0,1.1124106918872008e-06
C12451,0.0,High Risk,0.999999182230161,0.0,8.177698388802786e-07
C12452,1.0,Installment-Focused,2.1624428363632424e-12,0.9999999130750006,8.692283662744841e-08
C12453,1.0,Installment-Focused,3.128847772907914e-28,0.9999781209128082,2.1879087190982138e-05
C12454,1.0,Installment-Focused,1.9393825669900933e-08,0.9999999545473776,2.605879666504892e-08
C12455,0.0,High Risk,0.9999989564465332,0.0,1.0435534660012134e-06
C12456,0.0,High Risk,0.9999996718419665,0.0,3.2815803339165417e-07
C12457,1.0,Installment-Focused,1.0827266903457688e-13,0.9999999397671182,6.023277385880782e-08
C12458,0.0,High Risk,0.9999994610744642,0.0,5.389255364634756e-07
C12459,0.0,High Risk,0.9929214684786247,0.0,0.007078531521375575
C12460,0.0,High Risk,0.9999996503486547,0.0,3.4965134527805854e-07
C12461,0.0,High Risk,0.9999975882473539,0.0,2.411752646470943e-06
C12462,0.0,High Risk,0.9999999409371227,0.0,5.906287732578843e-08
C12463,1.0,Installment-Focused,4.32563823681498e-08,0.9999998293813522,1.2736226498706462e-07
C12464,0.0,High Risk,0.9999967925989223,0.0,3.207401078462171e-06
C12465,0.0,High Risk,0.9999997288517498,0.0,2.711482498071718e-07
C12466,0.0,High Risk,0.999999931033933,0.0,6.896606732465464e-08
C12467,0.0,High Risk,0.9999979481911936,0.0,2.0518088056871115e-06
C12468,1.0,Installment-Focused,1.759087209368897e-07,0.9999998091141249,1.4977154196152037e-08
C12469,0.0,High Risk,0.9999998965861909,0.0,1.0341380926809119e-07
C12470,0.0,High Risk,0.9999999219668675,0.0,7.80331320577431e-08
C12471,1.0,Installment-Focused,7.915082246611999e-109,0.9999999745586491,2.544135081475121e-08
C12472,0.0,High Risk,0.9999992546162504,0.0,7.453837495621072e-07
C12473,1.0,Installment-Focused,0.00015988970375107442,0.9998401067410734,3.555175229466741e-09
C12474,0.0,High Risk,0.9658081487469328,0.0,0.03419185125306685
C12475,1.0,Installment-Focused,1.753312533958268e-13,0.999993575980702,6.424019122957933e-06
C12476,0.0,High Risk,0.9999997153341585,0.0,2.8466584114309e-07
C12477,1.0,Installment-Focused,2.296300241567067e-23,0.9998855575040614,0.00011444249593847526
C12478,1.0,Installment-Focused,7.365920909251068e-10,0.9999877726120985,1.2226651309128205e-05
C12479,1.0,Installment-Focused,3.809508361083314e-11,0.9999999446663093,5.5295595504820765e-08
C12480,0.0,High Risk,0.9999792714314566,0.0,2.072856854298837e-05
C12481,0.0,High Risk,0.9999841939452452,0.0,1.5806054754606432e-05
C12482,2.0,Low Engagement,6.092580041873652e-30,4.784946956292171e-27,1.0
C12483,1.0,Installment-Focused,0.0071357729051948135,0.9928641900222377,3.707256729576033e-08
C12484,1.0,Installment-Focused,3.849736705294011e-13,0.9999998334804886,1.6651912628983185e-07
C12485,2.0,Low Engagement,7.944610481321794e-09,0.0,0.9999999920553897
C12486,0.0,High Risk,0.9999999331685321,0.0,6.683146782210425e-08
C12487,1.0,Installment-Focused,5.4641422320277486e-33,0.9999998313359448,1.686640554397812e-07
C12488,1.0,Installment-Focused,9.463386531345164e-139,0.999999971679324,2.8320675992298335e-08
C12489,0.0,High Risk,0.9999992952130775,0.0,7.047869230018747e-07
C12490,1.0,Installment-Focused,1.1014427411529767e-16,0.9999997693267364,2.306732638549354e-07
C12491,1.0,Installment-Focused,3.476068017976366e-06,0.9999964910511818,3.2880800018956e-08
C12492,1.0,Installment-Focused,2.5191190064255153e-06,0.9999973055343984,1.7534659540712882e-07
C12493,0.0,High Risk,0.9999939926783108,0.0,6.007321689436062e-06
C12494,1.0,Installment-Focused,1.433120079113375e-122,0.9999999128044206,8.719557949502284e-08
C12495,0.0,High Risk,0.9999997925616146,0.0,2.0743838547358406e-07
C12497,2.0,Low Engagement,2.784639635704917e-20,0.0,1.0
C12498,0.0,High Risk,0.9999999824081104,0.0,1.759188966518483e-08
C12499,0.0,High Risk,0.9999972737493509,0.0,2.7262506487414793e-06
C12500,0.0,High Risk,0.9999999780489459,0.0,2.1951053632667873e-08
C12501,0.0,High Risk,0.9999997083495175,0.0,2.9165048243213524e-07
C12502,2.0,Low Engagement,4.123301805020487e-17,1.3522805601100462e-36,1.0
C12503,0.0,High Risk,0.9999952500932362,0.0,4.7499067645339785e-06
C12504,0.0,High Risk,0.9999995873757807,0.0,4.126242189652372e-07
C12505,1.0,Installment-Focused,4.54602110022092e-120,0.9999999761794583,2.3820541304063918e-08
C12506,0.0,High Risk,0.9999982822767253,0.0,1.717723274803068e-06
C12507,1.0,Installment-Focused,0.00027563417586680286,0.9997243580871235,7.73701001162818e-09
C12508,1.0,Installment-Focused,0.001941699842136732,0.9980582845355187,1.5622344391452987e-08
C12509,2.0,Low Engagement,2.4302799040056755e-98,1.0405409928582191e-182,1.0
C12510,1.0,Installment-Focused,0.027613010845878326,0.9723867507273566,2.3842676525120505e-07
C12511,0.0,High Risk,0.9999993724007508,0.0,6.275992491585904e-07
C12512,2.0,Low Engagement,1.7325716650586924e-106,0.0,1.0
C12513,0.0,High Risk,0.9999999675811809,0.0,3.2418818435947194e-08
C12514,1.0,Installment-Focused,5.454313550363013e-145,0.9999992732680741,7.267319256109642e-07
C12515,0.0,High Risk,0.9999999188598172,0.0,8.114018329502569e-08
C12516,0.0,High Risk,0.9999995716924055,0.0,4.283075942119833e-07
C12517,1.0,Installment-Focused,4.490000293850522e-106,0.999999914100994,8.589900578615011e-08
C12518,1.0,Installment-Focused,2.620107831866852e-139,0.9999999021042306,9.78957690852385e-08
C12519,1.0,Installment-Focused,0.0005201034018090764,0.9994796596275919,2.3697059928758858e-07
C12520,0.0,High Risk,0.9999999178267236,0.0,8.217327609140593e-08
C12521,0.0,High Risk,0.9999987933283145,0.0,1.2066716863677512e-06
C12522,0.0,High Risk,0.9999999192893988,0.0,8.07106018439328e-08
C12523,0.0,High Risk,0.9999999109848612,0.0,8.90151385161365e-08
C12524,0.0,High Risk,0.9999706876451562,0.0,2.93123548432654e-05
C12525,0.0,High Risk,0.9999805973087378,0.0,1.9402691262331357e-05
C12526,1.0,Installment-Focused,4.7084823437392665e-125,0.9999999508942542,4.910574569545098e-08
C12527,1.0,Installment-Focused,4.046888713434075e-05,0.9999595289767427,2.1361229899185886e-09
C12528,0.0,High Risk,0.9999999579979244,0.0,4.2002076449730633e-08
C12529,0.0,High Risk,0.988489868115593,0.0,0.011510131884406603
C12530,1.0,Installment-Focused,2.4382639409382044e-05,0.9999755692453351,4.811525564835155e-08
C12531,0.0,High Risk,0.9711765751612678,0.0,0.028823424838731414
C12532,2.0,Low Engagement,5.105313116312076e-25,9.17069449694704e-173,1.0
C12533,1.0,Installment-Focused,1.1076622623517182e-22,0.999999713192347,2.868076531654117e-07
C12534,0.0,High Risk,0.9999931052107633,0.0,6.894789236795817e-06
C12535,1.0,Installment-Focused,0.0002815725369766115,0.9997184099636638,1.7499359534169402e-08
C12536,0.0,High Risk,0.9999819787361403,0.0,1.8021263860301087e-05
C12537,0.0,High Risk,0.9976488408507143,0.0,0.002351159149286009
C12538,1.0,Installment-Focused,4.725789357117576e-146,0.9998864615882049,0.00011353841179540527
C12539,0.0,High Risk,0.9999999741578284,0.0,2.5842171580665427e-08
C12540,0.0,High Risk,0.9999931456604069,0.0,6.854339593146027e-06
C12541,0.0,High Risk,0.9999999259320705,0.0,7.406792929022024e-08
C12542,1.0,Installment-Focused,3.9678294946805044e-110,0.9999999803764779,1.962352221283192e-08
C12543,0.0,High Risk,0.9999996645338983,0.0,3.3546610225622087e-07
C12544,0.0,High Risk,0.9999996206285333,0.0,3.7937146636849444e-07
C12545,1.0,Installment-Focused,0.08646868277948015,0.9130851522601721,0.00044616496034596484
C12546,1.0,Installment-Focused,0.0005767210263423445,0.9994232721224166,6.851240844540421e-09
C12547,0.0,High Risk,0.9999996968448472,0.0,3.031551531489018e-07
C12548,0.0,High Risk,0.9999989759248334,0.0,1.0240751667883967e-06
C12549,0.0,High Risk,0.9999984733342552,0.0,1.5266657453949398e-06
C12550,1.0,Installment-Focused,9.975191305369161e-06,0.9999895968575377,4.2795115678019054e-07
C12551,1.0,Installment-Focused,0.002745341255774105,0.9972546285186236,3.0225602031109364e-08
C12552,1.0,Installment-Focused,0.00932017572650204,0.990589290096771,9.053417672742245e-05
C12553,2.0,Low Engagement,1.0540578259793005e-35,0.0,1.0
C12554,0.0,High Risk,0.9948481597059767,1.618e-320,0.005151840294023006
C12555,1.0,Installment-Focused,0.0010180158145364285,0.9989819795640321,4.621431412110614e-09
C12556,0.0,High Risk,0.999969483867523,0.0,3.0516132476373025e-05
C12557,0.0,High Risk,0.9996319334353082,0.0,0.00036806656469249557
C12558,1.0,Installment-Focused,2.6750685412639147e-17,0.9999999148680773,8.513192270492875e-08
C12559,1.0,Installment-Focused,0.00043550316695333636,0.9995644899018851,6.9311611154251055e-09
C12560,1.0,Installment-Focused,0.0003491424665911114,0.999650836946317,2.0587091532533446e-08
C12561,0.0,High Risk,0.9999976175820813,0.0,2.382417920266323e-06
C12562,0.0,High Risk,0.9999999697591497,0.0,3.024085025320259e-08
C12563,0.0,High Risk,0.9999998804093142,0.0,1.1959068586526565e-07
C12564,0.0,High Risk,0.9999998862288451,0.0,1.1377115491787034e-07
C12565,0.0,High Risk,0.9999905670168785,0.0,9.43298312214441e-06
C12566,1.0,Installment-Focused,0.0017421503204359434,0.9982578359065609,1.3773003191769147e-08
C12567,0.0,High Risk,0.9992921485366721,8.282785537327314e-32,0.0007078514633294857
C12568,0.0,High Risk,0.9999999561928928,0.0,4.380710752820572e-08
C12569,0.0,High Risk,0.9999461934209818,0.0,5.380657901852739e-05
C12570,2.0,Low Engagement,4.926748260214966e-16,0.0,1.0
C12571,1.0,Installment-Focused,0.0014027812270515313,0.9985972012435879,1.7529360657378032e-08
C12572,1.0,Installment-Focused,8.56554551676604e-128,0.9999999663032112,3.369678851926538e-08
C12573,0.0,High Risk,0.9999979644973007,0.0,2.035502699251928e-06
C12574,1.0,Installment-Focused,4.900066017673546e-83,0.9999998072269863,1.9277301335500056e-07
C12575,1.0,Installment-Focused,4.5970502707289677e-113,0.9999998949909437,1.0500905648325997e-07
C12576,0.0,High Risk,0.999997356077537,0.0,2.6439224637151504e-06
C12577,1.0,Installment-Focused,3.4423927125773323e-122,0.9999999277071376,7.229286267498076e-08
C12578,0.0,High Risk,0.9999999767449561,0.0,2.3255044562930294e-08
C12579,0.0,High Risk,0.9962182516086704,0.0,0.0037817483913304617
C12580,1.0,Installment-Focused,0.00024018006401495511,0.9997598169063755,3.0296097628178706e-09
C12581,0.0,High Risk,0.9999998950383093,0.0,1.0496169055161451e-07
C12582,1.0,Installment-Focused,1.4495793859466478e-19,0.9999999111615718,8.883842841239397e-08
C12583,2.0,Low Engagement,6.837241273816774e-33,0.0007392705355067902,0.9992607294644924
C12584,2.0,Low Engagement,1.0323705024807268e-18,1.938057704000303e-20,1.0
C12585,0.0,High Risk,0.9999911016224658,0.0,8.898377533651992e-06
C12586,0.0,High Risk,0.9999960631220841,0.0,3.936877915728956e-06
C12587,0.0,High Risk,0.9999990054948069,0.0,9.945051929520893e-07
C12588,0.0,High Risk,0.9965534585275497,0.0,0.003446541472449612
C12589,0.0,High Risk,0.999998457987323,0.0,1.5420126773566906e-06
C12590,0.0,High Risk,0.9999997171074329,0.0,2.828925665901042e-07
C12591,0.0,High Risk,0.9999958120021828,0.0,4.187997817925644e-06
C12592,1.0,Installment-Focused,1.7157002184441863e-10,0.9999998960823852,1.0374604454470794e-07
C12593,0.0,High Risk,0.9999995979857035,0.0,4.0201429705442214e-07
C12594,1.0,Installment-Focused,9.583358224972222e-22,0.9984680627103039,0.0015319372896955574
C12595,1.0,Installment-Focused,7.961747485704663e-104,0.9999983909138571,1.6090861425106324e-06
C12596,1.0,Installment-Focused,0.0017249778325865424,0.9982750095571488,1.2610264643752451e-08
C12597,1.0,Installment-Focused,1.9039366679498294e-105,0.9999999549597761,4.504022361152138e-08
C12598,1.0,Installment-Focused,0.003915496988493582,0.996084497271847,5.7396591289281556e-09
C12599,1.0,Installment-Focused,1.667771354299048e-05,0.9999832496503971,7.263605980443208e-08
C12600,0.0,High Risk,0.9998407592538587,0.0,0.0001592407461414712
C12601,1.0,Installment-Focused,5.628988052169193e-10,0.9999997547224496,2.447146515188803e-07
C12602,1.0,Installment-Focused,1.645969517525564e-21,0.9999999672835732,3.2716426789720207e-08
C12603,0.0,High Risk,0.9999962055174526,0.0,3.794482546731128e-06
C12604,1.0,Installment-Focused,2.0352369479863052e-135,0.9999999411603948,5.88396052425407e-08
C12605,0.0,High Risk,0.9999994709745272,0.0,5.290254727392026e-07
C12606,0.0,High Risk,0.9999999798012038,0.0,2.0198795772986394e-08
C12607,0.0,High Risk,0.9999964719104979,0.0,3.5280895018374776e-06
C12608,1.0,Installment-Focused,4.697908870262594e-142,0.9999998775389192,1.2246108086418356e-07
C12609,1.0,Installment-Focused,2.560932028642911e-38,0.9999998019686932,1.980313066898225e-07
C12610,1.0,Installment-Focused,9.797453339397008e-09,0.9999993264225665,6.637799802369863e-07
C12611,0.0,High Risk,0.9999910911269496,0.0,8.908873050907417e-06
C12612,0.0,High Risk,0.9999997740260056,0.0,2.259739945631083e-07
C12613,1.0,Installment-Focused,7.2832074247626364e-155,0.999999913200883,8.679911709738335e-08
C12614,0.0,High Risk,0.9903140942473485,0.0,0.009685905752650844
C12615,0.0,High Risk,0.9999999823931064,0.0,1.7606893675610634e-08
C12616,0.0,High Risk,0.9999998912525806,0.0,1.0874741917088204e-07
C12617,1.0,Installment-Focused,5.124986030155678e-30,0.9999932608460976,6.739153902040259e-06
C12618,0.0,High Risk,0.9919750223315517,0.0,0.008024977668448511
C12619,1.0,Installment-Focused,6.32981042807026e-25,0.9999997892874113,2.107125889366974e-07
C12620,0.0,High Risk,0.9999999700597733,0.0,2.994022649469387e-08
C12621,0.0,High Risk,0.9999999095725155,0.0,9.042748481001315e-08
C12622,0.0,High Risk,0.9999993163401016,0.0,6.83659898680028e-07
C12623,1.0,Installment-Focused,2.759473794158476e-11,0.999999650076603,3.498958024142643e-07
C12624,2.0,Low Engagement,5.309983157366922e-94,0.0,1.0
C12625,1.0,Installment-Focused,0.00022580426569807915,0.9997741899030005,5.831301641594e-09
C12626,0.0,High Risk,0.9999999856196764,0.0,1.4380323879234657e-08
C12627,1.0,Installment-Focused,0.001829092726870751,0.9981708729835307,3.4289598328690826e-08
C12628,2.0,Low Engagement,7.504059382681312e-05,0.0,0.9999249594061731
C12629,0.0,High Risk,0.9999905511120749,0.0,9.448887924653569e-06
C12630,0.0,High Risk,0.9999095790732102,0.0,9.042092678914603e-05
C12631,2.0,Low Engagement,1.6120662811082392e-16,0.0,1.0
C12632,1.0,Installment-Focused,4.102337207334461e-11,0.9999999757403434,2.4218633190015823e-08
C12633,1.0,Installment-Focused,0.014477204523805309,0.9853170269522182,0.00020576852397613104
C12634,1.0,Installment-Focused,2.1842336693285675e-131,0.9999999781066855,2.1893314888795216e-08
C12635,0.0,High Risk,0.9999996238530745,0.0,3.7614692565061025e-07
C12636,0.0,High Risk,0.9999999777967254,0.0,2.2203274449332845e-08
C12637,0.0,High Risk,0.9999999765788348,0.0,2.342116489660907e-08
C12638,0.0,High Risk,0.9999999855018835,0.0,1.4498116792001727e-08
C12639,0.0,High Risk,0.9999871016633765,0.0,1.2898336622765506e-05
C12640,0.0,High Risk,0.9999746224122392,0.0,2.5377587761278376e-05
C12641,1.0,Installment-Focused,3.938062889339019e-06,0.9999951572911956,9.046459148145151e-07
C12642,0.0,High Risk,0.9999804468429502,1.7392138148188353e-56,1.9553157050444648e-05
C12643,1.0,Installment-Focused,1.5819851149726086e-119,0.999999937634912,6.236508830107681e-08
C12644,0.0,High Risk,0.9999967102615437,0.0,3.289738456219672e-06
C12645,0.0,High Risk,0.9999999136521505,0.0,8.634784958689827e-08
C12646,0.0,High Risk,0.9999998682062958,0.0,1.3179370445572928e-07
C12647,0.0,High Risk,0.9999987238584616,0.0,1.2761415376693364e-06
C12648,0.0,High Risk,0.9999988069807852,0.0,1.1930192146222417e-06
C12650,0.0,High Risk,0.9999999455054468,0.0,5.449455297209463e-08
C12651,0.0,High Risk,0.999999211406788,0.0,7.885932124290648e-07
C12652,1.0,Installment-Focused,0.03071227972880785,0.9692877048459405,1.542525135564599e-08
C12653,0.0,High Risk,0.9999997845075966,0.0,2.154924037239134e-07
C12654,0.0,High Risk,0.9999999707636005,0.0,2.9236399483691583e-08
C12655,1.0,Installment-Focused,5.448444937844744e-91,0.9999999390345026,6.096549738934446e-08
C12656,0.0,High Risk,0.9999997824063774,0.0,2.1759362212700167e-07
C12657,1.0,Installment-Focused,1.5903084985660006e-122,0.9999865050562364,1.349494376320266e-05
C12658,0.0,High Risk,0.9992450145107004,0.0,0.000754985489299091
C12659,1.0,Installment-Focused,6.47029168780448e-09,0.9999984643265055,1.529203202897656e-06
C12660,0.0,High Risk,0.9999900884286747,0.0,9.91157132605064e-06
C12661,1.0,Installment-Focused,2.3539030359399064e-95,0.999999726294842,2.737051576691736e-07
C12663,0.0,High Risk,0.9999455294403539,0.0,5.447055964666262e-05
C12664,1.0,Installment-Focused,5.814441615083893e-128,0.9999999465490218,5.345097840872971e-08
C12665,1.0,Installment-Focused,0.0014581933120968674,0.9985418014024185,5.285484976480034e-09
C12666,0.0,High Risk,0.9999987288970975,0.0,1.2711029023889693e-06
C12667,0.0,High Risk,0.99999936620286,0.0,6.33797140371041e-07
C12668,1.0,Installment-Focused,6.0647641097660205e-21,0.9779699593514501,0.02203004064854978
C12669,0.0,High Risk,0.999995895471031,0.0,4.104528968285446e-06
C12670,0.0,High Risk,0.9999984523185206,0.0,1.5476814791551793e-06
C12671,0.0,High Risk,0.9999999063602897,0.0,9.363971008718514e-08
C12672,0.0,High Risk,0.9680509964642598,0.0,0.03194900353573988
C12673,0.0,High Risk,0.9999939116620199,0.0,6.0883379800801775e-06
C12674,0.0,High Risk,0.9999999130783748,0.0,8.692162539279399e-08
C12675,2.0,Low Engagement,0.07643876264225409,0.0,0.9235612373577471
C12676,1.0,Installment-Focused,0.0017455929219165143,0.998254400064943,7.013140727434574e-09
C12677,1.0,Installment-Focused,2.918578506052691e-27,0.9999999251867139,7.481328593927421e-08
C12678,0.0,High Risk,0.9999995504308286,0.0,4.4956917183260483e-07
C12679,0.0,High Risk,0.9999998042553543,0.0,1.957446458329117e-07
C12680,1.0,Installment-Focused,0.0005889442619547005,0.9994110501258777,5.612167927785875e-09
C12681,0.0,High Risk,0.9999999792327616,0.0,2.0767238223311696e-08
C12682,0.0,High Risk,0.9999999630894949,0.0,3.691050509529499e-08
C12683,0.0,High Risk,0.9999988333845763,0.0,1.1666154234359915e-06
C12684,0.0,High Risk,0.9999992748987641,0.0,7.251012367836702e-07
C12685,1.0,Installment-Focused,0.0005949616525272706,0.9994050340604633,4.2870092139435075e-09
C12686,1.0,Installment-Focused,0.001097112413475598,0.9989028826872365,4.899287794488942e-09
C12687,0.0,High Risk,0.9992228493403411,1.246055579948277e-163,0.0007771506596584325
C12688,0.0,High Risk,0.9999990068537612,0.0,9.931462392227862e-07
C12689,0.0,High Risk,0.9999995545881039,0.0,4.454118956187415e-07
C12690,0.0,High Risk,0.9999991800825971,0.0,8.199174030463478e-07
C12691,0.0,High Risk,0.9999894159452415,5.377103e-317,1.0584054758318931e-05
C12692,1.0,Installment-Focused,4.4415630723163035e-90,0.9999995791232255,4.208767742697217e-07
C12693,1.0,Installment-Focused,4.051763713874962e-07,0.999999559405784,3.5417844677102584e-08
C12694,1.0,Installment-Focused,7.199564948902802e-08,0.9999998768628968,5.11414536011967e-08
C12695,0.0,High Risk,0.9999996814437538,0.0,3.185562462887215e-07
C12696,1.0,Installment-Focused,1.5195281523329743e-15,0.9999997724712212,2.2752877735122598e-07
C12697,2.0,Low Engagement,1.7098410877276586e-17,0.0,1.0
C12698,2.0,Low Engagement,2.827900051106904e-115,0.0,1.0
C12699,1.0,Installment-Focused,1.2179883545887035e-06,0.9999985512272384,2.3078440737628616e-07
C12700,1.0,Installment-Focused,2.9067809838147004e-06,0.9999969710024681,1.2221654843727358e-07
C12701,0.0,High Risk,0.9999802196446447,0.0,1.9780355355699145e-05
C12702,0.0,High Risk,0.9999999729559036,0.0,2.7044096772260705e-08
C12703,1.0,Installment-Focused,8.659779741356605e-116,0.9999998188307591,1.8116924126729276e-07
C12704,2.0,Low Engagement,0.49793721981046885,0.0,0.5020627801895297
C12705,1.0,Installment-Focused,0.00015263877409942494,0.999847303041548,5.818435226090399e-08
C12706,2.0,Low Engagement,8.636234570460922e-30,2.03924722907129e-28,1.0
C12707,0.0,High Risk,0.9999957366189389,0.0,4.26338106047597e-06
C12708,0.0,High Risk,0.9999999313397195,0.0,6.866028066886216e-08
C12709,0.0,High Risk,0.9999979747347654,0.0,2.0252652343732597e-06
C12710,1.0,Installment-Focused,0.0026746289688381153,0.9973253672784774,3.752684213482414e-09
C12712,1.0,Installment-Focused,0.0012872191139197237,0.9987127693154856,1.1570594496268338e-08
C12713,0.0,High Risk,0.9999817382020633,2.610663964674782e-33,1.826179793741688e-05
C12714,0.0,High Risk,0.9999999261684521,0.0,7.383154793087378e-08
C12715,1.0,Installment-Focused,0.0027320504423327427,0.9972677743783288,1.7517933834777793e-07
C12716,0.0,High Risk,0.999994766222232,0.0,5.233777768180357e-06
C12717,0.0,High Risk,0.999994109083648,0.0,5.890916351624805e-06
C12718,1.0,Installment-Focused,0.0003047409714339007,0.9996952528385767,6.18998954844723e-09
C12719,0.0,High Risk,0.9999973497326541,0.0,2.650267345610787e-06
C12720,0.0,High Risk,0.9999998960852033,0.0,1.03914796296183e-07
C12721,1.0,Installment-Focused,0.002774358335525948,0.9972256286006443,1.3063830028657001e-08
C12722,0.0,High Risk,0.9999995755890024,0.0,4.2441099739490237e-07
C12723,1.0,Installment-Focused,0.0011980739792970066,0.9988018834655344,4.255516834777636e-08
C12724,1.0,Installment-Focused,2.069233842787489e-09,0.9999998722708777,1.2565988832040675e-07
C12725,0.0,High Risk,0.9999999617192373,0.0,3.828076216218049e-08
C12726,0.0,High Risk,0.9999998787540056,0.0,1.2124599504827117e-07
C12727,2.0,Low Engagement,0.0008320030520709576,0.0,0.9991679969479282
C12728,0.0,High Risk,0.9999999728637542,0.0,2.7136246170695623e-08
C12729,2.0,Low Engagement,3.1084425138350886e-75,0.0,1.0
C12730,1.0,Installment-Focused,1.4906151615841854e-126,0.9999999055093722,9.449062757303041e-08
C12731,1.0,Installment-Focused,0.0012395558714160299,0.9987604408952172,3.233366837226218e-09
C12732,2.0,Low Engagement,5.30542854731197e-105,3.136258958121234e-41,1.0
C12733,1.0,Installment-Focused,0.000609012203870472,0.9993909279932593,5.980287026979066e-08
C12734,0.0,High Risk,0.999999908253695,0.0,9.17463050564035e-08
C12735,1.0,Installment-Focused,0.001941028025567326,0.9980589138049516,5.8169481199041474e-08
C12736,1.0,Installment-Focused,8.807457759688049e-18,0.9999985011834683,1.4988165317946034e-06
C12737,0.0,High Risk,0.9999999772075558,0.0,2.2792443726199305e-08
C12738,0.0,High Risk,0.9999958739186106,0.0,4.1260813889405945e-06
C12739,1.0,Installment-Focused,0.00038474436072436576,0.9996152136622968,4.197697896473521e-08
C12740,1.0,Installment-Focused,0.0009307142818121064,0.9990692836139281,2.104260008166202e-09
C12741,0.0,High Risk,0.9999986699584403,0.0,1.3300415597934952e-06
C12742,1.0,Installment-Focused,6.520576213702284e-08,0.9999993085646822,6.262295554258009e-07
C12743,1.0,Installment-Focused,1.2567343540414519e-09,0.9999997164496899,2.822935761044771e-07
C12744,0.0,High Risk,0.9999999362778509,0.0,6.372214949177952e-08
C12745,1.0,Installment-Focused,3.0699005001712315e-134,0.9999999366760266,6.332397332484084e-08
C12746,0.0,High Risk,0.9999995126387045,0.0,4.873612957132861e-07
C12747,0.0,High Risk,0.9999528547825368,0.0,4.7145217462539204e-05
C12748,1.0,Installment-Focused,0.00022833381561104406,0.9997716467999775,1.9384411482607102e-08
C12749,1.0,Installment-Focused,0.00044760014055120163,0.9995523937142382,6.145210161368362e-09
C12750,0.0,High Risk,0.9999999824065037,0.0,1.7593495856286226e-08
C12751,0.0,High Risk,0.9999973172851644,0.0,2.682714835377401e-06
C12752,1.0,Installment-Focused,8.238260857765177e-91,0.9999996075802329,3.924197666012249e-07
C12753,0.0,High Risk,0.9999998619504031,0.0,1.380495968803727e-07
C12754,0.0,High Risk,0.9999999458717955,0.0,5.412820387370398e-08
C12755,2.0,Low Engagement,0.1030187016807315,0.0,0.8969812983192682
C12756,1.0,Installment-Focused,1.2084691902121613e-145,0.9999998740539401,1.259460594320493e-07
C12757,0.0,High Risk,0.9999761817898426,0.0,2.381821015726753e-05
C12758,0.0,High Risk,0.9999999401237281,0.0,5.987627229918242e-08
C12759,0.0,High Risk,0.9999994047449419,0.0,5.952550582206368e-07
C12760,1.0,Installment-Focused,3.230090534185318e-05,0.9999674705898358,2.2850482199638683e-07
C12761,0.0,High Risk,0.9999554565189669,0.0,4.4543481032920355e-05
C12762,0.0,High Risk,0.9999928992469482,0.0,7.100753052627702e-06
C12763,1.0,Installment-Focused,0.00025623325305090117,0.9997437402456445,2.650130465234762e-08
C12764,1.0,Installment-Focused,9.99189201584791e-13,0.9999998441427286,1.5585627262757012e-07
C12765,1.0,Installment-Focused,2.107537110514895e-88,0.9999999804271626,1.957283748765017e-08
C12766,1.0,Installment-Focused,1.306752500126698e-09,0.9999962619615818,3.736731665818388e-06
C12767,0.0,High Risk,0.9999983180246966,0.0,1.6819753035359705e-06
C12768,0.0,High Risk,0.9999999281199211,0.0,7.188007864463213e-08
C12769,0.0,High Risk,0.999998691876875,0.0,1.3081231255810158e-06
C12770,0.0,High Risk,0.999996800467584,0.0,3.1995324166181548e-06
C12771,0.0,High Risk,0.9999999603459288,0.0,3.965407044576733e-08
C12772,0.0,High Risk,0.9999979139896521,0.0,2.0860103482796694e-06
C12773,0.0,High Risk,0.9999999728047676,0.0,2.719523192064343e-08
C12774,0.0,High Risk,0.9999996797199289,0.0,3.202800716531291e-07
C12775,1.0,Installment-Focused,0.0007642640383443282,0.9992357311815935,4.78006251315344e-09
C12776,0.0,High Risk,0.9977457881452626,0.0,0.0022542118547376447
C12777,1.0,Installment-Focused,1.9064576844581911e-26,0.9999204555001718,7.95444998288211e-05
C12778,1.0,Installment-Focused,9.030274438602044e-08,0.9999998338605698,7.583668583934458e-08
C12779,1.0,Installment-Focused,0.003313566553185345,0.996686273465981,1.5998083328265104e-07
C12780,1.0,Installment-Focused,4.7638964891274274e-18,0.9999998497892679,1.502107316875414e-07
C12781,2.0,Low Engagement,1.2184582160437879e-23,0.015657266192573526,0.9843427338074259
C12782,1.0,Installment-Focused,2.8239032411327733e-16,0.9999693264698122,3.0673530187570905e-05
C12783,0.0,High Risk,0.999999873740598,0.0,1.2625940211659022e-07
C12784,1.0,Installment-Focused,8.582066594365324e-05,0.9999141529231744,2.6410881751247847e-08
C12786,0.0,High Risk,0.9999999469079196,0.0,5.309208075685487e-08
C12787,2.0,Low Engagement,1.380325914019703e-82,2.0113219626183e-309,1.0
C12788,0.0,High Risk,0.9999999737983586,0.0,2.6201641482879206e-08
C12789,1.0,Installment-Focused,1.3781526059799368e-10,0.9999995780078985,4.2185428603498317e-07
C12790,1.0,Installment-Focused,1.1647743724159615e-15,0.9999999866862024,1.3313796240513972e-08
C12791,0.0,High Risk,0.9671164292600852,0.0,0.03288357073991371
C12792,1.0,Installment-Focused,3.1164549850728923e-12,0.9999902972270519,9.702769831989745e-06
C12793,0.0,High Risk,0.999991808701188,0.0,8.191298812769442e-06
C12794,0.0,High Risk,0.9999909442123764,0.0,9.05578762425708e-06
C12795,1.0,Installment-Focused,2.462978182362488e-05,0.9999750315703051,3.386478716468008e-07
C12796,1.0,Installment-Focused,0.0008632641041029196,0.999136730701478,5.194418677423702e-09
C12797,1.0,Installment-Focused,2.040315070575604e-05,0.9999795221317717,7.471752215588245e-08
C12798,0.0,High Risk,0.9825638456546599,0.0,0.017436154345341685
C12799,1.0,Installment-Focused,0.0002977264820754857,0.9997022545913877,1.892653659075076e-08
C12800,0.0,High Risk,0.9999996373202231,0.0,3.6267977653571705e-07
C12801,0.0,High Risk,0.9999826598578565,0.0,1.734014214427561e-05
C12802,1.0,Installment-Focused,0.000267152479127349,0.9997328461289293,1.3919431805445116e-09
C12803,1.0,Installment-Focused,1.0940195879223736e-28,0.9999998832443225,1.1675567711737421e-07
C12804,0.0,High Risk,0.999980594957713,0.0,1.940504228755108e-05
C12805,0.0,High Risk,0.9999985095210994,0.0,1.4904789008966416e-06
C12806,1.0,Installment-Focused,6.601467832685158e-05,0.9999331712310706,8.140906019508784e-07
C12807,0.0,High Risk,0.9999997945550587,0.0,2.0544494160501967e-07
C12808,0.0,High Risk,0.9999998346323119,0.0,1.653676881724095e-07
C12809,1.0,Installment-Focused,8.921813306453992e-87,0.999999668770007,3.312299933919667e-07
C12810,0.0,High Risk,0.9999687911015229,2.0717104876972143e-222,3.1208898476371024e-05
C12811,0.0,High Risk,0.9999823060044877,1.3088567450994343e-33,1.7693995512222677e-05
C12812,1.0,Installment-Focused,3.937458174970644e-13,0.9999969886264486,3.0113731580816145e-06
C12813,1.0,Installment-Focused,3.683497345717432e-115,0.9999996922304936,3.0776950620541414e-07
C12814,2.0,Low Engagement,2.3609456767247324e-11,0.0,0.9999999999763922
C12815,0.0,High Risk,0.9999999144296013,0.0,8.557039936966346e-08
C12816,2.0,Low Engagement,1.627340280829873e-05,0.0,0.9999837265971935
C12818,0.0,High Risk,0.9940962295739145,0.0,0.005903770426085633
C12819,1.0,Installment-Focused,2.4887415962275184e-05,0.9999750844632241,2.8120813637888807e-08
C12820,0.0,High Risk,0.9999999458369789,0.0,5.416302128047252e-08
C12821,0.0,High Risk,0.9999999508530019,0.0,4.914699796116597e-08
C12822,1.0,Installment-Focused,0.0001071982371832777,0.999892790061958,1.1700859102927956e-08
C12823,0.0,High Risk,0.9999995654800664,0.0,4.3451993363045125e-07
C12824,0.0,High Risk,0.9999990232960885,0.0,9.767039112773383e-07
C12825,0.0,High Risk,0.9999982698297495,0.0,1.7301702507522337e-06
C12826,1.0,Installment-Focused,0.00028553840680925393,0.999714452056703,9.536487915727963e-09
C12827,2.0,Low Engagement,1.0604723595870562e-115,6.506215443078713e-307,1.0
C12828,2.0,Low Engagement,2.5695063453006853e-118,0.0,1.0
C12829,1.0,Installment-Focused,5.8794983228068285e-05,0.9999411836365018,2.1380269911310793e-08
C12830,1.0,Installment-Focused,0.0003075404750279861,0.9996916357459159,8.237790563588218e-07
C12831,1.0,Installment-Focused,1.5905831517780292e-06,0.9999983580350216,5.1381827036023846e-08
C12832,0.0,High Risk,0.9999996358142292,0.0,3.6418577033398323e-07
C12833,2.0,Low Engagement,0.021105454600904874,0.0,0.978894545399094
C12834,0.0,High Risk,0.9999969266969436,0.0,3.0733030560944505e-06
C12835,0.0,High Risk,0.9999998778192317,0.0,1.2218076885585769e-07
C12836,1.0,Installment-Focused,1.1952015316929714e-13,0.9999999790576128,2.094226758830552e-08
C12837,1.0,Installment-Focused,0.0003897435942675842,0.9996102514497935,4.955939154932098e-09
C12838,1.0,Installment-Focused,0.00010981121201438815,0.9998901873951209,1.3928647667848667e-09
C12839,1.0,Installment-Focused,0.00015315518557345453,0.9998468422291231,2.585303492985496e-09
C12840,0.0,High Risk,0.9999998991097454,0.0,1.0089025406692887e-07
C12841,0.0,High Risk,0.999999640550757,0.0,3.594492426061554e-07
C12842,0.0,High Risk,0.9999997243545067,0.0,2.7564549264193463e-07
C12843,1.0,Installment-Focused,2.121843047981183e-111,0.999999883507774,1.1649222578097848e-07
C12844,1.0,Installment-Focused,2.85628744997023e-85,0.9999998994344794,1.005655205103128e-07
C12845,0.0,High Risk,0.6538108957113927,0.0,0.34618910428860683
C12846,1.0,Installment-Focused,1.974570218901892e-08,0.9999998849888372,9.526546103458259e-08
C12847,1.0,Installment-Focused,6.374708467548776e-12,0.9999998602231139,1.397705115306101e-07
C12848,0.0,High Risk,0.99999114475796,0.0,8.855242039306763e-06
C12849,0.0,High Risk,0.9999992898951423,0.0,7.10104857706213e-07
C12850,0.0,High Risk,0.9999999651019037,0.0,3.489809669115182e-08
C12851,1.0,Installment-Focused,4.00971185755361e-17,0.9999991117708059,8.882291936172474e-07
C12852,1.0,Installment-Focused,0.0020636203984138596,0.9979363781530477,1.4485386878191635e-09
C12853,2.0,Low Engagement,8.572657798054353e-25,0.30328763200072795,0.6967123679992708
C12854,1.0,Installment-Focused,0.0023274268401203392,0.9976725656819612,7.477918258044117e-09
C12855,1.0,Installment-Focused,3.1632875711436105e-112,0.9999999575381269,4.2461873265981087e-08
C12857,1.0,Installment-Focused,0.0009765733076513626,0.9990234185638128,8.128535815754929e-09
C12858,0.0,High Risk,0.9999964325240734,0.0,3.5674759259733535e-06
C12859,0.0,High Risk,0.9999998287365464,0.0,1.712634535574603e-07
C12860,0.0,High Risk,0.999999967057399,0.0,3.2942601422466465e-08
C12861,1.0,Installment-Focused,2.5978572570649137e-96,0.9999999518169254,4.8183074479590504e-08
C12862,0.0,High Risk,0.9999995598465033,0.0,4.4015349675320733e-07
C12863,1.0,Installment-Focused,0.0006477370122211594,0.999352211471304,5.1516474794062433e-08
C12864,1.0,Installment-Focused,0.0007616025877952965,0.9992383866638211,1.0748383829073089e-08
C12865,0.0,High Risk,0.9999992331836172,0.0,7.66816383241587e-07
C12866,1.0,Installment-Focused,2.1244833995493628e-10,0.9999998954005022,1.0438704965739458e-07
C12867,1.0,Installment-Focused,6.047603682053432e-123,0.999999054879427,9.451205722482548e-07
C12868,2.0,Low Engagement,4.648747874590509e-24,2.3341628556372667e-43,1.0
C12869,1.0,Installment-Focused,9.368482872576654e-42,0.9999928408059443,7.159194055044547e-06
C12871,1.0,Installment-Focused,6.746529612437659e-06,0.9999925632828184,6.901875688473543e-07
C12872,1.0,Installment-Focused,0.005114437777284097,0.9948854914154216,7.080729454757297e-08
C12873,0.0,High Risk,0.9999971091116897,0.0,2.890888310258566e-06
C12874,1.0,Installment-Focused,0.000479580538803355,0.9995203771995396,4.226165688934273e-08
C12875,0.0,High Risk,0.999999741916517,0.0,2.580834832649055e-07
C12876,1.0,Installment-Focused,0.000394823801812593,0.9996051669144239,9.283763902428157e-09
C12877,0.0,High Risk,0.9999989404466731,0.0,1.059553326731547e-06
C12878,2.0,Low Engagement,0.01018359158526574,0.0,0.9898164084147357
C12879,0.0,High Risk,0.9999962202546927,0.0,3.779745306931505e-06
C12880,1.0,Installment-Focused,2.177409600909684e-08,0.9999996934767318,2.8474917196778397e-07
C12881,0.0,High Risk,0.9999983470372681,0.0,1.6529627310931428e-06
C12883,1.0,Installment-Focused,1.4196605131344611e-127,0.999999908554116,9.144588407671812e-08
C12884,1.0,Installment-Focused,1.0708489066859017e-36,0.99998458248653,1.541751346968859e-05
C12885,1.0,Installment-Focused,4.5551114763569444e-120,0.9999999131287522,8.687124770455488e-08
C12886,1.0,Installment-Focused,0.0006438240457400982,0.9993561598649158,1.608934399974569e-08
C12887,2.0,Low Engagement,1.3994518379803235e-79,0.0,1.0
C12888,1.0,Installment-Focused,0.00040884936713324056,0.9995911357053442,1.492752257080386e-08
C12889,0.0,High Risk,0.9999993758052858,0.0,6.241947146211194e-07
C12890,0.0,High Risk,0.9999875187577051,0.0,1.2481242294674084e-05
C12891,1.0,Installment-Focused,4.578304215351392e-06,0.9999953282157434,9.348004151126259e-08
C12892,0.0,High Risk,0.9999922836646207,0.0,7.716335378549826e-06
C12893,0.0,High Risk,0.9999953933913714,0.0,4.606608627750868e-06
C12894,0.0,High Risk,0.9999997104532421,0.0,2.8954675783717776e-07
C12895,0.0,High Risk,0.9999991829959691,0.0,8.170040304648836e-07
C12896,1.0,Installment-Focused,0.0007266737639437938,0.9992733199190403,6.3170154078936336e-09
C12897,2.0,Low Engagement,0.2571499165427089,0.0,0.7428500834572919
C12898,1.0,Installment-Focused,1.9434740799986977e-127,0.9999999753026948,2.4697305124115547e-08
C12899,1.0,Installment-Focused,2.598778252943764e-05,0.999973872806445,1.394110258555345e-07
C12900,0.0,High Risk,0.9999989034299607,0.0,1.0965700400666972e-06
C12901,1.0,Installment-Focused,0.01143873567826632,0.9885612619939576,2.3277761876074547e-09
C12902,0.0,High Risk,0.999999880564105,0.0,1.1943589511134312e-07
C12903,1.0,Installment-Focused,2.4804470567341906e-36,0.9999995114598995,4.885401006430626e-07
C12904,1.0,Installment-Focused,1.2556552453413885e-129,0.9999991474899242,8.52510076598448e-07
C12905,1.0,Installment-Focused,0.009721189708441613,0.9902622150344244,1.659525713230608e-05
C12906,0.0,High Risk,0.9999999698115274,0.0,3.018847252756038e-08
C12907,0.0,High Risk,0.9999989564587279,0.0,1.0435412715298046e-06
C12908,0.0,High Risk,0.9999947444668332,0.0,5.255533166137559e-06
C12909,0.0,High Risk,0.999988299165709,0.0,1.1700834291245892e-05
C12910,0.0,High Risk,0.9999999707387626,0.0,2.9261237266329356e-08
C12911,0.0,High Risk,0.9999996990854267,0.0,3.009145731671223e-07
C12912,0.0,High Risk,0.9999999207580594,0.0,7.924194015758893e-08
C12913,0.0,High Risk,0.9999968401727395,0.0,3.159827260874919e-06
C12914,0.0,High Risk,0.9999995593593358,0.0,4.4064066356141357e-07
C12915,1.0,Installment-Focused,1.8598776604061778e-82,0.9999999626100073,3.7389992715963456e-08
C12916,1.0,Installment-Focused,0.0001478654058386917,0.9998521296208681,4.97329349514723e-09
C12917,1.0,Installment-Focused,4.484336854358286e-15,0.999998088441969,1.9115580271666427e-06
C12918,0.0,High Risk,0.999954603989564,0.0,4.5396010435241955e-05
C12919,1.0,Installment-Focused,4.390634973100257e-08,0.9999999240649509,3.202869928758564e-08
C12920,0.0,High Risk,0.9999993730107086,0.0,6.269892909537481e-07
C12921,0.0,High Risk,0.9999999021335361,0.0,9.78664635604282e-08
C12922,0.0,High Risk,0.9999896256815599,0.0,1.0374318440039485e-05
C12923,2.0,Low Engagement,0.00456332495424706,0.0,0.9954366750457535
C12924,1.0,Installment-Focused,1.6580937774561445e-26,0.9999967824794512,3.2175205490489136e-06
C12925,1.0,Installment-Focused,2.9732835681710832e-120,0.9999999592438628,4.0756136776324074e-08
C12926,1.0,Installment-Focused,0.0009932414622769693,0.9990067544012416,4.1364814529073705e-09
C12927,0.0,High Risk,0.9999999549224984,0.0,4.507750132531087e-08
C12928,0.0,High Risk,0.9999651065318478,0.0,3.489346815233064e-05
C12929,1.0,Installment-Focused,2.2199903786444728e-113,0.9999998533468625,1.4665313741137357e-07
C12930,1.0,Installment-Focused,1.175720936623933e-37,0.9999997893363952,2.1066360478608475e-07
C12931,1.0,Installment-Focused,5.071167380602023e-07,0.9999994287370455,6.414621610818109e-08
C12932,1.0,Installment-Focused,5.391116354145744e-08,0.9999623670236903,3.7579065146351056e-05
C12933,0.0,High Risk,0.9999999113171473,0.0,8.868285256016216e-08
C12934,0.0,High Risk,0.9999986485428061,0.0,1.3514571936996055e-06
C12935,1.0,Installment-Focused,6.998071911265586e-22,0.9999999366933798,6.330662021445145e-08
C12936,1.0,Installment-Focused,0.0012072796185389522,0.9987927050385697,1.5342891585716697e-08
C12937,1.0,Installment-Focused,1.0441915820100326e-28,0.9999998290050827,1.709949177597152e-07
C12938,1.0,Installment-Focused,4.460072896362498e-92,0.9999947047514306,5.295248569624779e-06
C12939,0.0,High Risk,0.9999999247919443,0.0,7.520805574015583e-08
C12941,0.0,High Risk,0.999999139421586,0.0,8.605784136499629e-07
C12943,2.0,Low Engagement,0.21891932450559043,0.0,0.7810806754944083
C12944,0.0,High Risk,0.9999991803277679,0.0,8.196722325177132e-07
C12945,0.0,High Risk,0.9999999652948587,0.0,3.470514108200146e-08
C12946,0.0,High Risk,0.9999998893658962,0.0,1.1063410331032354e-07
C12947,1.0,Installment-Focused,4.8835961218592646e-96,0.9999997986223227,2.0137767728275988e-07
C12948,1.0,Installment-Focused,0.007961813936616595,0.9920381669448894,1.911849376939098e-08
C12949,0.0,High Risk,0.9999999685895431,0.0,3.141045690287801e-08
C12950,0.0,High Risk,0.9999992651470171,0.0,7.348529831602925e-07
C12951,0.0,High Risk,0.9999999755763417,0.0,2.442365794533908e-08
C12952,1.0,Installment-Focused,1.3417303877519576e-99,0.9999999713172167,2.86827831075901e-08
C12953,0.0,High Risk,0.9999993993638113,0.0,6.006361879763103e-07
C12954,0.0,High Risk,0.9999999788387559,0.0,2.1161243775094507e-08
C12955,1.0,Installment-Focused,0.04505131103510547,0.954948132454637,5.565102577101918e-07
C12956,0.0,High Risk,0.9999971363941856,0.0,2.863605814026426e-06
C12957,1.0,Installment-Focused,0.0016718725929997212,0.9983281227838744,4.623126181423087e-09
C12958,0.0,High Risk,0.9999293017370513,0.0,7.069826294938814e-05
C12959,0.0,High Risk,0.9999987852374665,0.0,1.2147625341328275e-06
C12960,1.0,Installment-Focused,1.4875776560456043e-06,0.9999984321728357,8.024950813365239e-08
C12961,1.0,Installment-Focused,1.2566468317767016e-29,0.9999999016188732,9.838112711750059e-08
C12962,0.0,High Risk,0.9996310641210143,1.2620532379593952e-40,0.0003689358789863667
C12963,1.0,Installment-Focused,0.0004589001069265579,0.999541085491451,1.4401622435974298e-08
C12964,2.0,Low Engagement,0.33375240814511975,4.0249794914422837e-253,0.666247591854881
C12965,1.0,Installment-Focused,2.643021668339486e-06,0.99999729996724,5.7011092029453066e-08
C12966,1.0,Installment-Focused,4.2063562316418676e-21,0.9999571155419085,4.288445809174577e-05
C12967,2.0,Low Engagement,1.6596147422639558e-10,0.0,0.9999999998340385
C12968,0.0,High Risk,0.9999999123422917,0.0,8.765770804404217e-08
C12969,1.0,Installment-Focused,0.00045994544674762545,0.999540032769541,2.178371125967284e-08
C12970,0.0,High Risk,0.9999998310833328,0.0,1.6891666725167799e-07
C12971,0.0,High Risk,0.9999999581297683,0.0,4.187023185244648e-08
C12972,0.0,High Risk,0.9999999520773077,0.0,4.7922692567762346e-08
C12973,0.0,High Risk,0.9999994719174365,0.0,5.280825630239713e-07
C12974,1.0,Installment-Focused,3.6604313642918634e-05,0.99996338675713,8.929227102558607e-09
C12975,0.0,High Risk,0.9999589134479554,0.0,4.108655204389239e-05
C12976,1.0,Installment-Focused,1.1147533849019426e-05,0.9999885241031929,3.2836295784693463e-07
C12977,1.0,Installment-Focused,1.9049977796775856e-05,0.9999807606874553,1.8933474755825155e-07
C12978,0.0,High Risk,0.9999983701299402,0.0,1.6298700596136518e-06
C12979,1.0,Installment-Focused,4.450193795461171e-110,0.9999999356075712,6.439242900422031e-08
C12980,0.0,High Risk,0.9999583442880136,0.0,4.165571198591076e-05
C12981,0.0,High Risk,0.9999961790963432,0.0,3.820903656877037e-06
C12982,2.0,Low Engagement,1.8468028381783527e-14,0.0,0.9999999999999822
C12983,1.0,Installment-Focused,2.9282533879672494e-16,0.9999999573445124,4.265548741502983e-08
C12984,1.0,Installment-Focused,0.0005869197902228147,0.9994130724087174,7.801060102726472e-09
C12985,1.0,Installment-Focused,5.097908662069386e-15,0.9999992248654588,7.751345362504464e-07
C12986,1.0,Installment-Focused,1.0323559221386244e-08,0.9999999274344096,6.224203101840518e-08
C12987,1.0,Installment-Focused,1.803190083770482e-07,0.9999997975414258,2.2139565933855213e-08
C12988,0.0,High Risk,0.9999998182179054,0.0,1.8178209374402048e-07
C12989,0.0,High Risk,0.9999983168252847,7.884934378192967e-273,1.6831747158700361e-06
C12990,2.0,Low Engagement,9.397584066984638e-99,0.0,1.0
C12991,1.0,Installment-Focused,0.00015146260022271525,0.9998485227600488,1.463972834064142e-08
C12992,0.0,High Risk,0.9999982261667707,0.0,1.7738332297886584e-06
C12993,1.0,Installment-Focused,0.009243815022292627,0.9907561816036128,3.3740948410750527e-09
C12994,1.0,Installment-Focused,8.04413841964978e-06,0.9999915469935753,4.0886800517219724e-07
C12995,0.0,High Risk,0.9999158130388346,0.0,8.41869611661116e-05
C12996,2.0,Low Engagement,1.0564623777278314e-46,1.248420904075599e-33,1.0
C12997,1.0,Installment-Focused,0.0001155030850350851,0.9998844944059093,2.509055634884627e-09
C12998,1.0,Installment-Focused,7.628033241866779e-07,0.999999138651782,9.854489358220126e-08
C12999,2.0,Low Engagement,9.11866118602884e-76,0.0,1.0
C13000,1.0,Installment-Focused,0.0003716507800693783,0.9996283179769726,3.124295809306272e-08
C13001,1.0,Installment-Focused,2.572442551033745e-06,0.9999973866508272,4.090662185890503e-08
C13002,0.0,High Risk,0.9999990626717464,0.0,9.373282528008206e-07
C13004,1.0,Installment-Focused,1.4915722313282433e-15,0.9999997982934862,2.0170651227709587e-07
C13005,1.0,Installment-Focused,0.001844321321616512,0.9981556675891221,1.1089261018826185e-08
C13006,1.0,Installment-Focused,0.011468187813535856,0.9885318079641296,4.22233445104708e-09
C13007,0.0,High Risk,0.9999998851849105,0.0,1.1481508916722544e-07
C13008,0.0,High Risk,0.9999999196980053,0.0,8.03019938346158e-08
C13009,2.0,Low Engagement,2.3513809866980595e-23,0.4230496888736177,0.5769503111263828
C13011,1.0,Installment-Focused,4.4079221146045367e-07,0.9999952353335112,4.323874278002546e-06
C13012,0.0,High Risk,0.9999999333210776,0.0,6.667892276031732e-08
C13013,0.0,High Risk,0.999998114337991,6.931800818493478e-301,1.8856620085334199e-06
C13014,0.0,High Risk,0.9999997020959448,0.0,2.9790405505654107e-07
C13015,0.0,High Risk,0.9999999556180931,0.0,4.438190659674998e-08
C13016,1.0,Installment-Focused,1.0928476337695568e-36,0.9999998413006576,1.5869934208195886e-07
C13017,1.0,Installment-Focused,0.000137822222524982,0.9998621735237898,4.2536852208022955e-09
C13018,1.0,Installment-Focused,1.6291920535680526e-105,0.9999997902124231,2.097875772229588e-07
C13019,0.0,High Risk,0.9999999797766457,0.0,2.0223354061633137e-08
C13020,0.0,High Risk,0.9999856283750707,0.0,1.4371624930049342e-05
C13021,0.0,High Risk,0.9999999342698794,0.0,6.573012091493633e-08
C13022,0.0,High Risk,0.9999965347640439,0.0,3.465235955437383e-06
C13023,0.0,High Risk,0.9999534236320907,0.0,4.657636790774015e-05
C13024,0.0,High Risk,0.9999999428416116,0.0,5.715838902492995e-08
C13025,0.0,High Risk,0.9999993616009574,0.0,6.383990433968598e-07
C13026,1.0,Installment-Focused,8.833883997819974e-120,0.9999998860479062,1.1395209371456278e-07
C13027,0.0,High Risk,0.9999975173207128,0.0,2.482679286449804e-06
C13028,0.0,High Risk,0.9999999839051511,0.0,1.6094848800270744e-08
C13029,0.0,High Risk,0.9999999822102251,0.0,1.7789774962018527e-08
C13031,1.0,Installment-Focused,8.800467796210047e-128,0.9999999677534946,3.224650568510274e-08
C13032,0.0,High Risk,0.9999990148754229,0.0,9.851245773585522e-07
C13033,2.0,Low Engagement,3.250108884338118e-11,0.0,0.9999999999674998
C13034,0.0,High Risk,0.9999998688187517,0.0,1.3118124839044962e-07
C13035,1.0,Installment-Focused,0.00029050964111695964,0.999709483311875,7.047008063715649e-09
C13036,0.0,High Risk,0.9999823620354538,0.0,1.7637964545469378e-05
C13037,0.0,High Risk,0.9999501651467104,9.529047629502793e-175,4.98348532892805e-05
C13038,1.0,Installment-Focused,1.9588474066506074e-81,0.9999999604167823,3.958321798393396e-08
C13039,2.0,Low Engagement,2.023766319983754e-19,0.04046520768968555,0.959534792310316
C13040,0.0,High Risk,0.9999996758142161,0.0,3.2418578390668577e-07
C13041,0.0,High Risk,0.9999887769376717,0.0,1.1223062328330028e-05
C13042,0.0,High Risk,0.999999975177403,0.0,2.4822596943586935e-08
C13043,0.0,High Risk,0.9999999726774668,0.0,2.7322533214946564e-08
C13044,1.0,Installment-Focused,0.0005851609690145014,0.9994147750485676,6.398241714746582e-08
C13045,1.0,Installment-Focused,4.2320494547698977e-141,0.9999997688576753,2.311423247048338e-07
C13046,1.0,Installment-Focused,1.3284533638477547e-125,0.9999998874584294,1.125415708481752e-07
C13047,0.0,High Risk,0.9999998998325893,0.0,1.0016741075636886e-07
C13048,0.0,High Risk,0.9999999324120227,0.0,6.758797817233601e-08
C13049,0.0,High Risk,0.9999993807337092,0.0,6.192662904108478e-07
C13050,0.0,High Risk,0.9999998817216235,0.0,1.1827837688084164e-07
C13051,0.0,High Risk,0.9999999423810858,0.0,5.761891412710855e-08
C13052,0.0,High Risk,0.9999996246955789,0.0,3.7530442089339093e-07
C13053,0.0,High Risk,0.9999999788555753,0.0,2.1144424511122395e-08
C13054,1.0,Installment-Focused,4.016737208602535e-11,0.9999980203008944,1.9796589379858793e-06
C13056,0.0,High Risk,0.9999992185515862,0.0,7.814484137705962e-07
C13057,1.0,Installment-Focused,6.09423076697893e-31,0.9999996758663016,3.2413369873313343e-07
C13058,1.0,Installment-Focused,4.269027551895765e-05,0.9999573058907396,3.833741202966991e-09
C13059,1.0,Installment-Focused,0.0011977132447040031,0.9988022835406114,3.2146844732765044e-09
C13060,1.0,Installment-Focused,1.162533140640314e-84,0.9999998891698033,1.1083019680997034e-07
C13061,0.0,High Risk,0.9999983588469814,0.0,1.6411530185635671e-06
C13062,0.0,High Risk,0.9999098592868869,0.0,9.01407131127873e-05
C13063,1.0,Installment-Focused,0.0001667348889658758,0.9998332585734119,6.5376221494896005e-09
C13064,0.0,High Risk,0.999999296919347,0.0,7.030806538721762e-07
C13065,0.0,High Risk,0.9999992840659453,0.0,7.159340548068038e-07
C13066,1.0,Installment-Focused,4.5195051926656934e-135,0.9999996285498197,3.714501805181059e-07
C13067,0.0,High Risk,0.9999997511736688,0.0,2.4882633148277444e-07
C13068,0.0,High Risk,0.999999861779721,0.0,1.3822027904531918e-07
C13069,1.0,Installment-Focused,4.034338623891803e-06,0.9999931740404584,2.7916209183188558e-06
C13070,0.0,High Risk,0.9999689848055203,5.545197207856481e-46,3.101519448024164e-05
C13071,0.0,High Risk,0.999999199799086,0.0,8.002009141596562e-07
C13072,1.0,Installment-Focused,2.7432897732832627e-07,0.9999996725048831,5.316613931148518e-08
C13073,1.0,Installment-Focused,2.610007870742521e-07,0.9999996626796968,7.631951609190928e-08
C13074,1.0,Installment-Focused,0.0002457391681695787,0.9997537847051621,4.761266685732971e-07
C13076,0.0,High Risk,0.9999991020493891,5.13061404404962e-303,8.979506108698936e-07
C13077,1.0,Installment-Focused,2.2496566986814827e-112,0.9999999594066747,4.0593324922717236e-08
C13078,0.0,High Risk,0.9999999250406503,0.0,7.495934986792685e-08
C13079,1.0,Installment-Focused,3.6781983956650885e-27,0.9999997248319025,2.7516809788864294e-07
C13080,0.0,High Risk,0.9996691963235932,0.0,0.00033080367640769164
C13081,0.0,High Risk,0.9999999121352129,0.0,8.78647871967298e-08
C13082,1.0,Installment-Focused,9.518939153981598e-14,0.9999999082688975,9.17310072881771e-08
C13083,0.0,High Risk,0.9999999703741662,0.0,2.962583395653279e-08
C13084,0.0,High Risk,0.9999993732058609,0.0,6.267941394841984e-07
C13085,1.0,Installment-Focused,2.1379447946826187e-05,0.9999785976159835,2.293606966446466e-08
C13086,1.0,Installment-Focused,0.00047081440270132537,0.9995291073541436,7.824315512422074e-08
C13087,1.0,Installment-Focused,0.0006183835155747881,0.9993816123755439,4.108881384365876e-09
C13088,1.0,Installment-Focused,1.2502157355806923e-16,0.9999999243900037,7.560999601987753e-08
C13089,0.0,High Risk,0.9999994584165562,0.0,5.415834436908039e-07
C13090,2.0,Low Engagement,0.4722204222546124,0.0,0.5277795777453871
C13091,2.0,Low Engagement,1.92647993205343e-24,0.0,1.0
C13092,0.0,High Risk,0.9999909790969614,0.0,9.020903037965525e-06
C13093,1.0,Installment-Focused,2.091576914065105e-05,0.9999789678507965,1.1638006274113632e-07
C13094,1.0,Installment-Focused,0.00039562602512102147,0.9996043659258929,8.048985924347737e-09
C13095,1.0,Installment-Focused,0.0011159095377672765,0.9988840760836406,1.4378592191610344e-08
C13096,1.0,Installment-Focused,2.0746193539826474e-09,0.9999999762437953,2.1681585103931398e-08
C13097,0.0,High Risk,0.9999943868984581,0.0,5.613101541661417e-06
C13098,0.0,High Risk,0.8731009333676294,0.0,0.126899066632371
C13099,1.0,Installment-Focused,5.754955989768206e-07,0.9999993859540466,3.855035474727997e-08
C13100,0.0,High Risk,0.992095280548805,0.0,0.007904719451195898
C13101,0.0,High Risk,0.9999999678823747,0.0,3.2117625679580125e-08
C13102,1.0,Installment-Focused,2.7243599749297355e-11,0.9999999703513285,2.9621427870956574e-08
C13103,0.0,High Risk,0.9999997822854182,0.0,2.1771458213872153e-07
C13104,1.0,Installment-Focused,0.00019839642975273572,0.9998015509865501,5.258369684884445e-08
C13105,1.0,Installment-Focused,2.748525423587751e-135,0.9999912946879785,8.705312022013447e-06
C13106,1.0,Installment-Focused,0.001726022533765894,0.9982739670872389,1.0378995429405086e-08
C13107,0.0,High Risk,0.9999661443081733,0.0,3.385569182609784e-05
C13108,0.0,High Risk,0.9999971386309073,0.0,2.861369092808701e-06
C13109,1.0,Installment-Focused,0.0002945224273085037,0.9997054727384894,4.834202155464758e-09
C13110,0.0,High Risk,0.9970661208488754,9.975612091131553e-184,0.0029338791511238603
C13111,1.0,Installment-Focused,2.438902585902063e-05,0.9999756065852856,4.388855573095039e-09
C13112,0.0,High Risk,0.999999412376844,0.0,5.87623155680366e-07
C13113,0.0,High Risk,0.9999999665842753,0.0,3.3415724454983533e-08
C13114,1.0,Installment-Focused,3.2527293116203303e-17,0.9999998127078331,1.872921671729677e-07
C13115,2.0,Low Engagement,0.0011854823460227203,0.0,0.9988145176539762
C13116,0.0,High Risk,0.9999999365259795,0.0,6.347402031605086e-08
C13117,1.0,Installment-Focused,5.127282345905353e-19,0.9999998936898814,1.063101183889117e-07
C13118,1.0,Installment-Focused,6.772194310200512e-11,0.9999990318701549,9.680621234115755e-07
C13119,1.0,Installment-Focused,6.806852770096657e-05,0.9999319137621219,1.771017762917789e-08
C13120,1.0,Installment-Focused,2.507772788905997e-05,0.9999747662988275,1.559732831259414e-07
C13121,0.0,High Risk,0.9999998232017898,0.0,1.7679821025410032e-07
C13122,0.0,High Risk,0.9999986973093117,0.0,1.3026906880166534e-06
C13123,0.0,High Risk,0.9999941672843562,0.0,5.832715642962557e-06
C13124,0.0,High Risk,0.9999879858113865,0.0,1.2014188612798173e-05
C13125,0.0,High Risk,0.9999997385272628,0.0,2.6147273713834817e-07
C13126,0.0,High Risk,0.9999999843315869,0.0,1.5668413383034355e-08
C13127,0.0,High Risk,0.999945326696905,0.0,5.467330309337313e-05
C13128,0.0,High Risk,0.9999999310096067,0.0,6.899039350700767e-08
C13129,0.0,High Risk,0.9998300050892026,0.0,0.00016999491079784345
C13130,1.0,Installment-Focused,0.0030440286888591024,0.9969548823272335,1.088983907483332e-06
C13131,0.0,High Risk,0.9999957150951868,0.0,4.284904813443446e-06
C13132,0.0,High Risk,0.999999915294123,0.0,8.470587677017715e-08
C13133,1.0,Installment-Focused,8.211672787128142e-07,0.9999981017199279,1.0771127938756819e-06
C13134,0.0,High Risk,0.9999999221573116,0.0,7.784268828098505e-08
C13135,0.0,High Risk,0.9999946976414117,0.0,5.302358588366813e-06
C13136,0.0,High Risk,0.9960441373897132,2.7846376786636974e-32,0.0039558626102866685
C13137,0.0,High Risk,0.9999980966251978,0.0,1.9033748021514763e-06
C13138,0.0,High Risk,0.9999496754238457,0.0,5.0324576154053206e-05
C13139,1.0,Installment-Focused,0.005192357739455899,0.9948076402158322,2.0447115646532007e-09
C13140,0.0,High Risk,0.9999969156346373,0.0,3.08436536278649e-06
C13141,1.0,Installment-Focused,3.1495276421260645e-07,0.9999994149956929,2.7005154304209473e-07
C13142,1.0,Installment-Focused,5.292813386945516e-08,0.9999998803697445,6.670212142687414e-08
C13143,1.0,Installment-Focused,0.0028918398881950212,0.997108152996053,7.115751939266645e-09
C13144,1.0,Installment-Focused,0.0011555052146096448,0.9988444517374425,4.304794809376185e-08
C13145,1.0,Installment-Focused,8.041543717022441e-109,0.9999999681935959,3.1806403875657724e-08
C13146,1.0,Installment-Focused,1.3535771050981331e-06,0.9999983870800135,2.5934288159489455e-07
C13147,0.0,High Risk,0.9932245291325206,0.0,0.006775470867478888
C13148,1.0,Installment-Focused,0.000261116278156486,0.9997388813443367,2.377506866273373e-09
C13149,0.0,High Risk,0.9999997922398072,0.0,2.0776019236098904e-07
C13150,1.0,Installment-Focused,0.00020633436369095555,0.999793660505051,5.131257869370378e-09
C13151,0.0,High Risk,0.9995564963646726,0.0,0.0004435036353282602
C13152,0.0,High Risk,0.9999998410298636,0.0,1.5897013604650334e-07
C13153,1.0,Installment-Focused,2.2817842373762577e-05,0.999976988731599,1.934260270805397e-07
C13154,0.0,High Risk,0.9999920310934587,0.0,7.968906541098613e-06
C13155,2.0,Low Engagement,2.1232811953597445e-16,2.7337909602881597e-13,0.9999999999997264
C13156,0.0,High Risk,0.9999992510506661,0.0,7.489493337816514e-07
C13157,0.0,High Risk,0.74507085453714,0.0,0.2549291454628602
C13158,1.0,Installment-Focused,0.0003454912505467157,0.999654487075385,2.1674068438171918e-08
C13159,2.0,Low Engagement,5.35233180277754e-28,1.2701148504272548e-19,1.0
C13160,0.0,High Risk,0.9999994686926524,0.0,5.313073474847035e-07
C13161,1.0,Installment-Focused,4.479665811845511e-122,0.9999997748135754,2.2518642430709854e-07
C13162,1.0,Installment-Focused,8.553243644619049e-05,0.9999144511381076,1.6425446177492713e-08
C13163,0.0,High Risk,0.9878520344377004,0.0,0.012147965562300923
C13164,1.0,Installment-Focused,0.001327456543857082,0.9986725310482294,1.2407913327590672e-08
C13165,0.0,High Risk,0.9999905403430827,0.0,9.45965691683548e-06
C13166,0.0,High Risk,0.9999996261882217,0.0,3.738117782751299e-07
C13167,0.0,High Risk,0.9999998952140762,0.0,1.0478592394294823e-07
C13168,1.0,Installment-Focused,3.2177800849964608e-34,0.9999995272197485,4.727802517992526e-07
C13169,0.0,High Risk,0.9999997871825346,0.0,2.1281746502925132e-07
C13170,1.0,Installment-Focused,0.0009238294939117155,0.9990757664576397,4.040484478010203e-07
C13171,0.0,High Risk,0.999997953476784,0.0,2.0465232156125626e-06
C13172,0.0,High Risk,0.9999999395535859,0.0,6.044641327734929e-08
C13173,0.0,High Risk,0.999999670848319,0.0,3.2915168173534394e-07
C13174,1.0,Installment-Focused,2.395280676358549e-137,0.9999999565798126,4.342018727623636e-08
C13175,1.0,Installment-Focused,0.00012005911549411065,0.9998798632165322,7.76679743005623e-08
C13176,1.0,Installment-Focused,2.888939989422197e-05,0.9999711017719192,8.828186444542585e-09
C13178,1.0,Installment-Focused,0.0004272437784817637,0.9995727430866165,1.313490201832362e-08
C13179,0.0,High Risk,0.9999999558536664,0.0,4.414633352209186e-08
C13180,1.0,Installment-Focused,9.77213946127025e-34,0.9998577108571698,0.00014228914282981368
C13181,1.0,Installment-Focused,9.640596026272168e-08,0.9999998139822313,8.961180842389413e-08
C13182,1.0,Installment-Focused,3.1128677209713864e-178,0.999999984977464,1.5022536054705142e-08
C13183,0.0,High Risk,0.9998180306754302,0.0,0.00018196932456981734
C13184,0.0,High Risk,0.999997934207196,0.0,2.0657928041218096e-06
C13185,0.0,High Risk,0.9999967172530037,0.0,3.28274699552598e-06
C13186,0.0,High Risk,0.9999990804687222,0.0,9.19531277728099e-07
C13187,1.0,Installment-Focused,0.0006590190320473991,0.9993396260666682,1.354901283622058e-06
C13188,0.0,High Risk,0.9999898610179754,0.0,1.0138982024409067e-05
C13189,0.0,High Risk,0.9999979223876707,0.0,2.0776123296183548e-06
C13190,0.0,High Risk,0.9999944450885012,0.0,5.5549114989196185e-06
C13191,2.0,Low Engagement,0.044262968787128654,1.7995636455777854e-36,0.9557370312128716
C13192,0.0,High Risk,0.9999997382981074,0.0,2.6170189266095485e-07
C13193,0.0,High Risk,0.999999913993861,0.0,8.600613910241601e-08
C13194,0.0,High Risk,0.9999999729038839,0.0,2.7096115905316887e-08
C13195,1.0,Installment-Focused,9.787302362300458e-112,0.9999996293237684,3.706762313280696e-07
C13196,0.0,High Risk,0.999997416087887,0.0,2.5839121135058537e-06
C13197,0.0,High Risk,0.999997933575047,0.0,2.066424953649193e-06
C13198,1.0,Installment-Focused,0.0028054566418696586,0.997194538401096,4.9570345096619894e-09
C13199,0.0,High Risk,0.9999999714887964,0.0,2.851120330003112e-08
C13200,1.0,Installment-Focused,7.728187492531118e-41,0.9999997885556385,2.1144436220774496e-07
C13201,1.0,Installment-Focused,6.234725707287635e-115,0.999999210083055,7.899169453657963e-07
C13202,0.0,High Risk,0.9999964807441588,0.0,3.519255841277029e-06
C13203,0.0,High Risk,0.999997205321036,0.0,2.7946789631921915e-06
C13204,0.0,High Risk,0.9891806594881563,0.0,0.010819340511842792
C13205,0.0,High Risk,0.9999992045043264,0.0,7.954956733003919e-07
C13206,0.0,High Risk,0.9999990941284231,3.627191549069503e-307,9.058715766650049e-07
C13207,1.0,Installment-Focused,0.0023576851046768184,0.997642277956929,3.693839420971463e-08
C13208,0.0,High Risk,0.9999999784836098,0.0,2.151639065301606e-08
C13209,2.0,Low Engagement,1.3855512485038461e-27,0.08989498523453998,0.910105014765461
C13210,0.0,High Risk,0.9999998886727681,0.0,1.113272320064175e-07
C13211,2.0,Low Engagement,0.004745932095869151,0.0,0.9952540679041316
C13212,0.0,High Risk,0.9999448165175513,0.0,5.518348244850997e-05
C13213,0.0,High Risk,0.9999998388547789,0.0,1.6114522021306741e-07
C13214,1.0,Installment-Focused,1.730803145393021e-08,0.9999997838629764,1.9882899188354206e-07
C13215,0.0,High Risk,0.9994741327573203,0.0,0.000525867242679644
C13216,1.0,Installment-Focused,1.3168061488452605e-148,0.9999999616943177,3.830568242327449e-08
C13217,0.0,High Risk,0.9999998969844812,0.0,1.0301551900919603e-07
C13218,1.0,Installment-Focused,1.9997374734921702e-110,0.9999999383669752,6.163302498690323e-08
C13219,0.0,High Risk,0.9999996347974466,0.0,3.65202553929692e-07
C13220,1.0,Installment-Focused,0.002129143136043495,0.9978706658566344,1.910073224210987e-07
C13221,1.0,Installment-Focused,0.0012212852873021188,0.9987787130055437,1.7071543849423968e-09
C13222,1.0,Installment-Focused,0.0003040861698645748,0.9996958685546183,4.527551707182617e-08
C13223,2.0,Low Engagement,1.1289595285896393e-12,0.0,0.9999999999988702
C13224,1.0,Installment-Focused,0.005982850407776883,0.9940171075776687,4.201455466213449e-08
C13225,0.0,High Risk,0.9999994577117008,0.0,5.422882992120009e-07
C13226,0.0,High Risk,0.9999991776323609,0.0,8.223676395394399e-07
C13227,1.0,Installment-Focused,3.5136627099951747e-25,0.999999541721585,4.5827841487577385e-07
C13228,1.0,Installment-Focused,3.687432319691889e-100,0.9999999520254879,4.797451196885251e-08
C13229,0.0,High Risk,0.9999998355745785,0.0,1.644254211112546e-07
C13230,1.0,Installment-Focused,9.008771589938838e-15,0.9999999348152103,6.518478080256256e-08
C13231,0.0,High Risk,0.9999999772351311,0.0,2.2764868712425065e-08
C13232,0.0,High Risk,0.9999928902079904,0.0,7.109792009269229e-06
C13233,1.0,Installment-Focused,0.0014258741760058932,0.9985740989288603,2.689513363054757e-08
C13234,1.0,Installment-Focused,0.001670153548889537,0.9983297321296353,1.1432147522200741e-07
C13235,1.0,Installment-Focused,2.1150606614233947e-21,0.9706206737868447,0.029379326213153936
C13236,1.0,Installment-Focused,0.00019569999264143186,0.9998042954832264,4.524132513990228e-09
C13237,0.0,High Risk,0.9999792697927232,8.930668756360189e-172,2.073020727759182e-05
C13238,1.0,Installment-Focused,0.001420894525093868,0.9985791033960632,2.07884257258714e-09
C13239,0.0,High Risk,0.9999993637303141,0.0,6.362696854372989e-07
C13240,1.0,Installment-Focused,0.0011297057806073972,0.9988699349995914,3.5921980149817727e-07
C13241,1.0,Installment-Focused,7.222270672179389e-15,0.9999998579382229,1.4206177026610766e-07
C13242,0.0,High Risk,0.9999994057819597,0.0,5.942180404992446e-07
C13243,0.0,High Risk,0.9999994268950826,0.0,5.731049172381484e-07
C13244,1.0,Installment-Focused,0.0020147071599400834,0.9979850492311664,2.436088935774612e-07
C13245,0.0,High Risk,0.9999973532492504,0.0,2.646750748954679e-06
C13246,1.0,Installment-Focused,0.03387803318775248,0.9661216657623256,3.010499216124153e-07
C13247,0.0,High Risk,0.9999997805610469,0.0,2.1943895308771357e-07
C13248,0.0,High Risk,0.9999998255517762,0.0,1.7444822371992063e-07
C13249,0.0,High Risk,0.9999995918620461,0.0,4.0813795328297866e-07
C13250,1.0,Installment-Focused,4.3545190816099605e-95,0.9999999690548731,3.0945127139673636e-08
C13251,1.0,Installment-Focused,1.451781526658272e-05,0.9999852681964274,2.1398830626975728e-07
C13252,1.0,Installment-Focused,0.021225907743091667,0.9735377944294132,0.005236297827494304
C13253,0.0,High Risk,0.999999215612719,0.0,7.843872812515079e-07
C13254,1.0,Installment-Focused,4.242679970761893e-05,0.9999575492441828,2.395610978447613e-08
C13255,0.0,High Risk,0.9999999807357798,0.0,1.9264220260981208e-08
C13257,0.0,High Risk,0.9999990596904718,0.0,9.403095278801479e-07
C13258,0.0,High Risk,0.9999998810558957,0.0,1.189441045791707e-07
C13259,1.0,Installment-Focused,2.716305691194496e-30,0.9999195989395823,8.040106041705559e-05
C13260,1.0,Installment-Focused,0.002251766888909163,0.9977482315862425,1.5248487338133178e-09
C13261,1.0,Installment-Focused,1.0117440122921635e-109,0.9999999135855495,8.641445046686278e-08
C13262,0.0,High Risk,0.9999997072958886,0.0,2.927041122882439e-07
C13263,1.0,Installment-Focused,3.051773964143731e-05,0.9999694420814793,4.017887922578487e-08
C13264,1.0,Installment-Focused,8.264343073797037e-05,0.9999168435641621,5.130051002700233e-07
C13265,0.0,High Risk,0.9999999439058642,0.0,5.609413545755301e-08
C13266,1.0,Installment-Focused,5.566798137895582e-32,0.9999988791337853,1.120866214350785e-06
C13267,1.0,Installment-Focused,0.00028440003144816853,0.9997155972148872,2.7536642481030688e-09
C13268,0.0,High Risk,0.9999031371038022,1.2760649889085563e-47,9.686289619742464e-05
C13269,0.0,High Risk,0.9999998630778806,0.0,1.3692211902099397e-07
C13270,0.0,High Risk,0.9999993569625418,0.0,6.430374584342189e-07
C13271,0.0,High Risk,0.9999989968683995,0.0,1.0031316007048515e-06
C13272,0.0,High Risk,0.9999962684744961,0.0,3.7315255036091476e-06
C13273,0.0,High Risk,0.9999998271957755,0.0,1.7280422455687748e-07
C13275,2.0,Low Engagement,0.0059370434604773745,0.0,0.9940629565395217
C13276,0.0,High Risk,0.9999983294931374,0.0,1.6705068626806971e-06
C13277,1.0,Installment-Focused,2.8015083322788104e-05,0.999971862557978,1.223587000665578e-07
C13278,0.0,High Risk,0.9999999739591375,0.0,2.6040862486134268e-08
C13279,2.0,Low Engagement,2.466337554399225e-26,5.592705517712671e-19,1.0
C13280,1.0,Installment-Focused,3.0453725674529564e-129,0.999999719387015,2.806129857863321e-07
C13282,1.0,Installment-Focused,2.2731537547475093e-08,0.9999998392016294,1.38066833051614e-07
C13283,0.0,High Risk,0.9999998668833063,0.0,1.3311669390965212e-07
C13284,1.0,Installment-Focused,1.0737882289042143e-05,0.9999891250769305,1.3704078082844146e-07
C13285,0.0,High Risk,0.9999998381952506,0.0,1.6180474981733378e-07
C13286,0.0,High Risk,0.9999984173358439,0.0,1.5826641558022554e-06
C13287,1.0,Installment-Focused,0.0010046570431858262,0.9989953066951546,3.6261660385966254e-08
C13288,1.0,Installment-Focused,3.4270389517278756e-120,0.9999999790564387,2.094356173689229e-08
C13289,1.0,Installment-Focused,8.733387050586756e-24,0.9999999460812395,5.391876024870601e-08
C13290,0.0,High Risk,0.9999999784722375,0.0,2.1527762515795574e-08
C13291,0.0,High Risk,0.9999998207083439,0.0,1.7929165608078618e-07
C13292,1.0,Installment-Focused,0.00013777630519141504,0.9998622064447378,1.7250070978149354e-08
C13293,0.0,High Risk,0.99999791807136,0.0,2.081928640386569e-06
C13294,0.0,High Risk,0.9999999840670367,0.0,1.5932963316318018e-08
C13295,0.0,High Risk,0.9999998806745571,0.0,1.1932544294282582e-07
C13296,1.0,Installment-Focused,4.224404067557661e-117,0.9999999454924696,5.4507530568734e-08
C13297,0.0,High Risk,0.9999996343064377,0.0,3.6569356220317974e-07
C13298,1.0,Installment-Focused,5.0991272714879784e-17,0.9999999531898991,4.681010074690613e-08
C13299,0.0,High Risk,0.9999068371240291,0.0,9.316287597158903e-05
C13300,0.0,High Risk,0.9999993012921456,0.0,6.987078541518943e-07
C13301,1.0,Installment-Focused,2.9280331071350634e-55,0.9999618750221554,3.812497784464039e-05
C13302,1.0,Installment-Focused,2.0368675804120543e-12,0.9999993669754975,6.330224657804874e-07
C13303,0.0,High Risk,0.9999999893829017,0.0,1.0617097955679573e-08
C13304,0.0,High Risk,0.9999994885340853,0.0,5.11465914742878e-07
C13305,0.0,High Risk,0.9999981847110099,0.0,1.8152889896122792e-06
C13306,1.0,Installment-Focused,0.019112364781635607,0.9808876293183072,5.900057435715297e-09
C13307,1.0,Installment-Focused,0.006000965273651095,0.9939990338506589,8.756896166615934e-10
C13308,0.0,High Risk,0.9998506569051134,0.0,0.0001493430948862962
C13309,0.0,High Risk,0.9999999632848133,0.0,3.671518679490429e-08
C13310,1.0,Installment-Focused,0.013433192813303662,0.9865667578069809,4.9379714611370995e-08
C13312,0.0,High Risk,0.9999983442024799,0.0,1.655797520296691e-06
C13313,0.0,High Risk,0.9999999158634694,0.0,8.413653091628837e-08
C13314,0.0,High Risk,0.9999992055180632,0.0,7.944819365129797e-07
C13315,0.0,High Risk,0.9999810617396346,0.0,1.893826036599572e-05
C13316,0.0,High Risk,0.9999998829612371,0.0,1.1703876271075909e-07
C13317,2.0,Low Engagement,7.443027534842698e-26,0.00021858227584246946,0.9997814177241561
C13318,1.0,Installment-Focused,1.1721999737512055e-108,0.999688885181586,0.000311114818413115
C13319,2.0,Low Engagement,4.1403414930697185e-66,0.0,1.0
C13320,1.0,Installment-Focused,2.4219940568814214e-08,0.999999944556637,3.122342243167405e-08
C13321,0.0,High Risk,0.9999985886008339,0.0,1.4113991659639705e-06
C13322,2.0,Low Engagement,1.2353102332895469e-08,0.0,0.9999999876468983
C13323,1.0,Installment-Focused,0.00035639277599853396,0.9996435808515912,2.637241053609486e-08
C13324,1.0,Installment-Focused,1.9785034519585043e-06,0.999997620159195,4.013373533874276e-07
C13325,0.0,High Risk,0.9980415678091907,2.3461430715388864e-255,0.0019584321908100695
C13326,0.0,High Risk,0.9988509160592496,0.0,0.00114908394075169
C13327,1.0,Installment-Focused,4.537512981018981e-05,0.9999546184799663,6.390223426658668e-09
C13328,1.0,Installment-Focused,0.0007974081987132175,0.9992024523311144,1.3947017206153136e-07
C13329,2.0,Low Engagement,6.589033718979923e-29,0.0,1.0
C13330,1.0,Installment-Focused,8.892098621822956e-12,0.9999999266498625,7.334124514711735e-08
C13331,1.0,Installment-Focused,1.091184176883327e-12,0.9999998811559814,1.18842927364211e-07
C13332,1.0,Installment-Focused,0.00034325211787802727,0.9996567422759269,5.606195292846949e-09
C13333,1.0,Installment-Focused,0.0004026811382496125,0.9995972378925743,8.096917640884518e-08
C13334,1.0,Installment-Focused,3.2178534292588187e-17,0.9999999288327145,7.116728537239811e-08
C13335,1.0,Installment-Focused,1.2214189008794106e-06,0.9999987420803575,3.6500741424105814e-08
C13336,0.0,High Risk,0.9999996380964411,0.0,3.6190355888596477e-07
C13337,0.0,High Risk,0.999999958988929,0.0,4.10110711489079e-08
C13338,1.0,Installment-Focused,4.993085205693839e-21,0.9999997040579818,2.9594201773986676e-07
C13339,0.0,High Risk,0.9999981939525766,0.0,1.8060474235186011e-06
C13340,1.0,Installment-Focused,0.0010220113550839236,0.998977959762517,2.8882398668587095e-08
C13341,1.0,Installment-Focused,4.375091715944831e-09,0.9999998449120286,1.5071287942067822e-07
C13342,0.0,High Risk,0.9999976433050796,0.0,2.3566949209919146e-06
C13343,2.0,Low Engagement,9.363985621416351e-18,0.0,1.0
C13344,0.0,High Risk,0.9997432333137188,0.0,0.00025676668628102367
C13345,1.0,Installment-Focused,6.937930380818557e-97,0.9999999626062828,3.739371733839224e-08
C13346,0.0,High Risk,0.999998283616145,0.0,1.7163838555065848e-06
C13347,0.0,High Risk,0.9999932409356469,0.0,6.759064352917279e-06
C13348,1.0,Installment-Focused,3.3649610934027355e-80,0.9999988416534545,1.1583465451784016e-06
C13349,1.0,Installment-Focused,7.163787548002681e-119,0.9999999675701822,3.242981803988009e-08
C13350,1.0,Installment-Focused,1.7268663312971952e-09,0.9999999227392372,7.553389661403062e-08
C13351,0.0,High Risk,0.9999999558650449,0.0,4.413495534419681e-08
C13352,1.0,Installment-Focused,1.3339906664960258e-156,0.9999999589381598,4.1061840416429524e-08
C13353,0.0,High Risk,0.999999952748323,0.0,4.7251676929962556e-08
C13354,2.0,Low Engagement,9.301700429664326e-75,0.0,1.0
C13355,0.0,High Risk,0.9999997133700449,0.0,2.8662995455919623e-07
C13356,0.0,High Risk,0.9999999430122112,0.0,5.698778904818625e-08
C13357,1.0,Installment-Focused,4.1638450809987775e-14,0.999998262012904,1.7379870548536542e-06
C13358,0.0,High Risk,0.9999999662741038,0.0,3.37258963940253e-08
C13359,0.0,High Risk,0.9999999753697869,0.0,2.4630213065285347e-08
C13360,1.0,Installment-Focused,6.00944438562005e-11,0.9999999151875176,8.475238785175087e-08
C13361,1.0,Installment-Focused,0.0004595517897568458,0.9995404425514594,5.658784113734662e-09
C13362,0.0,High Risk,0.9999995205576292,0.0,4.794423706610707e-07
C13363,0.0,High Risk,0.9999999529639381,0.0,4.703606235989985e-08
C13364,0.0,High Risk,0.999999940860917,0.0,5.913908274541959e-08
C13365,0.0,High Risk,0.9999999244382238,0.0,7.556177636450282e-08
C13366,1.0,Installment-Focused,4.697358380852686e-09,0.9994237878225393,0.0005762074801015695
C13367,0.0,High Risk,0.9999990237527849,0.0,9.762472152403144e-07
C13368,0.0,High Risk,0.9999999020901015,0.0,9.790989835851618e-08
C13369,0.0,High Risk,0.999999896795031,0.0,1.0320496908618388e-07
C13370,1.0,Installment-Focused,1.8535690693968375e-09,0.9999966536130086,3.344533423199975e-06
C13371,0.0,High Risk,0.9999998281021917,0.0,1.7189780871082959e-07
C13372,1.0,Installment-Focused,4.934858014085947e-07,0.9999994765038103,3.001038849540497e-08
C13373,0.0,High Risk,0.9999998801320099,0.0,1.198679900855001e-07
C13374,0.0,High Risk,0.99997619856597,0.0,2.3801434030753668e-05
C13375,1.0,Installment-Focused,0.0012944070747096306,0.9987055613196679,3.16056228332613e-08
C13376,0.0,High Risk,0.9999997506051104,0.0,2.49394889983326e-07
C13377,0.0,High Risk,0.9999987325735094,0.0,1.2674264902233104e-06
C13378,1.0,Installment-Focused,7.10595345701624e-119,0.9999999489116944,5.108830574218844e-08
C13379,1.0,Installment-Focused,0.0016538959586996228,0.9983460869063849,1.7134915053285943e-08
C13380,1.0,Installment-Focused,2.966806066890595e-20,0.9999652965992576,3.4703400742574795e-05
C13381,1.0,Installment-Focused,1.7226240864691756e-12,0.999999968617058,3.1381219552202743e-08
C13382,1.0,Installment-Focused,8.184220198414398e-07,0.9999989095186747,2.7205930548156066e-07
C13383,0.0,High Risk,0.9999999760618964,0.0,2.3938103775834715e-08
C13384,0.0,High Risk,0.9999990082094417,0.0,9.917905583917875e-07
C13385,0.0,High Risk,0.9999992051531198,0.0,7.948468797804435e-07
C13386,1.0,Installment-Focused,0.00013868811059149886,0.9998613098253838,2.0640249620601734e-09
C13387,0.0,High Risk,0.9999385361556782,0.0,6.146384432210322e-05
C13388,1.0,Installment-Focused,0.00023343236619139312,0.999766561064463,6.569345136360028e-09
C13389,1.0,Installment-Focused,0.0001865701041152415,0.9998134148838851,1.501199994085065e-08
C13390,2.0,Low Engagement,6.987820606843628e-18,0.0,1.0
C13391,2.0,Low Engagement,8.1408489143759e-07,0.0,0.9999991859151091
C13392,0.0,High Risk,0.9999998499066779,0.0,1.5009332191019507e-07
C13393,1.0,Installment-Focused,0.0003198814494572529,0.9996800935823155,2.4968226947486272e-08
C13394,0.0,High Risk,0.9999984683794235,0.0,1.5316205761841727e-06
C13395,1.0,Installment-Focused,7.757870289575512e-05,0.9999224102191606,1.1077943482436463e-08
C13396,0.0,High Risk,0.999999096688945,0.0,9.033110548900215e-07
C13397,1.0,Installment-Focused,1.519707166993911e-28,0.9999942362054277,5.763794573125379e-06
C13398,0.0,High Risk,0.9862059495572647,0.0,0.013794050442733808
C13399,0.0,High Risk,0.9999999766080061,0.0,2.339199412267717e-08
C13400,1.0,Installment-Focused,3.355993161335237e-150,0.999999959528333,4.047166678292466e-08
C13401,0.0,High Risk,0.9951830536258118,0.0,0.004816946374188233
C13402,0.0,High Risk,0.9999998358211856,0.0,1.6417881443075354e-07
C13403,1.0,Installment-Focused,1.2244997357378732e-17,0.9999992006506202,7.993493795550852e-07
C13404,0.0,High Risk,0.9999986205267277,0.0,1.3794732724067595e-06
C13405,0.0,High Risk,0.999998898363047,0.0,1.1016369523227915e-06
C13406,1.0,Installment-Focused,2.8872843117329848e-126,0.999999597315057,4.026849432650425e-07
C13407,0.0,High Risk,0.9999501135647041,0.0,4.988643529515268e-05
C13408,2.0,Low Engagement,2.987748036609281e-81,0.0,1.0
C13409,1.0,Installment-Focused,8.274907068386042e-105,0.9999999471056015,5.2894398860356516e-08
C13410,0.0,High Risk,0.9999933114495813,0.0,6.688550417935917e-06
C13411,0.0,High Risk,0.9072322725038143,0.0,0.09276772749618564
C13412,1.0,Installment-Focused,1.033230510358417e-10,0.9999999651071697,3.478950722722334e-08
C13413,0.0,High Risk,0.9999059610495041,0.0,9.403895049601738e-05
C13414,1.0,Installment-Focused,0.0003083211331418611,0.9996916664233866,1.2443471958835126e-08
C13416,0.0,High Risk,0.9999997773043815,0.0,2.2269561813392437e-07
C13417,1.0,Installment-Focused,0.0007866996965391243,0.9992132937655614,6.537899601804179e-09
C13418,1.0,Installment-Focused,2.8125313276215817e-07,0.9999944924267814,5.226320085284326e-06
C13419,1.0,Installment-Focused,2.3269516566152554e-109,0.9999997837784494,2.1622155051294663e-07
C13420,1.0,Installment-Focused,0.0005566092764632417,0.99944336737355,2.3349986611524267e-08
C13421,1.0,Installment-Focused,0.039346796448815946,0.9606505468811507,2.6566700332279297e-06
C13422,1.0,Installment-Focused,0.000310976067724429,0.9996889842096747,3.972260092381366e-08
C13423,0.0,High Risk,0.9999996744414409,0.0,3.255585589999866e-07
C13424,0.0,High Risk,0.9999995720657245,0.0,4.2793427556861993e-07
C13425,1.0,Installment-Focused,0.0007345621172055047,0.9992654259854942,1.1897300584547434e-08
C13426,0.0,High Risk,0.9999999614000216,0.0,3.8599978471742607e-08
C13427,1.0,Installment-Focused,1.8590521756433173e-06,0.9999980860329056,5.49149185191411e-08
C13428,0.0,High Risk,0.9999998458383347,0.0,1.541616654120004e-07
C13429,0.0,High Risk,0.9999993456867546,0.0,6.543132457027915e-07
C13430,0.0,High Risk,0.9999977837287172,0.0,2.2162712826577605e-06
C13431,1.0,Installment-Focused,3.0570848457186954e-85,0.9999999515500372,4.8449962771216935e-08
C13432,0.0,High Risk,0.9999999476293033,0.0,5.237069645575465e-08
C13433,1.0,Installment-Focused,0.0003070155136257097,0.999692981158867,3.3275077225263597e-09
C13434,0.0,High Risk,0.9999999563892629,0.0,4.361073754863228e-08
C13435,0.0,High Risk,0.9999965372059915,0.0,3.4627940077735576e-06
C13436,0.0,High Risk,0.9999998627052223,0.0,1.3729477792290005e-07
C13437,1.0,Installment-Focused,0.0006698228336617333,0.9993299447955519,2.3237078680355088e-07
C13439,0.0,High Risk,0.9999962371094684,0.0,3.7628905317496636e-06
C13440,1.0,Installment-Focused,4.8606071865111044e-08,0.999998564084805,1.3873091232889054e-06
C13441,0.0,High Risk,0.9999998495697635,0.0,1.5043023600307832e-07
C13442,0.0,High Risk,0.9999999417889941,0.0,5.8211005517617595e-08
C13443,1.0,Installment-Focused,0.00047420073311595925,0.9995257637987706,3.5468113562062116e-08
C13444,0.0,High Risk,0.999999901891845,0.0,9.810815442902344e-08
C13445,2.0,Low Engagement,1.1759885557454269e-22,0.0,1.0
C13446,0.0,High Risk,0.9999922272545866,0.0,7.772745413700799e-06
C13447,0.0,High Risk,0.9999999431827725,0.0,5.6817227530783933e-08
C13448,0.0,High Risk,0.999998258715311,0.0,1.7412846886977484e-06
C13449,0.0,High Risk,0.999997783790934,0.0,2.2162090655584634e-06
C13450,0.0,High Risk,0.999997058701432,0.0,2.9412985673982915e-06
C13451,0.0,High Risk,0.9999999751528094,0.0,2.484719062407823e-08
C13452,0.0,High Risk,0.9999715741131819,0.0,2.8425886817424297e-05
C13453,0.0,High Risk,0.9999980763125553,2.1525565143258905e-38,1.923687445122831e-06
C13454,1.0,Installment-Focused,0.010853237759378392,0.9891467047566843,5.748393694577706e-08
C13455,0.0,High Risk,0.9999998140889841,0.0,1.8591101560897199e-07
C13456,0.0,High Risk,0.9999996685292912,0.0,3.314707082166383e-07
C13457,0.0,High Risk,0.9999994556232118,0.0,5.443767885228137e-07
C13458,2.0,Low Engagement,3.2727536249128547e-17,0.0,1.0
C13459,1.0,Installment-Focused,4.966501584483389e-07,0.9999994690324019,3.431744009818131e-08
C13460,0.0,High Risk,0.9999996246496495,0.0,3.753503505247079e-07
C13461,0.0,High Risk,0.9999997454967935,0.0,2.5450320639744506e-07
C13462,0.0,High Risk,0.9999997433558551,0.0,2.566441453105766e-07
C13463,0.0,High Risk,0.9999992095488472,0.0,7.904511525324482e-07
C13464,1.0,Installment-Focused,1.6065954012531886e-145,0.9999999537517115,4.6248288473982754e-08
C13465,1.0,Installment-Focused,0.0028474218191045556,0.9971525470709154,3.1109980319814116e-08
C13466,1.0,Installment-Focused,0.0013197859415999685,0.9986802044725658,9.585834397629667e-09
C13467,1.0,Installment-Focused,6.549198952533798e-11,0.9999996617430428,3.3819146528379924e-07
C13468,1.0,Installment-Focused,0.0009317063808942335,0.9990682774433846,1.6175720743684802e-08
C13469,0.0,High Risk,0.9999876575167004,0.0,1.23424832996435e-05
C13470,2.0,Low Engagement,1.996313487568116e-107,0.0,1.0
C13471,0.0,High Risk,0.9999992983950233,0.0,7.016049766543797e-07
C13472,1.0,Installment-Focused,3.0912352743408555e-34,0.9999997420964148,2.5790358500927954e-07
C13473,1.0,Installment-Focused,0.0024417903462028733,0.9975582052660716,4.387725283566016e-09
C13474,1.0,Installment-Focused,5.578831473722045e-136,0.9999999259179974,7.408200225423782e-08
C13475,0.0,High Risk,0.9999996283874866,0.0,3.716125131459338e-07
C13476,0.0,High Risk,0.9999998415146562,0.0,1.58485343745858e-07
C13478,1.0,Installment-Focused,0.029460304925227568,0.970539678267908,1.680686417027019e-08
C13479,0.0,High Risk,0.9998323947698833,9.566742795692877e-291,0.0001676052301158805
C13480,1.0,Installment-Focused,0.09029264807758837,0.9097068396638887,5.122585233455321e-07
C13481,2.0,Low Engagement,1.0418275911523509e-25,0.0,1.0
C13482,0.0,High Risk,0.9999998789045013,0.0,1.2109549896674456e-07
C13483,2.0,Low Engagement,0.008691474834333591,0.0,0.9913085251656681
C13484,1.0,Installment-Focused,0.0007395607837387333,0.9992604263348774,1.2881383823825653e-08
C13485,1.0,Installment-Focused,0.00015191992365132034,0.9998480670385578,1.3037790842949522e-08
C13486,1.0,Installment-Focused,1.7412194608264153e-11,0.5418062541589247,0.4581937458236626
C13487,0.0,High Risk,0.9999997638418451,0.0,2.3615815489424814e-07
C13488,1.0,Installment-Focused,0.0010569065059901045,0.9989430807488723,1.2745137789503055e-08
C13489,1.0,Installment-Focused,0.0015685141883519215,0.9984313944011911,9.141045741735968e-08
C13490,0.0,High Risk,0.9999997776785444,0.0,2.223214561852398e-07
C13491,1.0,Installment-Focused,7.70776532986541e-130,0.9999999358337751,6.416622506883342e-08
C13492,1.0,Installment-Focused,0.009226989242554492,0.990773008688465,2.0689804799916385e-09
C13493,1.0,Installment-Focused,0.0009660667323187616,0.9990339276560123,5.611668906875843e-09
C13494,0.0,High Risk,0.9999998752937855,0.0,1.2470621487405972e-07
C13495,0.0,High Risk,0.9999998915555329,0.0,1.0844446668235641e-07
C13496,1.0,Installment-Focused,4.7435479866716e-06,0.9999944586878337,7.977641800835644e-07
C13497,0.0,High Risk,0.9999996696502172,0.0,3.303497827454246e-07
C13498,0.0,High Risk,0.9999999138108501,0.0,8.618915016010304e-08
C13499,1.0,Installment-Focused,0.0009424952555248442,0.9990571657484976,3.3899597757969084e-07
C13500,1.0,Installment-Focused,0.0004509275601563119,0.9995489639135461,1.0852629777447912e-07
C13501,1.0,Installment-Focused,0.0004544975658156574,0.9995454692385978,3.319558633190601e-08
C13502,1.0,Installment-Focused,2.4064197857812623e-24,0.9999919920738577,8.007926141842358e-06
C13503,1.0,Installment-Focused,1.5960710994778963e-10,0.9999999005915182,9.924887514365435e-08
C13504,1.0,Installment-Focused,1.579310863953409e-05,0.9999841805036035,2.6387757007069816e-08
C13505,1.0,Installment-Focused,0.00014935005263903755,0.9998506193573923,3.058996879664463e-08
C13506,0.0,High Risk,0.9999999418566982,0.0,5.814330254350441e-08
C13507,1.0,Installment-Focused,1.3083125350275137e-14,0.9999998989817553,1.0101823137999353e-07
C13508,1.0,Installment-Focused,0.0001897517875608585,0.9998101553801791,9.283226008370149e-08
C13509,0.0,High Risk,0.9999963000762784,0.0,3.699923722438108e-06
C13510,0.0,High Risk,0.9999998051054616,0.0,1.9489453806832368e-07
C13511,0.0,High Risk,0.9999970063905907,0.0,2.993609408521109e-06
C13512,1.0,Installment-Focused,0.0001927793648547344,0.9998071997731096,2.0862035247208107e-08
C13513,0.0,High Risk,0.9999916268157854,0.0,8.373184214340868e-06
C13514,1.0,Installment-Focused,1.7756770010288093e-07,0.9999997685976904,5.3834609931783e-08
C13515,1.0,Installment-Focused,0.003946363200173555,0.9960513267998746,2.309999952283828e-06
C13516,1.0,Installment-Focused,1.652597952482502e-159,0.9999998810582049,1.189417950082067e-07
C13517,0.0,High Risk,0.999999926631939,0.0,7.336806145140602e-08
C13518,1.0,Installment-Focused,4.680132122001558e-115,0.9999999255412934,7.445870677525194e-08
C13519,0.0,High Risk,0.9999999471422868,0.0,5.285771336983204e-08
C13520,1.0,Installment-Focused,9.732171206184009e-100,0.9999999078540005,9.214599921686605e-08
C13521,0.0,High Risk,0.9997143224952358,0.0,0.00028567750476391884
C13522,1.0,Installment-Focused,4.435470624885963e-160,0.9999996516785112,3.483214885505624e-07
C13523,0.0,High Risk,0.999999969697416,0.0,3.0302583697354754e-08
C13524,1.0,Installment-Focused,0.000438343741213956,0.9995581067152071,3.549543578865717e-06
C13525,0.0,High Risk,0.5781176919960247,0.0,0.42188230800397575
C13526,1.0,Installment-Focused,1.444582325188254e-09,0.9999962974230789,3.7011323382842793e-06
C13527,0.0,High Risk,0.9929314554479703,0.0,0.0070685445520303385
C13528,0.0,High Risk,0.9999999201423734,0.0,7.985762686213053e-08
C13529,0.0,High Risk,0.999999904298127,0.0,9.570187311015515e-08
C13530,1.0,Installment-Focused,3.6916477973481248e-115,0.9999999456675047,5.4332495124566924e-08
C13531,1.0,Installment-Focused,3.181931431656041e-102,0.999999939328971,6.067102891916345e-08
C13532,1.0,Installment-Focused,0.0003686890927548451,0.9996313009910456,9.916199597805726e-09
C13533,2.0,Low Engagement,1.058851558913139e-13,8.723612810993918e-11,0.9999999999126565
C13534,0.0,High Risk,0.9999954140786411,0.0,4.58592135960707e-06
C13535,1.0,Installment-Focused,1.6209152165143628e-12,0.9999997414929928,2.585053864040703e-07
C13536,1.0,Installment-Focused,2.6653957614801424e-95,0.9999999356349324,6.436506779894665e-08
C13537,0.0,High Risk,0.99999996751512,0.0,3.248488039808398e-08
C13538,0.0,High Risk,0.9999989246244896,0.0,1.0753755102901113e-06
C13539,1.0,Installment-Focused,1.4412931789324772e-05,0.9999855584338485,2.8634361819813083e-08
C13540,0.0,High Risk,0.7357869475211054,0.0,0.26421305247889376
C13541,1.0,Installment-Focused,1.4702342150083794e-08,0.9999999278945849,5.7403073098757525e-08
C13542,0.0,High Risk,0.999999966984325,0.0,3.301567541266911e-08
C13543,1.0,Installment-Focused,4.096578520052419e-18,0.9999994767428283,5.232571718561495e-07
C13544,1.0,Installment-Focused,2.219055988107951e-37,0.9999995215771483,4.784228514270222e-07
C13545,0.0,High Risk,0.9999990699021568,0.0,9.300978437997779e-07
C13546,1.0,Installment-Focused,0.002031451647408499,0.9979685256092931,2.2743298431171156e-08
C13547,0.0,High Risk,0.9999998888245996,0.0,1.111754002590047e-07
C13548,0.0,High Risk,0.9386322377393871,0.0,0.0613677622606114
C13549,1.0,Installment-Focused,0.0009627190177899627,0.9990371813238123,9.965839727356585e-08
C13550,0.0,High Risk,0.9999999820934306,0.0,1.7906569476724864e-08
C13551,1.0,Installment-Focused,0.0007343295217710266,0.9992656171543401,5.332388889393052e-08
C13552,1.0,Installment-Focused,8.208682351119512e-23,0.9993764692006005,0.0006235307993998663
C13553,1.0,Installment-Focused,4.959564116386294e-100,0.9999998970995998,1.0290040062700351e-07
C13554,0.0,High Risk,0.9999996953268762,0.0,3.046731238008599e-07
C13555,0.0,High Risk,0.9999650884094075,0.0,3.4911590592702054e-05
C13556,2.0,Low Engagement,5.838461852483896e-21,0.0,1.0
C13557,1.0,Installment-Focused,5.8390973956943526e-05,0.9999416055871824,3.4388607222061897e-09
C13558,0.0,High Risk,0.9999999118093598,0.0,8.819063996772508e-08
C13559,0.0,High Risk,0.9999989967128032,0.0,1.0032871962453852e-06
C13560,1.0,Installment-Focused,1.9525290779500653e-155,0.999999969181832,3.081816837692148e-08
C13561,0.0,High Risk,0.9999661885761898,2.361119139236806e-186,3.381142381104956e-05
C13562,1.0,Installment-Focused,7.916532717704323e-139,0.9999999591487905,4.0851209655183045e-08
C13563,1.0,Installment-Focused,9.186460398530012e-09,0.999999507481641,4.833318984459803e-07
C13564,1.0,Installment-Focused,0.0001547178643420479,0.9998452678246663,1.4310991942446183e-08
C13565,0.0,High Risk,0.9999999705947853,0.0,2.940521446583333e-08
C13566,2.0,Low Engagement,3.0822793047285027e-14,0.0,0.9999999999999716
C13567,0.0,High Risk,0.9999975207133293,0.0,2.4792866698162043e-06
C13568,1.0,Installment-Focused,7.554634983752265e-131,0.9999999129843637,8.70156366691115e-08
C13569,0.0,High Risk,0.9959671932751514,0.0,0.004032806724848601
C13570,0.0,High Risk,0.9999999401694524,0.0,5.983054745010837e-08
C13571,0.0,High Risk,0.9999999559340732,0.0,4.406592604967782e-08
C13572,0.0,High Risk,0.9999985755797243,0.0,1.42442027553085e-06
C13573,2.0,Low Engagement,9.133299784285066e-73,0.0,1.0
C13574,0.0,High Risk,0.9999999460888868,0.0,5.391111325514603e-08
C13575,0.0,High Risk,0.9999986851767784,0.0,1.314823221362057e-06
C13576,1.0,Installment-Focused,0.00027404467859966684,0.9997259462650774,9.056323352006053e-09
C13577,1.0,Installment-Focused,5.174165426572402e-38,0.9996753262572178,0.00032467374278275505
C13578,0.0,High Risk,0.999999782805054,0.0,2.1719494532381788e-07
C13579,0.0,High Risk,0.9999994114818032,0.0,5.885181965074477e-07
C13580,0.0,High Risk,0.9999997942014466,0.0,2.057985537001794e-07
C13581,0.0,High Risk,0.9999999074295997,0.0,9.257040013344245e-08
C13582,1.0,Installment-Focused,0.0003472229534730859,0.9996527657869181,1.1259608814017266e-08
C13583,1.0,Installment-Focused,0.000907763337403811,0.9990918990590011,3.376035948486536e-07
C13584,1.0,Installment-Focused,0.00016735641930373603,0.9998326033215338,4.0259162145189106e-08
C13585,2.0,Low Engagement,4.4420889374311184e-133,0.0,1.0
C13586,1.0,Installment-Focused,0.0002892561584477043,0.9997107376665332,6.175018681414878e-09
C13587,0.0,High Risk,0.9999998397946936,0.0,1.6020530627211004e-07
C13588,1.0,Installment-Focused,0.00019915920119685087,0.9998008372868429,3.5119603502054618e-09
C13589,1.0,Installment-Focused,0.022964365352186107,0.9770353445068721,2.901409415551223e-07
C13591,2.0,Low Engagement,0.09466826817375897,1.18620302994802e-270,0.9053317318262425
C13592,0.0,High Risk,0.9999996552750855,0.0,3.4472491411313085e-07
C13593,1.0,Installment-Focused,0.007891599491773663,0.9921083212544296,7.925379695937272e-08
C13594,0.0,High Risk,0.9999999281275532,0.0,7.187244646775687e-08
C13596,0.0,High Risk,0.9999998490699243,0.0,1.509300759267148e-07
C13597,1.0,Installment-Focused,0.00378505641654513,0.9962149103185198,3.326493549745906e-08
C13598,0.0,High Risk,0.9999941467132338,0.0,5.853286764393095e-06
C13599,0.0,High Risk,0.9999993683935294,0.0,6.316064703467906e-07
C13600,0.0,High Risk,0.999999967598392,0.0,3.240160790082778e-08
C13601,0.0,High Risk,0.9999996505652289,0.0,3.49434770768986e-07
C13602,1.0,Installment-Focused,1.2436387269991339e-09,0.9999999864774658,1.2278895189482767e-08
C13603,1.0,Installment-Focused,0.0012202142082460275,0.9987797787385967,7.053157029318044e-09
C13604,0.0,High Risk,0.9999987001802603,0.0,1.2998197393596482e-06
C13605,1.0,Installment-Focused,1.5881846815385556e-138,0.9999998803071232,1.1969287706940995e-07
C13606,0.0,High Risk,0.9891435735122333,0.0,0.010856426487765884
C13607,0.0,High Risk,0.999999894277263,0.0,1.057227370322789e-07
C13608,1.0,Installment-Focused,0.0007515378586748475,0.9992484532971561,8.84416921339439e-09
C13610,1.0,Installment-Focused,0.0002657287918088591,0.9997342657503189,5.4578726960334886e-09
C13611,1.0,Installment-Focused,4.114076880157829e-05,0.9999582415194368,6.177117619467734e-07
C13612,1.0,Installment-Focused,0.0001410119210746176,0.999858984664389,3.4145364435445243e-09
C13613,1.0,Installment-Focused,1.0623367538829902e-123,0.9999999518124378,4.8187562302059434e-08
C13614,0.0,High Risk,0.9999997615712619,0.0,2.384287376512252e-07
C13615,2.0,Low Engagement,0.13691302190604024,0.0,0.8630869780939591
C13616,0.0,High Risk,0.9999976153834754,0.0,2.384616525035505e-06
C13617,0.0,High Risk,0.9999999296260167,0.0,7.037398297053858e-08
C13618,1.0,Installment-Focused,3.418790203458875e-120,0.9999999392968145,6.070318575421232e-08
C13619,0.0,High Risk,0.9999991656417312,0.0,8.343582689357348e-07
C13620,1.0,Installment-Focused,2.2900762111362317e-10,0.999978754183673,2.1245587318959868e-05
C13621,1.0,Installment-Focused,3.014641102338346e-128,0.9999998890904703,1.1090952898887975e-07
C13622,1.0,Installment-Focused,2.125388252584579e-05,0.9999787190601555,2.705731858625719e-08
C13623,0.0,High Risk,0.9999997732864142,0.0,2.2671358658120453e-07
C13624,1.0,Installment-Focused,4.9200463576776605e-106,0.9999992995633289,7.004366712085028e-07
C13625,1.0,Installment-Focused,2.868367573202083e-161,0.9999999430358305,5.696416996877342e-08
C13626,0.0,High Risk,0.9999994752533503,0.0,5.247466493880085e-07
C13627,1.0,Installment-Focused,0.00020504060284832145,0.9997949545401136,4.857037875647248e-09
C13628,0.0,High Risk,0.9999998928132556,0.0,1.0718674439599466e-07
C13629,0.0,High Risk,0.9999992256342264,0.0,7.743657729936011e-07
C13630,2.0,Low Engagement,7.695113357528744e-88,0.0,1.0
C13631,1.0,Installment-Focused,0.0006049189471645972,0.999395075082615,5.970220465524093e-09
C13632,0.0,High Risk,0.9999997770032429,0.0,2.2299675698617056e-07
C13633,2.0,Low Engagement,0.41821984727034167,0.0,0.5817801527296588
C13634,0.0,High Risk,0.9855616022158269,0.0,0.01443839778417346
C13635,0.0,High Risk,0.990340124532632,0.0,0.009659875467368871
C13636,0.0,High Risk,0.9999994534532785,0.0,5.465467218438762e-07
C13637,1.0,Installment-Focused,0.0001951506688825996,0.9998048454891643,3.8419529871768125e-09
C13638,1.0,Installment-Focused,7.198598141093131e-115,0.999999953330063,4.666993698801626e-08
C13639,0.0,High Risk,0.9999998474888568,0.0,1.5251114304480674e-07
C13640,1.0,Installment-Focused,1.8667744389670622e-08,0.9999999472235604,3.4108695450929606e-08
C13641,1.0,Installment-Focused,0.00010999130715698149,0.999889909141381,9.955146196548082e-08
C13642,1.0,Installment-Focused,0.12228516930487232,0.877713787988953,1.0427061738125134e-06
C13643,0.0,High Risk,0.9999782596697223,0.0,2.174033027701508e-05
C13644,1.0,Installment-Focused,4.7826731255318314e-06,0.999994575574084,6.417527910941515e-07
C13645,0.0,High Risk,0.9999996211105565,0.0,3.7888944403088184e-07
C13646,0.0,High Risk,0.9999669428173363,0.0,3.3057182664126824e-05
C13647,0.0,High Risk,0.9999998687635736,0.0,1.312364268360032e-07
C13648,0.0,High Risk,0.9999999758548966,0.0,2.4145103490962172e-08
C13649,0.0,High Risk,0.9999999666092597,0.0,3.33907405732372e-08
C13650,1.0,Installment-Focused,6.12375440333519e-19,0.9999999104349118,8.956508790697904e-08
C13651,1.0,Installment-Focused,0.0019476849672683504,0.9980523121742875,2.8584439715326544e-09
C13652,0.0,High Risk,0.9999996279597009,0.0,3.720402999476637e-07
C13653,1.0,Installment-Focused,0.00016120994089178104,0.9998387868922896,3.1668190718180977e-09
C13654,0.0,High Risk,0.9999974498397224,0.0,2.5501602782616424e-06
C13655,0.0,High Risk,0.9999999546846087,0.0,4.531539124075966e-08
C13656,0.0,High Risk,0.9999999864768281,0.0,1.3523171568666898e-08
C13657,1.0,Installment-Focused,2.966353209487788e-08,0.9999998940882241,7.624824354534304e-08
C13658,0.0,High Risk,0.9999966602379883,0.0,3.3397620117790515e-06
C13659,1.0,Installment-Focused,0.0011945022674010927,0.998805253476577,2.442560224273146e-07
C13660,0.0,High Risk,0.9999997385415917,0.0,2.6145840774245525e-07
C13661,0.0,High Risk,0.9999974850985294,0.0,2.51490146982614e-06
C13662,0.0,High Risk,0.9999997181899836,0.0,2.8181001634919644e-07
C13663,2.0,Low Engagement,1.6980002888500737e-78,0.0,1.0
C13664,1.0,Installment-Focused,0.00024443175443836554,0.9997555218516093,4.639395267255277e-08
C13665,0.0,High Risk,0.9999998270151352,0.0,1.7298486517891151e-07
C13666,0.0,High Risk,0.9999971592850113,0.0,2.840714988808497e-06
C13668,0.0,High Risk,0.9999901390341063,0.0,9.86096589402299e-06
C13669,1.0,Installment-Focused,3.7025041258493094e-05,0.9999629633441115,1.1614630209764352e-08
C13670,0.0,High Risk,0.9999998882849495,0.0,1.1171505123690309e-07
C13671,0.0,High Risk,0.9999998561564981,0.0,1.4384350145455522e-07
C13672,0.0,High Risk,0.9999999594944019,0.0,4.05055980023845e-08
C13673,0.0,High Risk,0.999999982153467,0.0,1.7846533336551453e-08
C13674,1.0,Installment-Focused,2.927671745737514e-05,0.9999707070248319,1.6257710897396784e-08
C13675,0.0,High Risk,0.9999993538938696,0.0,6.461061303515118e-07
C13676,0.0,High Risk,0.9999994803680377,0.0,5.196319627756297e-07
C13677,1.0,Installment-Focused,6.088691440070014e-05,0.9999391089541139,4.1314857182899916e-09
C13678,0.0,High Risk,0.988923373727452,0.0,0.011076626272547721
C13679,0.0,High Risk,0.9999971215561152,0.0,2.878443885527112e-06
C13680,1.0,Installment-Focused,8.79951003294599e-17,0.9999997494121299,2.505878696473587e-07
C13681,1.0,Installment-Focused,2.0644829841623025e-27,0.9999988741365883,1.125863412165571e-06
C13682,1.0,Installment-Focused,0.002185768872134072,0.9978140795631518,1.5156471392681939e-07
C13683,1.0,Installment-Focused,4.999493709432337e-16,0.9999999554643174,4.453568245818547e-08
C13684,2.0,Low Engagement,4.764638352546608e-26,0.0,1.0
C13685,0.0,High Risk,0.9999998759834506,0.0,1.24016549581374e-07
C13686,1.0,Installment-Focused,3.168900117277173e-08,0.9999999412838658,2.702713294829186e-08
C13687,0.0,High Risk,0.9999998328946675,0.0,1.6710533257340517e-07
C13688,1.0,Installment-Focused,4.005833138816184e-91,0.999999913986903,8.60130965690899e-08
C13689,2.0,Low Engagement,2.36171053357011e-07,0.0,0.9999997638289452
C13690,1.0,Installment-Focused,0.0033255961330338744,0.996674391442862,1.2424104219441909e-08
C13691,1.0,Installment-Focused,1.0268442072630097e-51,0.782804399128699,0.21719560087130144
C13692,0.0,High Risk,0.9999986428053669,0.0,1.3571946327456561e-06
C13693,0.0,High Risk,0.9999999428494889,0.0,5.715051146767769e-08
C13694,0.0,High Risk,0.9999976219990424,0.0,2.3780009577519496e-06
C13695,0.0,High Risk,0.9999966177758067,0.0,3.3822241930496213e-06
C13696,1.0,Installment-Focused,3.2653842993137535e-128,0.9999999511664014,4.883359879757081e-08
C13697,2.0,Low Engagement,5.769070689277922e-13,0.0,0.9999999999994245
C13698,0.0,High Risk,0.9999992873570526,0.0,7.126429473066138e-07
C13699,0.0,High Risk,0.9999130436857396,0.0,8.695631426040996e-05
C13701,0.0,High Risk,0.9998930309466336,0.0,0.00010696905336547567
C13702,1.0,Installment-Focused,1.921632815307896e-47,0.9999997240521842,2.7594781613575894e-07
C13703,0.0,High Risk,0.9870836248414928,1.4243329085824454e-262,0.012916375158507727
C13704,1.0,Installment-Focused,1.8935909036174452e-16,0.9998070925640318,0.0001929074359683851
C13705,1.0,Installment-Focused,2.0300909007588816e-106,0.9999996187708832,3.812291169310002e-07
C13706,0.0,High Risk,0.9998206036828733,0.0,0.00017939631712594864
C13707,0.0,High Risk,0.9999999720799724,0.0,2.7920027798786265e-08
C13708,0.0,High Risk,0.9999999237660051,0.0,7.623399492415601e-08
C13709,0.0,High Risk,0.9999993047496486,0.0,6.952503522356817e-07
C13710,1.0,Installment-Focused,1.9707929619151816e-115,0.9999992884200326,7.115799673987451e-07
C13711,1.0,Installment-Focused,0.0001429021849160483,0.9998570953584167,2.456666892892678e-09
C13712,0.0,High Risk,0.9970007220447551,0.0,0.0029992779552449234
C13713,1.0,Installment-Focused,4.960066518661552e-09,0.9999999110613849,8.39785487709656e-08
C13714,1.0,Installment-Focused,0.0002785682079997038,0.9997214046907641,2.7101235995376568e-08
C13715,1.0,Installment-Focused,2.7839883056128897e-15,0.9999937983885437,6.20161145319453e-06
C13717,0.0,High Risk,0.999999743841185,0.0,2.561588155101917e-07
C13718,1.0,Installment-Focused,0.0008302230398661805,0.9991694213680908,3.5559204277319234e-07
C13719,1.0,Installment-Focused,7.049871783689736e-16,0.9999996790460344,3.209539647293621e-07
C13720,0.0,High Risk,0.9999996491651946,0.0,3.5083480577455306e-07
C13721,2.0,Low Engagement,3.339510371517817e-11,3.38017510414823e-06,0.9999966197914995
C13722,1.0,Installment-Focused,3.106557639261113e-05,0.9999689229592961,1.146431155240934e-08
C13723,1.0,Installment-Focused,0.0003479397784216961,0.9996520274087685,3.2812810170067066e-08
C13724,2.0,Low Engagement,0.0002683584172523802,4.344236928615226e-247,0.9997316415827463
C13725,0.0,High Risk,0.9999993886899222,0.0,6.113100773958937e-07
C13726,0.0,High Risk,0.9999999498382554,0.0,5.016174478739706e-08
C13727,0.0,High Risk,0.9999973633109691,0.0,2.636689031707866e-06
C13728,2.0,Low Engagement,1.290344876471001e-144,0.0,1.0
C13729,1.0,Installment-Focused,3.5338187851484003e-31,0.9999998086819423,1.9131805805375405e-07
C13730,0.0,High Risk,0.9810987628589116,0.0,0.01890123714108884
C13731,0.0,High Risk,0.9999999285291324,0.0,7.147086751612303e-08
C13732,0.0,High Risk,0.9999999490235729,0.0,5.097642729746009e-08
C13733,1.0,Installment-Focused,9.992294017012752e-103,0.9999996972821453,3.027178544705134e-07
C13734,0.0,High Risk,0.9999262537357282,0.0,7.374626427211836e-05
C13735,1.0,Installment-Focused,9.199478472899378e-108,0.9999998441227081,1.5587729203172087e-07
C13736,1.0,Installment-Focused,1.8290085434362282e-124,0.9999929010827875,7.098917211690534e-06
C13737,0.0,High Risk,0.9999901366505396,0.0,9.863349460237998e-06
C13738,1.0,Installment-Focused,0.004096858285225244,0.995903099906169,4.180860606533597e-08
C13739,1.0,Installment-Focused,3.1862307904213162e-114,0.9999999369815591,6.301844136563911e-08
C13740,0.0,High Risk,0.9999975617485208,0.0,2.4382514791204344e-06
C13741,0.0,High Risk,0.9999996083057962,0.0,3.916942044083771e-07
C13742,0.0,High Risk,0.9999993183186501,0.0,6.816813497489655e-07
C13743,0.0,High Risk,0.5867371310041529,0.0,0.4132628689958455
C13744,0.0,High Risk,0.999999970561412,0.0,2.9438587819637106e-08
C13745,0.0,High Risk,0.9999446446913792,0.0,5.5355308621340365e-05
C13746,0.0,High Risk,0.9999989316666675,0.0,1.0683333318485115e-06
C13747,0.0,High Risk,0.999999893288788,0.0,1.0671121153346793e-07
C13748,0.0,High Risk,0.9999994724221934,0.0,5.275778062617115e-07
C13749,1.0,Installment-Focused,0.000758919869587934,0.9992410752825113,4.8479010088066715e-09
C13750,0.0,High Risk,0.9999980512290055,0.0,1.9487709944176007e-06
C13751,0.0,High Risk,0.9999951449182285,0.0,4.855081771431265e-06
C13752,0.0,High Risk,0.9999995141903096,0.0,4.858096909263123e-07
C13753,1.0,Installment-Focused,0.0001309022532049191,0.9998690812096227,1.6537172400849898e-08
C13754,2.0,Low Engagement,2.28901947870944e-08,0.0,0.9999999771098056
C13755,1.0,Installment-Focused,2.4107399362732643e-05,0.9999758834482892,9.152347445832162e-09
C13756,0.0,High Risk,0.9999943364739439,0.0,5.66352605526089e-06
C13757,0.0,High Risk,0.9999999864701357,0.0,1.3529864531959558e-08
C13758,1.0,Installment-Focused,0.0004447185066559955,0.9995552773150598,4.178284518442097e-09
C13759,0.0,High Risk,0.9999996501986573,0.0,3.498013427119944e-07
C13760,1.0,Installment-Focused,0.00023220213517357395,0.9997677928236014,5.041224976919387e-09
C13761,1.0,Installment-Focused,0.0002728318441828494,0.9997268683720124,2.9978380505277337e-07
C13762,1.0,Installment-Focused,1.553183910258728e-138,0.9999998651768112,1.3482318818260303e-07
C13763,1.0,Installment-Focused,3.8897192400267216e-141,0.9999999638030184,3.619698145838337e-08
C13764,0.0,High Risk,0.999999144843963,0.0,8.551560374411034e-07
C13765,1.0,Installment-Focused,6.71034667836031e-11,0.9997905219192523,0.00020947801364498619
C13767,1.0,Installment-Focused,0.00024019605850303803,0.9997597909922089,1.2949287825981485e-08
C13768,0.0,High Risk,0.9999973927117168,0.0,2.6072882832015553e-06
C13769,1.0,Installment-Focused,3.508499156977301e-99,0.999999676527718,3.234722819829725e-07
C13770,0.0,High Risk,0.9999999622537243,0.0,3.7746275211771436e-08
C13771,1.0,Installment-Focused,0.001549934781452013,0.9984500434593858,2.1759161876234932e-08
C13772,0.0,High Risk,0.999999516987962,0.0,4.830120382613677e-07
C13773,1.0,Installment-Focused,0.00020608016645221134,0.9997939125282709,7.305276904498424e-09
C13774,2.0,Low Engagement,4.758719274906704e-129,1.1449906035639775e-191,1.0
C13775,0.0,High Risk,0.9999973583902516,0.0,2.6416097492325884e-06
C13776,0.0,High Risk,0.9999998830638954,0.0,1.1693610502083736e-07
C13777,1.0,Installment-Focused,1.4508475678235128e-10,0.9999999209922641,7.886265112634788e-08
C13778,1.0,Installment-Focused,8.624856679391283e-05,0.9999134501981353,3.0123507041306877e-07
C13779,1.0,Installment-Focused,0.004895144674809067,0.995104851252778,4.072413270439692e-09
C13780,1.0,Installment-Focused,0.0006267263242093301,0.9993732261101317,4.756565868277624e-08
C13781,0.0,High Risk,0.999999051225515,0.0,9.487744852685924e-07
C13782,1.0,Installment-Focused,6.463445243191635e-06,0.9999932024782332,3.340765239164146e-07
C13783,0.0,High Risk,0.9999892285095064,0.0,1.0771490494177742e-05
C13784,1.0,Installment-Focused,0.0037825016385380087,0.9962172794061548,2.1895530682033004e-07
C13785,0.0,High Risk,0.9999995896640088,0.0,4.1033599107629863e-07
C13786,0.0,High Risk,0.9999881054536058,0.0,1.189454639337121e-05
C13787,2.0,Low Engagement,4.8586687819586936e-05,0.0,0.9999514133121821
C13788,0.0,High Risk,0.9998275504204978,1.114514517365549e-197,0.00017244957950173073
C13789,1.0,Installment-Focused,9.732736836064177e-06,0.9999900064724048,2.607907590180654e-07
C13790,0.0,High Risk,0.9999999840251724,0.0,1.5974827759167672e-08
C13791,0.0,High Risk,0.9999966857672482,0.0,3.314232751063431e-06
C13792,0.0,High Risk,0.9999917890233924,8.372491129908089e-180,8.21097660768256e-06
C13793,1.0,Installment-Focused,0.00021777668523663093,0.9997822208281463,2.4866173542241585e-09
C13794,0.0,High Risk,0.9997467279313927,0.0,0.0002532720686075853
C13795,1.0,Installment-Focused,0.0008666755019468529,0.9991333105271012,1.3970951272619744e-08
C13796,1.0,Installment-Focused,1.0242554732533415e-130,0.9999999320799683,6.792003203207902e-08
C13797,1.0,Installment-Focused,1.2792013509445984e-27,0.9999999403775894,5.962241064457149e-08
C13798,1.0,Installment-Focused,0.0004406449841088223,0.9995593498818302,5.134060862996031e-09
C13799,1.0,Installment-Focused,0.0003022892548343368,0.9996977009010692,9.844096059515332e-09
C13800,2.0,Low Engagement,1.9383977501642262e-07,0.0,0.9999998061602265
C13801,1.0,Installment-Focused,0.00011669308730675098,0.99988329094374,1.5968953602374347e-08
C13802,2.0,Low Engagement,5.881205015013008e-70,0.0,1.0
C13803,2.0,Low Engagement,1.7152455074483914e-07,0.008284858264070842,0.9917149702113787
C13804,0.0,High Risk,0.9999995589996815,0.0,4.4100031833242955e-07
C13805,2.0,Low Engagement,6.645281574775013e-06,0.0,0.9999933547184269
C13806,0.0,High Risk,0.999999769356239,0.0,2.306437614171485e-07
C13807,0.0,High Risk,0.9994002187143551,0.0,0.000599781285645083
C13809,1.0,Installment-Focused,6.137327129440886e-10,0.9999998639875537,1.353987138522467e-07
C13810,1.0,Installment-Focused,0.00016119962976081899,0.9998383656519159,4.3471832344280825e-07
C13811,0.0,High Risk,0.9999996676049074,0.0,3.3239509219784124e-07
C13812,1.0,Installment-Focused,0.00022619909108457557,0.9997737483260601,5.258285535255484e-08
C13813,1.0,Installment-Focused,0.002469467693445642,0.9975285751911646,1.9571153906556886e-06
C13814,0.0,High Risk,0.9999994983255057,0.0,5.016744935494835e-07
C13815,1.0,Installment-Focused,2.8226146055010483e-19,0.9999897392878117,1.0260712188536521e-05
C13816,0.0,High Risk,0.994488145971565,0.0,0.005511854028433293
C13817,0.0,High Risk,0.9999999620129258,0.0,3.798707451241465e-08
C13819,1.0,Installment-Focused,0.00021696725285226526,0.99978302399787,8.749277849038263e-09
C13820,1.0,Installment-Focused,1.0501624289575498e-88,0.9999999392080531,6.079194698897114e-08
C13821,1.0,Installment-Focused,0.002564852110730472,0.9974351420275944,5.86167534727103e-09
C13822,0.0,High Risk,0.9999998898236678,0.0,1.1017633223348909e-07
C13823,2.0,Low Engagement,1.224260240331885e-111,1.7148806601789583e-35,1.0
C13824,0.0,High Risk,0.9999985147618434,0.0,1.4852381568736496e-06
C13825,1.0,Installment-Focused,0.00033368498203071694,0.9996662883664008,2.6651569017158817e-08
C13826,0.0,High Risk,0.9999982965497716,0.0,1.7034502283688474e-06
C13827,0.0,High Risk,0.9999999561973248,0.0,4.380267547136086e-08
C13828,0.0,High Risk,0.9999998677293646,0.0,1.322706351027187e-07
C13829,0.0,High Risk,0.9999992611702881,0.0,7.38829711789371e-07
C13830,2.0,Low Engagement,0.3968212471141538,0.0,0.6031787528858463
C13831,1.0,Installment-Focused,4.591400676758091e-131,0.9999998977840717,1.0221592816219108e-07
C13832,1.0,Installment-Focused,8.309607204139691e-153,0.9999999671687979,3.2831201867246256e-08
C13833,1.0,Installment-Focused,1.187070817078949e-22,0.9999989574397173,1.04256028278235e-06
C13834,1.0,Installment-Focused,4.891436016821431e-15,0.986529859382142,0.013470140617854606
C13835,1.0,Installment-Focused,0.0004181099925451906,0.9995818712550447,1.8752410099132034e-08
C13836,1.0,Installment-Focused,4.634132411010202e-05,0.9999536443052915,1.4370598174308512e-08
C13837,0.0,High Risk,0.999999945571196,0.0,5.4428803742269316e-08
C13838,1.0,Installment-Focused,0.002147450464699209,0.9978524730124327,7.652286867009058e-08
C13839,2.0,Low Engagement,1.8935146713709795e-70,0.0,1.0
C13840,0.0,High Risk,0.9999997294236034,0.0,2.7057639676018627e-07
C13841,0.0,High Risk,0.9999998607217931,0.0,1.392782068650638e-07
C13842,0.0,High Risk,0.9999992174380175,0.0,7.825619832942449e-07
C13843,0.0,High Risk,0.9999933078691644,0.0,6.692130836363698e-06
C13844,1.0,Installment-Focused,1.6880836165609795e-116,0.9999991891306533,8.108693458979016e-07
C13845,0.0,High Risk,0.9999994552035406,2.1309615e-317,5.447964601242497e-07
C13846,1.0,Installment-Focused,0.0007416151873494369,0.9992581017498013,2.8306284949482585e-07
C13847,0.0,High Risk,0.9996556648290795,0.0,0.00034433517092099993
C13848,1.0,Installment-Focused,0.00021614412556143886,0.9997838264343725,2.9440066285763776e-08
C13849,1.0,Installment-Focused,6.079687615437275e-110,0.9999999576723804,4.2327619675385494e-08
C13850,0.0,High Risk,0.9999999259037945,0.0,7.4096206339227e-08
C13851,1.0,Installment-Focused,3.3278443711224095e-105,0.9999999425438214,5.745617887798862e-08
C13852,1.0,Installment-Focused,0.0001812598907791423,0.9998187054828457,3.4626375395809323e-08
C13853,1.0,Installment-Focused,1.51674053795289e-32,0.9789091864634669,0.021090813536534414
C13855,2.0,Low Engagement,8.183495054590614e-29,7.338538210576822e-95,1.0
C13856,0.0,High Risk,0.9999998277942435,0.0,1.7220575649276297e-07
C13857,1.0,Installment-Focused,0.0007269167222938823,0.9992730657242587,1.7553447454475464e-08
C13858,0.0,High Risk,0.9999120316311996,0.0,8.796836879973397e-05
C13859,0.0,High Risk,0.9999983400720788,0.0,1.6599279213387295e-06
C13860,0.0,High Risk,0.9999999063110065,0.0,9.368899333476395e-08
C13861,0.0,High Risk,0.9999963170264561,0.0,3.6829735430592627e-06
C13862,0.0,High Risk,0.9999935439595512,0.0,6.45604044898469e-06
C13863,1.0,Installment-Focused,0.0008003276621260236,0.9991996457657486,2.657212577356895e-08
C13864,1.0,Installment-Focused,0.00031898642221667395,0.9996810027574771,1.082030637196479e-08
C13865,0.0,High Risk,0.9999999405200786,0.0,5.9479921158895697e-08
C13866,0.0,High Risk,0.9998742106835021,0.0,0.00012578931649834997
C13867,0.0,High Risk,0.9999693460732254,0.0,3.065392677508939e-05
C13868,1.0,Installment-Focused,1.973281085624074e-114,0.9999999242832527,7.571674765073957e-08
C13869,0.0,High Risk,0.999999932518907,0.0,6.748109319427393e-08
C13870,1.0,Installment-Focused,2.587996659757784e-144,0.9999999433875757,5.6612424598635943e-08
C13871,0.0,High Risk,0.9999985856432173,0.0,1.4143567822312301e-06
C13872,0.0,High Risk,0.7124189150060496,0.0,0.2875810849939489
C13873,0.0,High Risk,0.99999997427853,0.0,2.572146994240614e-08
C13874,0.0,High Risk,0.9999995364587138,0.0,4.635412861176726e-07
C13875,2.0,Low Engagement,4.374294373741084e-15,2.780245579042853e-10,0.9999999997219717
C13876,2.0,Low Engagement,1.1410834850755961e-05,0.0,0.9999885891651493
C13877,0.0,High Risk,0.999998706095163,1.972755313789177e-301,1.2939048371087862e-06
C13878,0.0,High Risk,0.9999999440364336,0.0,5.5963566147830554e-08
C13879,0.0,High Risk,0.9998212653776434,0.0,0.00017873462235671082
C13881,1.0,Installment-Focused,3.6908835405676486e-06,0.9999962592173907,4.989906876441506e-08
C13882,1.0,Installment-Focused,0.00241748262142909,0.9975824992274676,1.815110309688851e-08
C13883,0.0,High Risk,0.9999998992399861,0.0,1.0076001360681304e-07
C13884,0.0,High Risk,0.9999999461919536,0.0,5.3808045760445235e-08
C13885,0.0,High Risk,0.9986182389268731,5.5187636938366654e-40,0.0013817610731272436
C13886,1.0,Installment-Focused,1.8590119022751987e-07,0.9999996789625252,1.3513628441766999e-07
C13887,1.0,Installment-Focused,0.0034711725204578264,0.9965287276969543,9.978258751215022e-08
C13888,0.0,High Risk,0.9999998805411368,0.0,1.1945886286935013e-07
C13889,0.0,High Risk,0.9999959534603349,0.0,4.046539664541799e-06
C13890,2.0,Low Engagement,3.282337505730628e-14,2.7618134266289595e-08,0.999999972381833
C13891,1.0,Installment-Focused,2.646539713483504e-91,0.999999977631614,2.2368386109804255e-08
C13892,0.0,High Risk,0.9999979211179387,0.0,2.078882062080642e-06
C13893,0.0,High Risk,0.9999993230437383,0.0,6.769562619932094e-07
C13894,0.0,High Risk,0.9069213266315496,1.231741429082067e-43,0.09307867336844954
C13895,2.0,Low Engagement,1.0301101010258908e-25,7.054678584805202e-17,1.0
C13896,1.0,Installment-Focused,7.814684465541207e-05,0.999921851045038,2.1103070581219845e-09
C13897,1.0,Installment-Focused,0.0005666291630386811,0.9994333648984074,5.938554136371916e-09
C13898,0.0,High Risk,0.9999432054439785,0.0,5.6794556021154356e-05
C13899,1.0,Installment-Focused,4.1758171569481985e-05,0.9999582357005373,6.127892900661224e-09
C13900,0.0,High Risk,0.9999730445093141,0.0,2.695549068658165e-05
C13901,1.0,Installment-Focused,0.00044106745234361386,0.9995471468669218,1.1785680733909635e-05
C13902,1.0,Installment-Focused,7.454109879313828e-13,0.999999932006539,6.799271522954802e-08
C13903,1.0,Installment-Focused,0.00010239322072914711,0.9998873488608103,1.0257918460521108e-05
C13904,0.0,High Risk,0.9999995201800044,0.0,4.798199953774301e-07
C13905,1.0,Installment-Focused,0.001343792452282718,0.9986535314417295,2.6761059870447893e-06
C13906,1.0,Installment-Focused,4.436462664427275e-19,0.99999963929817,3.6070182998001914e-07
C13907,2.0,Low Engagement,2.331387065571369e-15,0.0,0.9999999999999964
C13908,0.0,High Risk,0.99999998793343,0.0,1.2066569376157245e-08
C13909,1.0,Installment-Focused,8.146679698496643e-06,0.9973418693717441,0.0026499839485580323
C13910,0.0,High Risk,0.9999997787097371,0.0,2.212902626336545e-07
C13911,1.0,Installment-Focused,7.063714294143066e-08,0.9999998746096085,5.475324848271019e-08
C13912,0.0,High Risk,0.9999997113049649,0.0,2.886950356203282e-07
C13913,1.0,Installment-Focused,9.554342658424605e-13,0.9999994835983604,5.16400683492554e-07
C13914,0.0,High Risk,0.9999992062339362,0.0,7.937660629807262e-07
C13915,1.0,Installment-Focused,0.00039012063598917353,0.9996098377531164,4.161089445867748e-08
C13916,2.0,Low Engagement,1.4595731468070693e-26,3.4642194404104854e-25,1.0
C13917,1.0,Installment-Focused,3.9946012854184015e-127,0.9999997783871649,2.2161283462572353e-07
C13918,0.0,High Risk,0.9996283478956237,0.0,0.0003716521043757166
C13919,0.0,High Risk,0.999993258574634,0.0,6.741425366343958e-06
C13920,0.0,High Risk,0.999999463003315,0.0,5.369966851773221e-07
C13921,0.0,High Risk,0.9999991812891705,0.0,8.187108293566192e-07
C13922,0.0,High Risk,0.9999997829458125,0.0,2.170541874660842e-07
C13923,1.0,Installment-Focused,6.83166640868621e-14,0.9999995695821788,4.304177524358344e-07
C13924,1.0,Installment-Focused,0.0024644834108084115,0.9975354955757204,2.1013471371885113e-08
C13925,0.0,High Risk,0.9999997331366927,0.0,2.668633073709709e-07
C13926,0.0,High Risk,0.9999998465633066,0.0,1.534366930018222e-07
C13927,1.0,Installment-Focused,0.0008875787100341138,0.9991124180539752,3.235990610913142e-09
C13928,1.0,Installment-Focused,2.7158712686705974e-16,0.9999998044270018,1.955729979433405e-07
C13929,0.0,High Risk,0.9999991807333978,0.0,8.192666023690641e-07
C13930,0.0,High Risk,0.9999999266195037,0.0,7.338049615721518e-08
C13931,1.0,Installment-Focused,2.2243159659535466e-12,0.9999998618794519,1.3811832420921698e-07
C13932,1.0,Installment-Focused,2.9771475827188506e-20,0.9999995176006422,4.823993578049553e-07
C13933,0.0,High Risk,0.9999983413507703,0.0,1.6586492297282949e-06
C13934,0.0,High Risk,0.9999999477307466,0.0,5.2269253423101865e-08
C13935,2.0,Low Engagement,4.780870018875668e-25,3.042968591484001e-32,1.0
C13936,0.0,High Risk,0.999998620402756,0.0,1.3795972437598738e-06
C13937,0.0,High Risk,0.9999998333114736,0.0,1.666885255729616e-07
C13938,1.0,Installment-Focused,4.386843656220998e-07,0.9999994600811154,1.0123451886592026e-07
C13939,0.0,High Risk,0.9999996777221498,0.0,3.222778499940302e-07
C13940,1.0,Installment-Focused,1.2578776106501579e-23,0.9999996550044656,3.4499553477629286e-07
C13941,1.0,Installment-Focused,2.6321582902322273e-06,0.9999973300339154,3.780779427932231e-08
C13942,0.0,High Risk,0.9999997591049482,0.0,2.4089505170815087e-07
C13943,0.0,High Risk,0.9999818665106547,0.0,1.8133489345466624e-05
C13944,1.0,Installment-Focused,2.0905477039373306e-100,0.9999999804619002,1.9538099529561264e-08
C13945,0.0,High Risk,0.999893952146319,0.0,0.00010604785368152728
C13946,1.0,Installment-Focused,1.4795812940729797e-136,0.9999999549445465,4.5055453801556705e-08
C13947,0.0,High Risk,0.9999995881094317,0.0,4.1189056832037773e-07
C13948,0.0,High Risk,0.9999999782782256,0.0,2.172177465864817e-08
C13949,1.0,Installment-Focused,6.57683835573483e-07,0.9999892721111729,1.007020499198674e-05
C13950,1.0,Installment-Focused,0.00020279260759818504,0.9997972025236885,4.868713074146697e-09
C13951,1.0,Installment-Focused,0.0004906540532521695,0.9995093322608961,1.3685851977830752e-08
C13952,2.0,Low Engagement,1.5084886277844392e-23,7.665300676168921e-16,1.0
C13953,0.0,High Risk,0.999996577720782,0.0,3.4222792186734954e-06
C13954,1.0,Installment-Focused,6.005403865455241e-24,0.9945806001595121,0.005419399840489285
C13955,1.0,Installment-Focused,1.0810452571220519e-07,0.999999834557958,5.7337516547202235e-08
C13956,0.0,High Risk,0.9999994454557931,0.0,5.545442076306271e-07
C13957,1.0,Installment-Focused,0.0011913259841290057,0.9988086685501136,5.4657575410687345e-09
C13958,0.0,High Risk,0.9999981856544383,0.0,1.8143455615842712e-06
C13959,1.0,Installment-Focused,3.176813902539201e-08,0.9999995921020549,3.7612980558628116e-07
C13960,2.0,Low Engagement,4.315202004619317e-56,5.947321156995726e-09,0.9999999940526791
C13961,1.0,Installment-Focused,5.3332061913490275e-05,0.9999466282893164,3.964876992603202e-08
C13962,1.0,Installment-Focused,9.191070560279248e-07,0.9999989539410024,1.269519417675717e-07
C13964,0.0,High Risk,0.9999975847163736,0.0,2.415283625869204e-06
C13965,1.0,Installment-Focused,1.4818723664715423e-102,0.999999825968727,1.7403127256473795e-07
C13966,1.0,Installment-Focused,7.710444848183875e-111,0.9999999256699655,7.43300347241529e-08
C13967,0.0,High Risk,0.9999999380843524,0.0,6.191564746942224e-08
C13968,0.0,High Risk,0.9999990040834973,0.0,9.959165035600731e-07
C13969,0.0,High Risk,0.9999986624902563,0.0,1.3375097436933335e-06
C13970,1.0,Installment-Focused,3.8577116668930114e-28,0.9999926853264101,7.314673590451625e-06
C13971,0.0,High Risk,0.9999994125868066,0.0,5.874131927854764e-07
C13972,2.0,Low Engagement,0.0006148195383705198,7.205616599870903e-36,0.9993851804616307
C13973,1.0,Installment-Focused,1.0812328501201719e-105,0.9999999413802082,5.861979186972666e-08
C13974,1.0,Installment-Focused,1.9802196988586914e-20,0.9999992523572608,7.476427389798855e-07
C13975,1.0,Installment-Focused,4.4352571306495863e-05,0.9983245958731086,0.001631051555585049
C13977,0.0,High Risk,0.9999999364469903,0.0,6.355300997854087e-08
C13978,1.0,Installment-Focused,0.0003157662718010905,0.999684211771677,2.1956521875522496e-08
C13979,1.0,Installment-Focused,0.00378681696748704,0.9962131811380179,1.8944948874646954e-09
C13980,1.0,Installment-Focused,8.515034376412017e-19,0.9999999636124233,3.63875768726782e-08
C13981,0.0,High Risk,0.99999995999078,0.0,4.0009219937592275e-08
C13982,1.0,Installment-Focused,2.8534519987590877e-13,0.999999597047092,4.0295262247878524e-07
C13983,2.0,Low Engagement,9.963951351830348e-15,3.1693606292749473e-10,0.9999999996830553
C13984,0.0,High Risk,0.9999992722006914,0.0,7.277993079836684e-07
C13985,0.0,High Risk,0.9999994886588823,0.0,5.113411179884927e-07
C13986,0.0,High Risk,0.9999999585434667,0.0,4.145653344365889e-08
C13987,1.0,Installment-Focused,0.0020494685740029234,0.9979504140844906,1.1734150639560767e-07
C13988,1.0,Installment-Focused,1.3807787932516886e-116,0.9999999787704008,2.1229598772073863e-08
C13989,1.0,Installment-Focused,2.2081740950472643e-27,0.9999979353417527,2.064658247821899e-06
C13990,0.0,High Risk,0.9999999072397266,0.0,9.276027369820332e-08
C13991,1.0,Installment-Focused,0.011019847298127902,0.9889800748215142,7.788035818379472e-08
C13992,0.0,High Risk,0.9999990784307854,0.0,9.215692143277159e-07
C13993,1.0,Installment-Focused,0.0001647421198508563,0.9998352340620762,2.381807264044061e-08
C13994,0.0,High Risk,0.9999923584004718,0.0,7.641599528465254e-06
C13995,1.0,Installment-Focused,0.001028996911756008,0.9989708761790944,1.269091492202782e-07
C13996,0.0,High Risk,0.9999997310375306,0.0,2.689624693619913e-07
C13997,1.0,Installment-Focused,1.9005810405430194e-09,0.9999999579460468,4.015337227584471e-08
C13998,1.0,Installment-Focused,0.0005515143758684647,0.9994484739396431,1.1684488653733308e-08
C13999,0.0,High Risk,0.9999990022066734,0.0,9.977933268055715e-07
C14000,0.0,High Risk,0.9999451036917673,0.0,5.489630823197953e-05
C14001,0.0,High Risk,0.9999997594794211,0.0,2.405205786373403e-07
C14002,1.0,Installment-Focused,3.9925452928108264e-125,0.9999999079609372,9.203906262345549e-08
C14003,1.0,Installment-Focused,6.945444971542118e-23,0.9999998785529909,1.214470088702016e-07
C14004,0.0,High Risk,0.99696429014206,0.0,0.003035709857940306
C14005,0.0,High Risk,0.9999996291448546,0.0,3.7085514537281683e-07
C14006,0.0,High Risk,0.9999978497575527,0.0,2.1502424474046934e-06
C14007,1.0,Installment-Focused,0.0005859317235605087,0.9994140556305249,1.264591446378088e-08
C14008,1.0,Installment-Focused,0.2858709324962087,0.7136576315639076,0.000471435939883775
C14009,1.0,Installment-Focused,4.511297284510121e-129,0.9999999459893406,5.4010659143254547e-08
C14010,1.0,Installment-Focused,0.0014982125472833994,0.9985017692229495,1.8229767310242774e-08
C14011,0.0,High Risk,0.9964752439271843,0.0,0.003524756072816003
C14012,2.0,Low Engagement,8.36258330171664e-16,5.645502111191823e-12,0.9999999999943547
C14013,0.0,High Risk,0.9999998269580724,0.0,1.7304192768469982e-07
C14014,0.0,High Risk,0.99999721749723,0.0,2.7825027695447957e-06
C14015,1.0,Installment-Focused,8.442130344710854e-05,0.99991557397862,4.717932906651086e-09
C14016,0.0,High Risk,0.9999999234533548,0.0,7.654664482547355e-08
C14017,2.0,Low Engagement,1.0563635804047463e-19,0.0,1.0
C14018,0.0,High Risk,0.9999997479770728,0.0,2.520229273127583e-07
C14019,0.0,High Risk,0.9999987213401557,0.0,1.2786598438511574e-06
C14020,1.0,Installment-Focused,5.817908035539143e-124,0.9999999578147616,4.2185238088948756e-08
C14021,0.0,High Risk,0.9999998072859889,0.0,1.9271401103253046e-07
C14022,0.0,High Risk,0.9999999870968308,0.0,1.2903169080392004e-08
C14023,1.0,Installment-Focused,1.3620799926819434e-16,0.9999839516286974,1.6048371302859752e-05
C14024,2.0,Low Engagement,1.581808678680341e-23,1.5930128985773672e-31,1.0
C14026,1.0,Installment-Focused,2.1587422322810725e-30,0.9999992385423185,7.614576816507063e-07
C14027,2.0,Low Engagement,1.7217314796622434e-102,0.0,1.0
C14028,0.0,High Risk,0.9999992802167054,0.0,7.197832951989593e-07
C14029,1.0,Installment-Focused,9.644171889228755e-06,0.9999902421526414,1.1367546960456165e-07
C14030,0.0,High Risk,0.9987912814676463,0.0,0.0012087185323542335
C14031,1.0,Installment-Focused,0.0011523013833200442,0.9988476967099059,1.9067737915091114e-09
C14032,0.0,High Risk,0.9999997730003765,0.0,2.269996233319647e-07
C14033,0.0,High Risk,0.9999993351300372,0.0,6.648699628775771e-07
C14034,0.0,High Risk,0.999999987260269,0.0,1.2739731021232357e-08
C14035,0.0,High Risk,0.999880000323735,0.0,0.00011999967626501926
C14036,0.0,High Risk,0.9999999700253102,0.0,2.997468951849306e-08
C14037,1.0,Installment-Focused,0.0063110299695972195,0.9936889359482866,3.408211629497158e-08
C14038,1.0,Installment-Focused,3.230815804854914e-20,0.9999999146415647,8.535843543759879e-08
C14039,1.0,Installment-Focused,0.0011690144329519995,0.9988309830466761,2.5203721073708488e-09
C14040,0.0,High Risk,0.9999995070681693,0.0,4.929318303740146e-07
C14041,0.0,High Risk,0.9999999791331364,0.0,2.086686341632606e-08
C14042,0.0,High Risk,0.9999994723553474,0.0,5.276446528608043e-07
C14043,0.0,High Risk,0.9999995171432421,0.0,4.828567572569955e-07
C14044,0.0,High Risk,0.9990758798842545,0.0,0.0009241201157455002
C14045,0.0,High Risk,0.9999997966732714,0.0,2.0332672872777055e-07
C14046,1.0,Installment-Focused,0.0003869957134227584,0.9996129953772743,8.909303317790287e-09
C14047,0.0,High Risk,0.9996945053284685,0.0,0.0003054946715314058
C14048,1.0,Installment-Focused,6.43838068329754e-98,0.99999894251969,1.05748031067692e-06
C14049,2.0,Low Engagement,0.021604515125571704,1.0033382350280914e-36,0.9783954848744272
C14050,0.0,High Risk,0.9999995610060606,0.0,4.3899393979113744e-07
C14051,0.0,High Risk,0.9999999140745893,0.0,8.592541020527698e-08
C14052,0.0,High Risk,0.6666029874090303,0.0,0.333397012590969
C14053,2.0,Low Engagement,0.09571578234054205,0.0,0.9042842176594564
C14054,2.0,Low Engagement,5.0562164723687274e-148,2.303478478967314e-39,1.0
C14055,0.0,High Risk,0.999999773169459,0.0,2.2683054096129912e-07
C14056,0.0,High Risk,0.9999998739690312,0.0,1.260309692412294e-07
C14057,1.0,Installment-Focused,2.3471443647509587e-11,0.9999996733547284,3.2662180012186635e-07
C14058,1.0,Installment-Focused,2.598515589166225e-34,0.9999952132096076,4.786790392855615e-06
C14059,1.0,Installment-Focused,8.296079784724597e-117,0.9999999546533874,4.534661225335717e-08
C14060,0.0,High Risk,0.9999999131517685,0.0,8.68482312760254e-08
C14061,1.0,Installment-Focused,2.5602817564524356e-24,0.9999984111378303,1.5888621699430696e-06
C14062,1.0,Installment-Focused,3.356155666550705e-24,0.9999996495105493,3.5048945105477596e-07
C14063,0.0,High Risk,0.9595469743660574,0.0,0.04045302563394281
C14064,1.0,Installment-Focused,4.036875846387138e-76,0.9999575627181391,4.2437281860326834e-05
C14065,1.0,Installment-Focused,3.447458595286001e-121,0.9999999688836829,3.111631739861339e-08
C14066,1.0,Installment-Focused,4.496661633918443e-118,0.9999999685612182,3.143878170225486e-08
C14067,1.0,Installment-Focused,0.0008865972414338766,0.9991133926493411,1.010922548280421e-08
C14068,1.0,Installment-Focused,2.2888605564117451e-153,0.9999999708846121,2.9115388291094103e-08
C14069,2.0,Low Engagement,0.00021886488797530587,9.600033329086106e-35,0.9997811351120247
C14070,0.0,High Risk,0.9997786464935059,0.0,0.00022135350649409643
C14071,1.0,Installment-Focused,0.003069634690764229,0.9969303607199282,4.589307664343759e-09
C14072,0.0,High Risk,0.9994351947339837,0.0,0.0005648052660164964
C14073,1.0,Installment-Focused,1.984061487056321e-167,0.9999995548887592,4.4511124029020126e-07
C14074,1.0,Installment-Focused,0.0034026590688089296,0.996597332557108,8.37408339321614e-09
C14075,0.0,High Risk,0.7668347395068748,1.832549211254746e-44,0.23316526049312344
C14076,1.0,Installment-Focused,0.002733027736295851,0.9972669585922116,1.3671492750909845e-08
C14077,0.0,High Risk,0.9999882836315243,0.0,1.1716368475822938e-05
C14078,1.0,Installment-Focused,0.00046894890613994087,0.9995307688130913,2.8228076799178007e-07
C14079,0.0,High Risk,0.99999994951941,0.0,5.0480590094325254e-08
C14080,1.0,Installment-Focused,1.0215024106062551e-131,0.9999999073248133,9.26751867240989e-08
C14081,1.0,Installment-Focused,0.013526122575928232,0.9864737743433499,1.0308072258061339e-07
C14082,1.0,Installment-Focused,0.00026375832030768305,0.9997362384913759,3.1883166066546794e-09
C14083,2.0,Low Engagement,0.020259872826860474,0.0,0.9797401271731396
C14084,0.0,High Risk,0.9999999355208574,0.0,6.447914304584745e-08
C14085,0.0,High Risk,0.9999998600939035,0.0,1.3990609626966915e-07
C14086,0.0,High Risk,0.9999999287782176,0.0,7.122178210941514e-08
C14087,1.0,Installment-Focused,7.780398584512792e-145,0.9999999344556402,6.554435967842819e-08
C14088,1.0,Installment-Focused,0.000529271767648199,0.9994706470335868,8.119876495415767e-08
C14089,0.0,High Risk,0.999999417562754,5.877704104488831e-169,5.824372451878725e-07
C14090,0.0,High Risk,0.9983893246099729,0.0,0.0016106753900266243
C14091,0.0,High Risk,0.9999892257354069,0.0,1.0774264593076448e-05
C14092,1.0,Installment-Focused,8.365152180420604e-145,0.9999999552929061,4.4707094344423735e-08
C14094,2.0,Low Engagement,2.1174842927466954e-41,0.0,1.0
C14095,0.0,High Risk,0.9999999485851929,0.0,5.1414807509395446e-08
C14096,0.0,High Risk,0.9999999078537856,0.0,9.214621404778246e-08
C14097,1.0,Installment-Focused,8.300801068104082e-11,0.9999996372173144,3.626996774065823e-07
C14098,2.0,Low Engagement,5.127839542188676e-72,0.0,1.0
C14099,1.0,Installment-Focused,0.0006052296861737131,0.9993947518468025,1.8467024296328716e-08
C14100,0.0,High Risk,0.9999846899749238,0.0,1.53100250767248e-05
C14101,0.0,High Risk,0.9999997591573978,0.0,2.408426020361343e-07
C14102,0.0,High Risk,0.9999998966674735,0.0,1.0333252650250112e-07
C14103,1.0,Installment-Focused,2.999254790604407e-06,0.999996597433531,4.0331167852091306e-07
C14104,0.0,High Risk,0.9994824044138738,0.0,0.0005175955861265267
C14105,1.0,Installment-Focused,0.004147664834430671,0.995850346206837,1.988958732194317e-06
C14106,1.0,Installment-Focused,0.0035558947851940057,0.9964441012859538,3.928851980825426e-09
C14107,1.0,Installment-Focused,1.0783768870276313e-20,0.9999137112823335,8.628871766669248e-05
C14108,0.0,High Risk,0.9999991082295734,0.0,8.917704257866667e-07
C14109,1.0,Installment-Focused,5.563656893147415e-100,0.9999999617902863,3.8209714130851844e-08
C14111,1.0,Installment-Focused,0.0011138397659374696,0.9988861548087982,5.425264249709081e-09
C14112,0.0,High Risk,0.9999999522450083,0.0,4.7754991964445875e-08
C14113,0.0,High Risk,0.9999994493080091,0.0,5.506919913636046e-07
C14114,0.0,High Risk,0.9999999708367677,0.0,2.9163232182901805e-08
C14115,1.0,Installment-Focused,0.00015731945957360828,0.9998426770337552,3.506671437481519e-09
C14116,0.0,High Risk,0.9999999205412791,0.0,7.945872001069787e-08
C14117,1.0,Installment-Focused,3.945053781999824e-15,0.999999846897085,1.5310291133116118e-07
C14119,0.0,High Risk,0.9999996698582269,0.0,3.30141772978025e-07
C14120,0.0,High Risk,0.9999997605469091,0.0,2.3945309063426084e-07
C14121,1.0,Installment-Focused,2.7329229882796413e-14,0.9999999814972014,1.8502771173066758e-08
C14122,0.0,High Risk,0.9999992009090772,0.0,7.990909226633525e-07
C14123,0.0,High Risk,0.7500213591534531,0.0,0.24997864084654858
C14124,1.0,Installment-Focused,7.604109774185802e-08,0.9999998979991264,2.595977572378949e-08
C14125,2.0,Low Engagement,0.0011292031792410181,0.0,0.9988707968207577
C14126,1.0,Installment-Focused,0.0006528012481203456,0.9993471799733258,1.8778554226818227e-08
C14127,2.0,Low Engagement,4.1341436638456645e-14,4.219215387362028e-09,0.9999999957807439
C14128,1.0,Installment-Focused,0.0005362809600850456,0.999463678399658,4.0640257204306396e-08
C14129,1.0,Installment-Focused,0.0005133993019789968,0.9994865931979742,7.500046989229418e-09
C14130,0.0,High Risk,0.9999999882002175,0.0,1.1799781747615844e-08
C14131,0.0,High Risk,0.9999978471355561,0.0,2.152864443433228e-06
C14132,0.0,High Risk,0.9999948173140263,0.0,5.182685974484353e-06
C14133,1.0,Installment-Focused,1.3645811096712991e-129,0.9999997628602474,2.3713975283227747e-07
C14134,0.0,High Risk,0.9999999048566518,0.0,9.514334807312257e-08
C14135,2.0,Low Engagement,4.110671308727795e-36,0.0,1.0
C14136,0.0,High Risk,0.9999999571849534,0.0,4.28150468563506e-08
C14137,1.0,Installment-Focused,4.344599415026347e-135,0.9999999181898447,8.181015569621948e-08
C14138,0.0,High Risk,0.999999292077333,0.0,7.079226673720247e-07
C14139,1.0,Installment-Focused,1.3387045227263336e-107,0.9999999388311257,6.116887407210981e-08
C14140,0.0,High Risk,0.9999898741855241,0.0,1.0125814476262866e-05
C14141,1.0,Installment-Focused,3.207124393571777e-05,0.9999678986555545,3.0100509602028176e-08
C14142,0.0,High Risk,0.620496619943297,0.0,0.37950338005670237
C14143,1.0,Installment-Focused,5.1059959120345824e-15,0.9999997398249986,2.6017499639004776e-07
C14144,0.0,High Risk,0.9999992996733856,0.0,7.003266151156828e-07
C14145,1.0,Installment-Focused,0.0007197206201600535,0.9992802757717132,3.608126596044511e-09
C14146,1.0,Installment-Focused,9.932217588961908e-110,0.9999998109266778,1.8907332265392356e-07
C14147,1.0,Installment-Focused,0.0003072676070848841,0.9996927179072419,1.4485673505489114e-08
C14148,0.0,High Risk,0.9999999254835582,0.0,7.451644184368173e-08
C14149,1.0,Installment-Focused,1.5255677683440727e-110,0.9999999217250566,7.827494337784588e-08
C14150,1.0,Installment-Focused,5.213228511780795e-05,0.9999478342349007,3.3479981394731683e-08
C14151,0.0,High Risk,0.9999995769300944,0.0,4.2306990551609507e-07
C14152,0.0,High Risk,0.9999998912968181,0.0,1.087031817572802e-07
C14153,2.0,Low Engagement,2.4995863854353184e-120,0.0,1.0
C14154,0.0,High Risk,0.9999996232221909,0.0,3.7677780927062974e-07
C14155,0.0,High Risk,0.999998864024763,0.0,1.1359752363436188e-06
C14156,1.0,Installment-Focused,0.011853493104327848,0.9881464404762166,6.641945523504851e-08
C14157,0.0,High Risk,0.9993787299760953,0.0,0.0006212700239041679
C14158,1.0,Installment-Focused,1.5523901027495907e-94,0.999995857490108,4.142509891526342e-06
C14159,1.0,Installment-Focused,0.0010530976016764157,0.9989468960981598,6.3001634597804936e-09
C14161,0.0,High Risk,0.9999999453633294,0.0,5.463667043896787e-08
C14162,1.0,Installment-Focused,1.1635305746526715e-23,0.9999998973505971,1.0264940265187965e-07
C14163,1.0,Installment-Focused,0.004007935912032187,0.9959920229052677,4.118269954120839e-08
C14164,1.0,Installment-Focused,1.4143780969321995e-06,0.9999985381592564,4.746264749798475e-08
C14165,1.0,Installment-Focused,2.714987026365212e-109,0.9999997422198689,2.57780130678627e-07
C14166,1.0,Installment-Focused,1.1087953518047506e-122,0.9999997171888362,2.828111636096686e-07
C14167,0.0,High Risk,0.9999998597382521,0.0,1.4026174718347972e-07
C14168,1.0,Installment-Focused,7.714219797766877e-102,0.9999999266451693,7.335483090358676e-08
C14169,1.0,Installment-Focused,1.1641970860858626e-24,0.9999989006999004,1.099300099344963e-06
C14170,1.0,Installment-Focused,0.0008101619538085228,0.9991898318161015,6.230089879420427e-09
C14171,2.0,Low Engagement,0.010748156626666354,0.0,0.9892518433733323
C14172,2.0,Low Engagement,3.4322549462496103e-164,0.0,1.0
C14173,1.0,Installment-Focused,3.1905305680425355e-79,0.9999998904882073,1.095117926473345e-07
C14174,1.0,Installment-Focused,0.003333942818617007,0.9966660541882407,2.993142259469638e-09
C14175,1.0,Installment-Focused,0.001266696838817209,0.9987332991775488,3.983633963418943e-09
C14177,0.0,High Risk,0.9999998892980039,0.0,1.1070199653489443e-07
C14178,0.0,High Risk,0.9999999897109504,0.0,1.0289050357571238e-08
C14179,0.0,High Risk,0.999999978616745,0.0,2.1383255060993038e-08
C14180,0.0,High Risk,0.9999975686802249,0.0,2.4313197751380378e-06
C14181,0.0,High Risk,0.9999997571428196,0.0,2.4285718014554285e-07
C14182,0.0,High Risk,0.9999999558438805,0.0,4.415611988177556e-08
C14183,1.0,Installment-Focused,0.00020027748298145586,0.9997997058080249,1.670899351771959e-08
C14184,1.0,Installment-Focused,9.060601870105309e-09,0.9999989384413629,1.0524980351370047e-06
C14185,0.0,High Risk,0.9999999843946618,0.0,1.560533810113999e-08
C14186,2.0,Low Engagement,0.00026517669458931466,0.0,0.9997348233054105
C14187,1.0,Installment-Focused,0.006824839264855535,0.9931751574363661,3.298778098596855e-09
C14188,1.0,Installment-Focused,0.004199341555274408,0.9958006200466822,3.839804315765552e-08
C14189,1.0,Installment-Focused,7.10833330709752e-149,0.9999999369503281,6.304967161129184e-08
C14190,0.0,High Risk,0.999999909118341,0.0,9.088165883538165e-08
C14191,1.0,Installment-Focused,0.0008815739869350455,0.9991183810114094,4.500165587384513e-08
C14192,1.0,Installment-Focused,0.004461329067195061,0.9955386151268688,5.5805936471759946e-08
C14193,0.0,High Risk,0.9999992806367363,0.0,7.193632639769137e-07
C14194,1.0,Installment-Focused,0.0024460868866243326,0.9975539097982024,3.315173753452083e-09
C14195,0.0,High Risk,0.9999877346991535,0.0,1.2265300847221323e-05
C14196,0.0,High Risk,0.9999946926558226,0.0,5.307344177769524e-06
C14197,1.0,Installment-Focused,1.1465919184453558e-109,0.9999999306480232,6.9351976708355e-08
C14198,2.0,Low Engagement,1.4075779072212168e-15,1.804887751198526e-09,0.9999999981951113
C14199,0.0,High Risk,0.9999997703499248,0.0,2.2965007483018242e-07
C14200,0.0,High Risk,0.9999996247408316,0.0,3.752591683645706e-07
C14201,1.0,Installment-Focused,9.248565135854893e-05,0.9999074998398936,1.4508747874126254e-08
C14202,1.0,Installment-Focused,1.0447254380084433e-06,0.9999831852911562,1.576998340586876e-05
C14203,1.0,Installment-Focused,0.0009094746812131884,0.9990904868872534,3.843153299018153e-08
C14204,2.0,Low Engagement,2.7074632070555613e-69,0.0,1.0
C14205,0.0,High Risk,0.9999999451090458,0.0,5.489095423627768e-08
C14206,1.0,Installment-Focused,0.0018237544268880149,0.9981762431199814,2.4531303853053952e-09
C14207,0.0,High Risk,0.999999914327571,0.0,8.567242936040239e-08
C14208,1.0,Installment-Focused,0.00012985366105004934,0.999870143061358,3.2775918828863915e-09
C14209,0.0,High Risk,0.999999846393629,0.0,1.5360637120211064e-07
C14210,0.0,High Risk,0.9999998148340847,0.0,1.8516591519547725e-07
C14211,0.0,High Risk,0.9999988623219084,0.0,1.1376780916494555e-06
C14212,1.0,Installment-Focused,2.421291272672077e-11,0.9999999622433335,3.7732453669851825e-08
C14213,0.0,High Risk,0.9999998938122084,0.0,1.0618779142952742e-07
C14214,0.0,High Risk,0.9999922870126313,0.0,7.71298736909214e-06
C14215,0.0,High Risk,0.9989996370172693,0.0,0.0010003629827313632
C14216,0.0,High Risk,0.9999998486513703,0.0,1.5134862995332814e-07
C14217,0.0,High Risk,0.9999999148931266,0.0,8.510687349832024e-08
C14218,1.0,Installment-Focused,0.000458211016714838,0.9995416664619144,1.2252137106809558e-07
C14219,0.0,High Risk,0.9999999670404286,0.0,3.295957123617908e-08
C14220,1.0,Installment-Focused,0.0014239980748436863,0.9985760010110699,9.140865284073829e-10
C14221,1.0,Installment-Focused,9.676069680485072e-05,0.9999032328446982,6.458496894504387e-09
C14222,1.0,Installment-Focused,0.0001659597187744017,0.9998288458434552,5.194437771085493e-06
C14223,2.0,Low Engagement,0.22897255377137693,0.0,0.771027446228622
C14224,1.0,Installment-Focused,0.013290692644317622,0.9867090794755199,2.278801630575387e-07
C14225,1.0,Installment-Focused,8.117200753539527e-111,0.9999999134254705,8.657452941364917e-08
C14226,1.0,Installment-Focused,0.00038799541299399087,0.9996119936857772,1.0901228833004577e-08
C14227,0.0,High Risk,0.999998860533072,0.0,1.1394669280106666e-06
C14228,0.0,High Risk,0.9999998907208745,0.0,1.0927912593809087e-07
C14229,0.0,High Risk,0.9999991188250706,0.0,8.811749299606334e-07
C14230,1.0,Installment-Focused,0.004291155981327741,0.9957087176478518,1.263708211961846e-07
C14231,1.0,Installment-Focused,0.0024189164545316464,0.9975810729509379,1.0594530678284941e-08
C14232,0.0,High Risk,0.9992385792650285,0.0,0.0007614207349716731
C14233,1.0,Installment-Focused,4.628278415075859e-19,0.9996345785478223,0.00036542145217802066
C14234,0.0,High Risk,0.9992744078246569,0.0,0.0007255921753425732
C14235,1.0,Installment-Focused,0.0003145787694126113,0.9996854183683321,2.8622553375914766e-09
C14236,0.0,High Risk,0.9999181724453328,0.0,8.182755466766385e-05
C14237,2.0,Low Engagement,5.026202057997375e-06,0.0,0.9999949737979407
C14238,1.0,Installment-Focused,1.1308332141341814e-101,0.9999999723854559,2.7614543965925356e-08
C14239,0.0,High Risk,0.9999998119750905,0.0,1.880249088753919e-07
C14240,1.0,Installment-Focused,1.1736335188931975e-106,0.9999999819965711,1.800342898431766e-08
C14241,0.0,High Risk,0.9999998713163792,0.0,1.286836212373386e-07
C14242,1.0,Installment-Focused,4.4950198738396514e-11,0.9999999735418074,2.6413242240732035e-08
C14243,1.0,Installment-Focused,0.00046425405972415,0.9995356829631276,6.297714869114683e-08
C14244,2.0,Low Engagement,3.125983487963268e-39,0.0,1.0
C14245,0.0,High Risk,0.999567121938788,0.0,0.00043287806121175077
C14246,1.0,Installment-Focused,3.7329588346294995e-14,0.9999984568552365,1.5431447261532299e-06
C14247,0.0,High Risk,0.9999998894787411,0.0,1.1052125893152156e-07
C14248,0.0,High Risk,0.9999997222048331,0.0,2.77795166829557e-07
C14249,1.0,Installment-Focused,0.00015735682778382533,0.9998426400862646,3.0859518988010793e-09
C14250,2.0,Low Engagement,6.307174729728386e-13,0.0,0.9999999999993676
C14251,0.0,High Risk,0.9999979453753469,0.0,2.0546246530056016e-06
C14252,1.0,Installment-Focused,7.736147932729005e-89,0.999999744504519,2.554954808358767e-07
C14253,0.0,High Risk,0.9999982241585131,0.0,1.7758414872873865e-06
C14254,0.0,High Risk,0.9999995161103267,0.0,4.838896733838217e-07
C14255,0.0,High Risk,0.9999973065968496,0.0,2.693403149985195e-06
C14256,1.0,Installment-Focused,0.0003687945303706358,0.9996311997151208,5.7545085835824614e-09
C14257,1.0,Installment-Focused,0.0020944623073945027,0.9979054702626531,6.742995238269037e-08
C14258,1.0,Installment-Focused,0.000156480245980173,0.9998435124614342,7.292585510128759e-09
C14259,0.0,High Risk,0.9999995335945919,0.0,4.664054086228897e-07
C14260,0.0,High Risk,0.9999997859649257,0.0,2.140350737009934e-07
C14261,0.0,High Risk,0.9999999796160541,0.0,2.0383945978810113e-08
C14262,1.0,Installment-Focused,0.0002271309762104341,0.9997728647233391,4.3004506519682475e-09
C14263,1.0,Installment-Focused,1.8870267470558703e-45,0.9999990670486465,9.329513538451608e-07
C14264,0.0,High Risk,0.9999982413306131,0.0,1.7586693872130688e-06
C14265,1.0,Installment-Focused,0.004208779541972802,0.9957911942645716,2.6193455334772605e-08
C14266,0.0,High Risk,0.9999980166123845,0.0,1.9833876161382264e-06
C14267,0.0,High Risk,0.9999981137590453,0.0,1.8862409542071732e-06
C14268,1.0,Installment-Focused,0.0013934936543700774,0.9986064946551032,1.169052635436901e-08
C14269,1.0,Installment-Focused,7.035839173801426e-141,0.9999999140291723,8.597082733239089e-08
C14270,1.0,Installment-Focused,4.288302071746086e-07,0.9999992022169775,3.689528157447785e-07
C14271,0.0,High Risk,0.9999999621388953,0.0,3.78611049816305e-08
C14272,1.0,Installment-Focused,1.2294997867758927e-05,0.99998768716501,1.783712209852131e-08
C14273,1.0,Installment-Focused,1.6153042093281773e-19,0.9999998349928582,1.6500714184959903e-07
C14274,0.0,High Risk,0.9999488981980174,0.0,5.1101801982907436e-05
C14275,0.0,High Risk,0.983901353423196,0.0,0.01609864657680367
C14276,1.0,Installment-Focused,2.5402702889443976e-108,0.9999998973750069,1.026249927462778e-07
C14277,1.0,Installment-Focused,0.00014753030963445078,0.9998524590063236,1.0684041904853532e-08
C14278,0.0,High Risk,0.9999985849986156,0.0,1.4150013844274087e-06
C14279,0.0,High Risk,0.9999999055624329,0.0,9.443756675521443e-08
C14280,1.0,Installment-Focused,4.713000617810936e-07,0.9999991144135589,4.1428637966463275e-07
C14281,0.0,High Risk,0.8313115332884056,0.0,0.16868846671159612
C14282,0.0,High Risk,0.999999534640449,0.0,4.6535955074025813e-07
C14283,2.0,Low Engagement,9.338058665471917e-89,0.0,1.0
C14284,0.0,High Risk,0.9999995144328924,0.0,4.855671072861426e-07
C14285,2.0,Low Engagement,0.12703867335847557,6.134175900643424e-232,0.8729613266415233
C14286,1.0,Installment-Focused,0.010495488485802026,0.9895045083283152,3.185882891132433e-09
C14287,0.0,High Risk,0.9996027843262886,0.0,0.0003972156737110673
C14288,0.0,High Risk,0.9999978878806258,0.0,2.11211937368751e-06
C14289,1.0,Installment-Focused,2.372923637756109e-12,0.9928835504874535,0.00711644951017426
C14290,1.0,Installment-Focused,8.014407311212749e-10,0.9999997888287498,2.103698097701908e-07
C14291,0.0,High Risk,0.999997018432135,0.0,2.9815678644526064e-06
C14292,0.0,High Risk,0.9999950237143965,0.0,4.976285603953201e-06
C14293,1.0,Installment-Focused,5.540855454492075e-28,0.9999994630529196,5.369470798830538e-07
C14294,0.0,High Risk,0.9999991481186723,0.0,8.5188132698188e-07
C14295,0.0,High Risk,0.999998298518644,0.0,1.7014813568393593e-06
C14297,1.0,Installment-Focused,4.245318474306428e-18,0.9999989496525014,1.0503474984854518e-06
C14298,0.0,High Risk,0.9999978751907431,0.0,2.124809256867429e-06
C14299,1.0,Installment-Focused,2.0749463178672103e-119,0.9999998945699462,1.0543005346601239e-07
C14300,0.0,High Risk,0.999610046438751,2.16002379122e-312,0.00038995356124941273
C14301,1.0,Installment-Focused,0.0002558557253468781,0.9997440641977994,8.007685349735944e-08
C14302,1.0,Installment-Focused,5.707565320989347e-20,0.9999999586462618,4.135373829452876e-08
C14303,1.0,Installment-Focused,0.00011100098343660567,0.9998889888360926,1.0180470659772571e-08
C14304,0.0,High Risk,0.9999986767134634,0.0,1.3232865356835542e-06
C14305,2.0,Low Engagement,3.905735399690974e-100,0.0,1.0
C14306,1.0,Installment-Focused,6.602337866851324e-13,0.9999992126528694,7.87346469780102e-07
C14307,1.0,Installment-Focused,2.795103673338062e-17,0.9999965604440044,3.43955599587676e-06
C14308,2.0,Low Engagement,1.3253480446866905e-21,0.0,1.0
C14309,1.0,Installment-Focused,7.278779153520532e-05,0.9999267457016769,4.66506788209719e-07
C14310,1.0,Installment-Focused,0.0013853841784038769,0.9986146145883885,1.2332071760926922e-09
C14311,0.0,High Risk,0.9999994345499106,0.0,5.654500894414632e-07
C14312,0.0,High Risk,0.9999992367052206,0.0,7.632947797911733e-07
C14313,0.0,High Risk,0.9999999664960365,0.0,3.3503964341554166e-08
C14314,1.0,Installment-Focused,5.2092348972113016e-05,0.9999478835092296,2.4141797918170176e-08
C14315,0.0,High Risk,0.9999990200377479,0.0,9.799622520221273e-07
C14316,0.0,High Risk,0.9998451288137481,0.0,0.00015487118625182768
C14317,2.0,Low Engagement,1.0566648294540718e-115,0.0,1.0
C14318,1.0,Installment-Focused,1.1986097763174306e-28,0.9999998657129386,1.3428706095614227e-07
C14319,1.0,Installment-Focused,7.855380336504151e-134,0.9999999488784579,5.1121542362089485e-08
C14320,0.0,High Risk,0.9999997863467234,0.0,2.136532764376578e-07
C14322,0.0,High Risk,0.9999984172635197,0.0,1.5827364800286455e-06
C14323,0.0,High Risk,0.9999995662718105,0.0,4.3372818982247715e-07
C14324,1.0,Installment-Focused,1.0239075193766854e-88,0.9999999603679716,3.963202801383545e-08
C14325,1.0,Installment-Focused,4.422411783958362e-33,0.9999985676751598,1.4323248397577322e-06
C14326,1.0,Installment-Focused,1.778934863954538e-125,0.9999999369374308,6.306256949892325e-08
C14327,1.0,Installment-Focused,1.67365589120838e-05,0.9999832160628374,4.737825058665867e-08
C14328,0.0,High Risk,0.9999997815207465,0.0,2.18479254312446e-07
C14329,1.0,Installment-Focused,0.00018810210707941074,0.9998118592217237,3.867119653046994e-08
C14330,1.0,Installment-Focused,0.0001238768470150382,0.9998761215178824,1.6351026451643318e-09
C14331,2.0,Low Engagement,0.011772913926000664,1.1900956592996399e-269,0.9882270860740008
C14332,0.0,High Risk,0.9999369804416672,0.0,6.301955833283739e-05
C14333,0.0,High Risk,0.9999999488485201,0.0,5.115147971184271e-08
C14334,1.0,Installment-Focused,1.1084104029912255e-78,0.9999999370760746,6.292392523582275e-08
C14335,0.0,High Risk,0.999998633687344,0.0,1.3663126560842735e-06
C14336,0.0,High Risk,0.9999982629875652,0.0,1.7370124347316362e-06
C14337,0.0,High Risk,0.9999987859683868,0.0,1.2140316138804094e-06
C14338,1.0,Installment-Focused,1.8839366175703354e-15,0.9712063299572057,0.028793670042793165
C14339,0.0,High Risk,0.9982439516532502,0.0,0.0017560483467490102
C14340,1.0,Installment-Focused,9.529957341045507e-57,0.9999999251499992,7.485000047561804e-08
C14341,0.0,High Risk,0.9999999464371859,0.0,5.35628138715125e-08
C14342,2.0,Low Engagement,4.798919403959639e-06,0.0,0.9999952010805947
C14343,1.0,Installment-Focused,6.422502397372272e-05,0.9999357298715252,4.510450104508361e-08
C14344,1.0,Installment-Focused,0.00025232690893190146,0.9997469416248411,7.314662261221485e-07
C14345,1.0,Installment-Focused,1.170116117690146e-05,0.9999882435130523,5.532577099439287e-08
C14346,0.0,High Risk,0.9999989661969378,0.0,1.0338030623272417e-06
C14347,1.0,Installment-Focused,2.9741586656033117e-79,0.9999998713852298,1.28614770358765e-07
C14348,0.0,High Risk,0.9999971619210125,0.0,2.838078986582192e-06
C14349,1.0,Installment-Focused,4.923727687823593e-144,0.9999999383689159,6.163108432839375e-08
C14350,0.0,High Risk,0.9999997287421513,0.0,2.712578495277909e-07
C14351,1.0,Installment-Focused,0.0029091708532106683,0.9970907575049212,7.164186865312536e-08
C14352,1.0,Installment-Focused,7.040492384243988e-06,0.9999914680477306,1.4914598852680312e-06
C14353,2.0,Low Engagement,4.149682042239006e-97,0.0,1.0
C14354,0.0,High Risk,0.9999997959102802,0.0,2.0408971994969489e-07
C14355,0.0,High Risk,0.999793975913478,0.0,0.00020602408652108464
C14356,0.0,High Risk,0.9999995511795697,0.0,4.4882043039458986e-07
C14357,0.0,High Risk,0.9999990236247639,0.0,9.76375236766987e-07
C14358,1.0,Installment-Focused,9.114620086587005e-96,0.9999998840239931,1.1597600654073903e-07
C14359,0.0,High Risk,0.9999997046648518,0.0,2.953351479034217e-07
C14360,0.0,High Risk,0.9999995139919227,0.0,4.860080775137344e-07
C14361,1.0,Installment-Focused,0.000241994973856722,0.9997579266901061,7.83360370009536e-08
C14362,1.0,Installment-Focused,0.00032797895797896,0.999672016231393,4.810627712033133e-09
C14363,1.0,Installment-Focused,0.0013726433993990082,0.9986273335311481,2.3069453025794455e-08
C14364,1.0,Installment-Focused,1.8212594714326372e-105,0.9999994996329677,5.00367031875351e-07
C14365,2.0,Low Engagement,1.6354108075665185e-73,2.166233351303466e-180,1.0
C14366,0.0,High Risk,0.9999950605223696,0.0,4.9394776299445865e-06
C14367,0.0,High Risk,0.9999999728762162,0.0,2.7123783457548367e-08
C14368,1.0,Installment-Focused,0.001249498979741484,0.9987504975244768,3.495781623876033e-09
C14369,2.0,Low Engagement,0.2227584879727376,0.0,0.7772415120272612
C14370,0.0,High Risk,0.9999999854102057,0.0,1.4589793291107983e-08
C14371,0.0,High Risk,0.9999999800029935,0.0,1.9997006776145295e-08
C14372,1.0,Installment-Focused,9.835252870269379e-151,0.9999999559503748,4.4049625333893695e-08
C14373,1.0,Installment-Focused,3.5892311832920897e-16,0.9999994504644611,5.495355392220801e-07
C14374,0.0,High Risk,0.999992193166838,0.0,7.806833161486938e-06
C14375,1.0,Installment-Focused,0.0014671235783814084,0.9985327254028534,1.5101876496130452e-07
C14376,1.0,Installment-Focused,2.1880577204641687e-25,0.9999997400016287,2.599983711479257e-07
C14377,1.0,Installment-Focused,1.6798460895769674e-83,0.9999998289349921,1.7106500790760327e-07
C14378,2.0,Low Engagement,1.9135034132751562e-93,0.0,1.0
C14379,1.0,Installment-Focused,8.611869501696616e-25,0.9999997000194517,2.9998054864317583e-07
C14380,1.0,Installment-Focused,0.00022235038836789753,0.9997757688816116,1.8807300203576505e-06
C14381,0.0,High Risk,0.9999998140306068,0.0,1.8596939238991728e-07
C14382,0.0,High Risk,0.999999689149257,0.0,3.108507430414181e-07
C14383,1.0,Installment-Focused,0.01818785137340679,0.9818120965322531,5.2094340489331766e-08
C14384,0.0,High Risk,0.9999294012927131,0.0,7.059870728745806e-05
C14385,1.0,Installment-Focused,3.433120034626568e-144,0.9999999202973099,7.970268982967023e-08
C14386,0.0,High Risk,0.9985618736842238,0.0,0.0014381263157768815
C14387,1.0,Installment-Focused,3.0390694268747597e-05,0.9999695290160727,8.028965850549807e-08
C14388,1.0,Installment-Focused,0.0041477921057641925,0.9958522068156032,1.078632500798515e-09
C14389,1.0,Installment-Focused,2.6105891161688665e-153,0.99999976241018,2.3758982062853784e-07
C14390,1.0,Installment-Focused,0.00016902649840457444,0.9998309675875795,5.914015582579727e-09
C14391,0.0,High Risk,0.9999978484396355,0.0,2.1515603641677694e-06
C14392,0.0,High Risk,0.9999982229325644,0.0,1.777067436281461e-06
C14393,0.0,High Risk,0.9999339814342922,0.0,6.60185657069587e-05
C14394,1.0,Installment-Focused,8.106026674309589e-07,0.999993274296423,5.915100909484464e-06
C14395,1.0,Installment-Focused,3.7533563843776414e-37,0.9999997875487606,2.1245123931277517e-07
C14396,0.0,High Risk,0.9999787576132834,0.0,2.124238671690471e-05
C14397,0.0,High Risk,0.9999998547732235,0.0,1.452267765874755e-07
C14398,1.0,Installment-Focused,1.5540225944674766e-126,0.9999999425788787,5.742112094126182e-08
C14399,1.0,Installment-Focused,4.880244757543011e-57,0.9999998443151107,1.5568488997927854e-07
C14400,1.0,Installment-Focused,1.6957650079607672e-113,0.9999999843603843,1.5639615565537925e-08
C14401,2.0,Low Engagement,2.4356623737602797e-10,0.0,0.9999999997564331
C14402,0.0,High Risk,0.9999986877532402,0.0,1.3122467601056715e-06
C14403,1.0,Installment-Focused,1.4452065988379406e-05,0.9999855249709526,2.2963059239276697e-08
C14404,0.0,High Risk,0.9999998576802088,0.0,1.4231979135691232e-07
C14405,1.0,Installment-Focused,0.00019285729440506435,0.9998071386809296,4.024665144025546e-09
C14406,1.0,Installment-Focused,0.0006012758954465242,0.9993987057999167,1.8304636463215453e-08
C14407,0.0,High Risk,0.9999009846985971,0.0,9.901530140208199e-05
C14408,1.0,Installment-Focused,0.004966956257134571,0.995033014698799,2.9044066516219958e-08
C14409,1.0,Installment-Focused,0.0003390116796854756,0.9996609710440345,1.727628004041799e-08
C14410,1.0,Installment-Focused,0.00532618786565368,0.9946738061759626,5.958383936254865e-09
C14411,0.0,High Risk,0.9999938887347771,0.0,6.11126522258162e-06
C14412,1.0,Installment-Focused,8.620906228415508e-12,0.9999797210784497,2.02789129299909e-05
C14413,0.0,High Risk,0.9999999644957522,0.0,3.5504248085189734e-08
C14414,1.0,Installment-Focused,6.682730006573513e-05,0.9999331664678278,6.232106665247887e-09
C14415,0.0,High Risk,0.7950237772998212,2.4273405854588673e-258,0.20497622270017932
C14416,0.0,High Risk,0.999801015674946,1.6443364957774337e-44,0.00019898432505477482
C14417,0.0,High Risk,0.999998853459994,0.0,1.1465400051467977e-06
C14418,1.0,Installment-Focused,2.557320436096237e-07,0.9999996547225148,8.954544150890308e-08
C14419,0.0,High Risk,0.9999164953610937,0.0,8.350463890602775e-05
C14421,0.0,High Risk,0.9999989852569332,0.0,1.014743066601989e-06
C14422,1.0,Installment-Focused,0.007017378869619107,0.9929826184880252,2.6423558114834555e-09
C14423,0.0,High Risk,0.9999991967011053,0.0,8.032988945779319e-07
C14424,0.0,High Risk,0.9999372743622658,0.0,6.272563773448002e-05
C14425,2.0,Low Engagement,6.071917695866229e-15,9.087250800391399e-272,0.9999999999999929
C14426,1.0,Installment-Focused,0.007574989751988966,0.9924246832214074,3.2702660388806327e-07
C14427,1.0,Installment-Focused,6.845461371043605e-53,0.9999997804981354,2.1950186426013328e-07
C14428,1.0,Installment-Focused,3.3853566433407223e-13,0.9999718571238362,2.814287582547062e-05
C14429,1.0,Installment-Focused,7.138882283559611e-09,0.9999999519414111,4.091970668907752e-08
C14430,1.0,Installment-Focused,0.0002749443061892586,0.9997243295567411,7.261370696765899e-07
C14431,0.0,High Risk,0.999999960921733,0.0,3.9078267221848454e-08
C14432,0.0,High Risk,0.9999983956069595,0.0,1.60439304108515e-06
C14433,0.0,High Risk,0.9999980220625279,0.0,1.9779374713490265e-06
C14434,1.0,Installment-Focused,1.4563820480897532e-18,0.9999999439310681,5.606893188817585e-08
C14435,0.0,High Risk,0.9999999608360212,0.0,3.9163978493246554e-08
C14436,0.0,High Risk,0.9999985087020011,0.0,1.4912979982727412e-06
C14437,0.0,High Risk,0.9999997923972794,0.0,2.0760272085313362e-07
C14439,1.0,Installment-Focused,0.0005847268882106972,0.9994152680096754,5.102113737025557e-09
C14440,0.0,High Risk,0.9999125663370855,0.0,8.743366291536396e-05
C14441,0.0,High Risk,0.9999999262124187,0.0,7.378758050050234e-08
C14442,0.0,High Risk,0.9999994366470949,0.0,5.633529048344192e-07
C14443,1.0,Installment-Focused,1.8719656069054946e-05,0.9999812219375088,5.8406422188249826e-08
C14444,1.0,Installment-Focused,2.1351951597228584e-99,0.9999999252411885,7.475881150673024e-08
C14445,0.0,High Risk,0.9999999671903274,0.0,3.2809672729793173e-08
C14447,1.0,Installment-Focused,4.558697598141662e-99,0.9999999758489938,2.4151006056137162e-08
C14448,1.0,Installment-Focused,7.148613844749449e-08,0.9999998092233056,1.1929055580498941e-07
C14449,0.0,High Risk,0.9998674642367876,0.0,0.0001325357632119693
C14450,0.0,High Risk,0.9999282808716276,0.0,7.171912837254797e-05
C14451,2.0,Low Engagement,1.058329667294492e-56,0.0,1.0
C14452,0.0,High Risk,0.9999918047383123,0.0,8.195261688100753e-06
C14453,2.0,Low Engagement,9.933020147527974e-16,0.0,1.0
C14455,0.0,High Risk,0.9999995213720192,0.0,4.7862798048937e-07
C14456,2.0,Low Engagement,3.9764348882722403e-106,0.0,1.0
C14457,1.0,Installment-Focused,4.728230084352259e-118,0.9999999508821519,4.911784810363894e-08
C14458,0.0,High Risk,0.9999938982290516,4.5477124489076784e-42,6.1017709480460615e-06
C14459,0.0,High Risk,0.9999996729527398,0.0,3.270472595514738e-07
C14460,2.0,Low Engagement,2.0565765736483982e-10,4.832935337635836e-168,0.9999999997943441
C14461,1.0,Installment-Focused,0.0012806758710270452,0.9987192993498285,2.4779144161722147e-08
C14462,0.0,High Risk,0.9999997881464318,0.0,2.118535681832548e-07
C14463,1.0,Installment-Focused,1.9207718072536683e-12,0.9999997576731205,2.4232495870618095e-07
C14464,1.0,Installment-Focused,8.096860096325612e-94,0.999999843722194,1.5627780619063461e-07
C14465,1.0,Installment-Focused,0.0038394752189228327,0.9961604573331373,6.744794013656809e-08
C14466,1.0,Installment-Focused,1.7151513803570788e-05,0.9999828038237517,4.466244510831478e-08
C14467,1.0,Installment-Focused,1.1011590278621045e-32,0.9999974553364936,2.5446635067162235e-06
C14468,1.0,Installment-Focused,0.0033048185635319947,0.9966951769877971,4.4486711220789734e-09
C14469,0.0,High Risk,0.9999986601384473,0.0,1.3398615534393946e-06
C14470,0.0,High Risk,0.9999999535364001,0.0,4.646360052878339e-08
C14471,0.0,High Risk,0.9999997643918361,0.0,2.3560816422791045e-07
C14472,0.0,High Risk,0.9999995666570516,0.0,4.333429484930964e-07
C14473,0.0,High Risk,0.9999998122095269,0.0,1.877904729991265e-07
C14474,1.0,Installment-Focused,1.7165683209808005e-07,0.9999986756654996,1.152677668728057e-06
C14475,1.0,Installment-Focused,3.8577601903332043e-100,0.9999999499384516,5.006154874048315e-08
C14476,1.0,Installment-Focused,1.5403697018838743e-138,0.9999999587200703,4.127992932605842e-08
C14477,0.0,High Risk,0.9998832193726972,2.497131400818578e-33,0.00011678062730196653
C14478,0.0,High Risk,0.9999999389102162,0.0,6.10897841280808e-08
C14479,0.0,High Risk,0.9999997819562203,0.0,2.180437793269723e-07
C14480,2.0,Low Engagement,1.972279751503981e-29,0.00011579025460620797,0.9998842097453927
C14481,0.0,High Risk,0.999999853611171,0.0,1.4638882858398526e-07
C14482,0.0,High Risk,0.9999382594175321,0.0,6.174058246830186e-05
C14483,0.0,High Risk,0.9999982261259207,0.0,1.7738740789753896e-06
C14484,0.0,High Risk,0.99999998207685,0.0,1.7923149769445092e-08
C14485,0.0,High Risk,0.9999996535616426,0.0,3.464383583620874e-07
C14486,1.0,Installment-Focused,1.7478050568927006e-07,0.9999997428048719,8.241462252672236e-08
C14487,1.0,Installment-Focused,0.0012939679144202002,0.9984414745689183,0.0002645575166627675
C14488,1.0,Installment-Focused,0.002148207876342742,0.9978517716754953,2.0448162263470337e-08
C14489,0.0,High Risk,0.9999979096805072,0.0,2.0903194933291443e-06
C14490,0.0,High Risk,0.9999999344215883,0.0,6.55784113580622e-08
C14492,1.0,Installment-Focused,9.593975369462545e-113,0.9999998389614163,1.6103858386504856e-07
C14493,0.0,High Risk,0.9999972193209857,0.0,2.780679014688737e-06
C14494,0.0,High Risk,0.9999994218327118,0.0,5.781672887500778e-07
C14495,0.0,High Risk,0.9999997250613508,0.0,2.7493864888206154e-07
C14496,1.0,Installment-Focused,1.6955320041856122e-150,0.9999999489751512,5.102484844638976e-08
C14497,1.0,Installment-Focused,1.7792777141234208e-91,0.9999970926479347,2.907352064830244e-06
C14498,1.0,Installment-Focused,0.0020561572009170645,0.9979438301758082,1.2623274339997645e-08
C14499,1.0,Installment-Focused,6.599324237939164e-20,0.9139019243598784,0.08609807564011988
C14500,0.0,High Risk,0.9999998042437929,0.0,1.9575620685228977e-07
C14501,1.0,Installment-Focused,8.648269239984913e-05,0.9999134752746037,4.203299668706845e-08
C14502,1.0,Installment-Focused,0.0001190031087454314,0.9998805349794372,4.619118175754436e-07
C14503,0.0,High Risk,0.9997839030342008,0.0,0.00021609696579860495
C14504,1.0,Installment-Focused,1.2656746786428378e-146,0.9999998658297146,1.341702855914751e-07
C14505,0.0,High Risk,0.9999999171249242,0.0,8.287507504235931e-08
C14506,0.0,High Risk,0.9999997416447691,0.0,2.5835523102803563e-07
C14507,0.0,High Risk,0.9999999696702955,0.0,3.032970475347389e-08
C14508,2.0,Low Engagement,0.0124383716602154,0.0,0.9875616283397848
C14509,2.0,Low Engagement,1.5148169254421936e-122,1.4857140685996414e-180,1.0
C14510,1.0,Installment-Focused,0.00026288147972136064,0.9997371121861992,6.334079344362893e-09
C14511,1.0,Installment-Focused,0.0043134973616260185,0.995686494977213,7.661161047847733e-09
C14512,0.0,High Risk,0.9999991603346804,0.0,8.396653196586742e-07
C14513,1.0,Installment-Focused,0.007050561081896479,0.99294943673442,2.183683637515233e-09
C14514,2.0,Low Engagement,7.764616826966224e-08,1.894766993139637e-50,0.9999999223538326
C14515,0.0,High Risk,0.9999972356223736,0.0,2.7643776263626564e-06
C14516,1.0,Installment-Focused,0.0018748787868608896,0.9981251097395373,1.1473601936367996e-08
C14517,0.0,High Risk,0.9999995023698153,0.0,4.976301843637754e-07
C14518,1.0,Installment-Focused,1.5916848646416206e-16,0.9999987730089557,1.2269910444127587e-06
C14519,0.0,High Risk,0.9999992560897542,0.0,7.43910245456952e-07
C14520,0.0,High Risk,0.9999389719422864,0.0,6.102805771371054e-05
C14521,0.0,High Risk,0.999996136769761,0.0,3.863230239802532e-06
C14522,1.0,Installment-Focused,5.326152924676539e-05,0.9999467294519817,9.01877137106447e-09
C14523,0.0,High Risk,0.9999997514793317,0.0,2.485206680774047e-07
C14524,2.0,Low Engagement,3.076118226452998e-29,2.0998128097040978e-16,1.0
C14525,0.0,High Risk,0.9999999779868853,0.0,2.2013114372465e-08
C14526,1.0,Installment-Focused,4.2835607634691975e-10,0.9999999557264224,4.384522190633634e-08
C14527,0.0,High Risk,0.9999999602732047,0.0,3.9726796162143914e-08
C14528,1.0,Installment-Focused,1.762505018045855e-13,0.9991779839047505,0.0008220160950723589
C14529,0.0,High Risk,0.9999987859217769,0.0,1.2140782227222105e-06
C14530,2.0,Low Engagement,8.802400042031145e-14,0.0,0.9999999999999112
C14531,1.0,Installment-Focused,0.0006261860014985822,0.999373803204232,1.0794269847453215e-08
C14532,1.0,Installment-Focused,2.437033110733525e-132,0.9999999712253191,2.8774680480287754e-08
C14533,0.0,High Risk,0.9999999086601032,0.0,9.133989636629589e-08
C14534,0.0,High Risk,0.9999987393994646,0.0,1.26060053523878e-06
C14535,0.0,High Risk,0.9999999676326109,0.0,3.236738897030457e-08
C14536,0.0,High Risk,0.9890538338840041,0.0,0.010946166115996688
C14537,2.0,Low Engagement,6.092558770997433e-68,0.0,1.0
C14538,0.0,High Risk,0.9999962119098492,0.0,3.7880901501600755e-06
C14539,1.0,Installment-Focused,7.2693094642984715e-62,0.9999998983041872,1.0169581286837837e-07
C14540,0.0,High Risk,0.9999981118562546,0.0,1.8881437458132731e-06
C14541,0.0,High Risk,0.9999997663571694,0.0,2.3364283063296968e-07
C14542,0.0,High Risk,0.9999999397989834,0.0,6.020101653019212e-08
C14543,1.0,Installment-Focused,1.960890697221649e-10,0.9999999414853197,5.831859130397404e-08
C14544,1.0,Installment-Focused,0.002331751771779551,0.9976682463185288,1.9096916175380843e-09
C14545,1.0,Installment-Focused,0.00040842113544106707,0.9995915599318922,1.8932666593714282e-08
C14546,0.0,High Risk,0.9999525731937298,0.0,4.7426806269687695e-05
C14547,1.0,Installment-Focused,0.0005071891212455876,0.9994928064275027,4.451251644034179e-09
C14548,0.0,High Risk,0.9999993748963405,0.0,6.251036593448882e-07
C14549,0.0,High Risk,0.9999998661231279,0.0,1.3387687172361938e-07
C14550,1.0,Installment-Focused,5.677933216746809e-21,0.9999998274805122,1.725194874802911e-07
C14551,1.0,Installment-Focused,4.634962180173306e-97,0.9999999654876165,3.4512383147854205e-08
C14553,0.0,High Risk,0.9999999654548356,0.0,3.4545163940108115e-08
C14554,1.0,Installment-Focused,3.2142840661449136e-88,0.9999992735186113,7.264813889076518e-07
C14555,0.0,High Risk,0.9999992994894973,0.0,7.005105022542592e-07
C14556,1.0,Installment-Focused,5.1655024428714185e-05,0.9999482348509829,1.1012458814269563e-07
C14557,0.0,High Risk,0.9992578131379339,0.0,0.0007421868620659165
C14558,1.0,Installment-Focused,0.002743276545398019,0.9972565923169681,1.311376342405951e-07
C14559,1.0,Installment-Focused,5.918024305804196e-05,0.9999399773169199,8.424400228995279e-07
C14560,1.0,Installment-Focused,0.0013801421723038576,0.9986197512467472,1.065809489246335e-07
C14561,0.0,High Risk,0.9999998537890473,0.0,1.462109523387146e-07
C14562,0.0,High Risk,0.9999892881839321,0.0,1.071181606839543e-05
C14563,0.0,High Risk,0.9999999736675184,0.0,2.6332481440397736e-08
C14564,1.0,Installment-Focused,0.0003203923558613107,0.999679599983279,7.660859699190261e-09
C14565,1.0,Installment-Focused,4.353947106900783e-140,0.9999999416427617,5.835723850098658e-08
C14566,0.0,High Risk,0.9999975215173543,0.0,2.478482646529473e-06
C14567,1.0,Installment-Focused,0.00022316667926265075,0.9997767803034134,5.3017323984879345e-08
C14568,0.0,High Risk,0.9999980783339851,0.0,1.9216660140523203e-06
C14569,1.0,Installment-Focused,0.0004112607914762557,0.9995887318321646,7.376359478675779e-09
C14570,1.0,Installment-Focused,2.7170178628305495e-122,0.9999999632514542,3.674854534505515e-08
C14571,1.0,Installment-Focused,0.0008601604095556677,0.9991398185128788,2.107756542621906e-08
C14572,1.0,Installment-Focused,2.961589502576778e-05,0.99965781581993,0.00031256828504438354
C14573,0.0,High Risk,0.9999999800656643,0.0,1.9934335742168107e-08
C14574,0.0,High Risk,0.999996855921533,0.0,3.1440784673024857e-06
C14575,1.0,Installment-Focused,1.2098179766501802e-106,0.9999998295395874,1.704604123051248e-07
C14576,0.0,High Risk,0.999999574162577,0.0,4.2583742318670547e-07
C14577,0.0,High Risk,0.9999999337480987,0.0,6.625190124034178e-08
C14578,0.0,High Risk,0.9999998160610248,0.0,1.8393897439870497e-07
C14579,0.0,High Risk,0.9999972542018426,0.0,2.745798157032426e-06
C14580,1.0,Installment-Focused,4.728381469555448e-113,0.9999999423347629,5.766523696719255e-08
C14581,1.0,Installment-Focused,3.180722906376481e-110,0.9999999747915339,2.520846638725422e-08
C14582,0.0,High Risk,0.9999483724757435,0.0,5.162752425665509e-05
C14583,0.0,High Risk,0.9999990665441882,0.0,9.334558119144903e-07
C14584,1.0,Installment-Focused,4.315481720082041e-06,0.9999956416409369,4.287734310354775e-08
C14585,0.0,High Risk,0.999989554004057,0.0,1.0445995943328566e-05
C14586,2.0,Low Engagement,8.150833869779658e-32,0.0006547466985152529,0.9993452533014846
C14587,1.0,Installment-Focused,1.651767613716319e-08,0.9999906161562906,9.367326033508581e-06
C14588,1.0,Installment-Focused,0.0004858479821520555,0.9995141449573013,7.060546194894389e-09
C14589,1.0,Installment-Focused,0.00020223371700951566,0.999797759684646,6.598344429056004e-09
C14590,1.0,Installment-Focused,3.984889141492994e-05,0.9999601461381904,4.9703945088294285e-09
C14591,1.0,Installment-Focused,0.00015489993490203657,0.9998447174916449,3.8257345315337193e-07
C14592,0.0,High Risk,0.9999942590859304,0.0,5.740914068921159e-06
C14593,0.0,High Risk,0.999994550011821,0.0,5.449988179084429e-06
C14594,0.0,High Risk,0.9926259657051804,0.0,0.0073740342948193215
C14595,1.0,Installment-Focused,7.511164706904014e-16,0.9999995952169691,4.0478302998010307e-07
C14596,0.0,High Risk,0.9999989298758921,0.0,1.0701241073037778e-06
C14597,1.0,Installment-Focused,1.1042279574259674e-135,0.9999999402244768,5.977552286797869e-08
C14598,0.0,High Risk,0.9999992438730531,0.0,7.561269470532042e-07
C14599,1.0,Installment-Focused,6.487709084927832e-13,0.999999943878431,5.612092035454447e-08
C14600,1.0,Installment-Focused,0.0003555256096059985,0.9996444727775368,1.6128570508699957e-09
C14601,0.0,High Risk,0.9999998746376518,0.0,1.2536234824769679e-07
C14602,1.0,Installment-Focused,1.695736863214308e-05,0.9999822971086154,7.455227520632142e-07
C14603,0.0,High Risk,0.9999999797311638,0.0,2.026883575851411e-08
C14604,1.0,Installment-Focused,1.041060870789466e-22,0.9999994489663536,5.51033646439003e-07
C14606,0.0,High Risk,0.9999998669436074,0.0,1.330563918416266e-07
C14607,1.0,Installment-Focused,0.0005313669948107224,0.9994686300708334,2.9343556299274004e-09
C14608,2.0,Low Engagement,0.2524629267212886,9.260266721501954e-31,0.7475370732787116
C14609,0.0,High Risk,0.9999999520613045,0.0,4.793869552481206e-08
C14610,0.0,High Risk,0.9999990020640782,0.0,9.979359222296902e-07
C14611,0.0,High Risk,0.999999677327685,0.0,3.2267231565699194e-07
C14612,0.0,High Risk,0.9999957871554142,0.0,4.212844586211984e-06
C14613,1.0,Installment-Focused,0.0005108187364940451,0.999489175902345,5.361161129805844e-09
C14614,0.0,High Risk,0.9999995252211037,0.0,4.7477889618187517e-07
C14615,0.0,High Risk,0.9999997172698825,0.0,2.8273011724870893e-07
C14616,1.0,Installment-Focused,3.173308761427348e-19,0.9999897080491364,1.0291950863383755e-05
C14617,0.0,High Risk,0.9999637489446996,0.0,3.625105530074298e-05
C14618,0.0,High Risk,0.9999954629770721,0.0,4.537022927575878e-06
C14619,0.0,High Risk,0.999999788214873,0.0,2.1178512756539086e-07
C14620,1.0,Installment-Focused,2.3213649483329768e-114,0.9999998978452059,1.0215479449252969e-07
C14621,0.0,High Risk,0.9999999570559712,0.0,4.2944028742758645e-08
C14622,2.0,Low Engagement,1.937000000803456e-05,0.001961546904606218,0.9980190830953868
C14623,0.0,High Risk,0.9999980586533402,0.0,1.9413466599880994e-06
C14624,1.0,Installment-Focused,0.0007793769476503457,0.9992205899864518,3.306589787547226e-08
C14625,1.0,Installment-Focused,3.3629203827385057e-13,0.9999984683108465,1.5316888169771054e-06
C14626,1.0,Installment-Focused,8.651770258215137e-09,0.9999999726933421,1.865488755314995e-08
C14627,1.0,Installment-Focused,0.000576072438912288,0.9994238481970971,7.93639903611751e-08
C14628,2.0,Low Engagement,9.990694405234703e-113,0.0,1.0
C14629,0.0,High Risk,0.9999967136373495,0.0,3.286362649949162e-06
C14630,1.0,Installment-Focused,0.00012505369373365814,0.9998749411651223,5.141143972009234e-09
C14631,0.0,High Risk,0.9999999575671437,0.0,4.243285620170941e-08
C14632,0.0,High Risk,0.9999847798447292,0.0,1.522015527083235e-05
C14633,0.0,High Risk,0.9999878024679119,0.0,1.21975320877064e-05
C14634,0.0,High Risk,0.9999999677088672,0.0,3.229113281967277e-08
C14635,0.0,High Risk,0.9980466483639242,0.0,0.00195335163607515
C14636,1.0,Installment-Focused,1.8796336376758744e-06,0.9999980461556383,7.421072401000943e-08
C14637,1.0,Installment-Focused,8.820100345562469e-09,0.9999998985814462,9.259845336405674e-08
C14638,0.0,High Risk,0.9999997778822116,0.0,2.2211778822498453e-07
C14639,0.0,High Risk,0.9999997038015719,0.0,2.9619842770098623e-07
C14640,0.0,High Risk,0.9999999982258707,0.0,1.7741296947616654e-09
C14641,2.0,Low Engagement,1.569336759694619e-07,1.3133040288420503e-39,0.999999843066325
C14642,1.0,Installment-Focused,0.0006162044743731115,0.9993837061360894,8.938953701682848e-08
C14643,1.0,Installment-Focused,0.00012677184736482975,0.9998731989887109,2.9163924425811322e-08
C14644,1.0,Installment-Focused,0.000413099958479117,0.9995868927628881,7.278632689304906e-09
C14645,0.0,High Risk,0.9999933780246619,0.0,6.6219753377415215e-06
C14646,1.0,Installment-Focused,1.2703975965036035e-51,0.9999998626038963,1.3739610409869252e-07
C14647,1.0,Installment-Focused,1.624669997209702e-12,0.9999995770003689,4.2299800647158224e-07
C14648,1.0,Installment-Focused,9.549773589439111e-34,0.9994360713963283,0.000563928603671509
C14649,0.0,High Risk,0.9999999805904161,0.0,1.9409584190195193e-08
C14650,1.0,Installment-Focused,4.288020242873008e-15,0.9999998999740699,1.0002592571366681e-07
C14651,0.0,High Risk,0.9999998484372367,0.0,1.515627633020038e-07
C14652,1.0,Installment-Focused,0.003929589323185962,0.9960703940884067,1.6588407129114202e-08
C14653,0.0,High Risk,0.9999998374213533,0.0,1.6257864641325928e-07
C14654,1.0,Installment-Focused,1.6226827611296423e-05,0.9999836344578236,1.3871456473815966e-07
C14655,1.0,Installment-Focused,0.0030966630984611086,0.9969033148550874,2.204645104458606e-08
C14656,0.0,High Risk,0.9999997561744478,0.0,2.438255526219801e-07
C14657,1.0,Installment-Focused,0.0001425621525550866,0.9998574349543498,2.89309511625933e-09
C14658,2.0,Low Engagement,0.004864590495793126,0.0,0.9951354095042065
C14659,1.0,Installment-Focused,9.564108793493258e-83,0.9999999608744646,3.912553519090353e-08
C14660,1.0,Installment-Focused,0.00018874121872350456,0.9998112569757313,1.8055450809325626e-09
C14661,1.0,Installment-Focused,0.0006198916165606481,0.9993800866221442,2.1761295184718927e-08
C14662,1.0,Installment-Focused,0.00022387291539861868,0.9997761041045964,2.29800048658087e-08
C14663,1.0,Installment-Focused,2.7920305539829196e-18,0.9999997373155315,2.626844684329345e-07
C14664,2.0,Low Engagement,1.124416450866818e-06,0.0,0.99999887558355
C14665,1.0,Installment-Focused,0.054502398359110464,0.9445008532308051,0.000996748410084476
C14666,1.0,Installment-Focused,2.6176680900722844e-05,0.9999730283931243,7.949259749726886e-07
C14667,1.0,Installment-Focused,1.1282670185319508e-108,0.9999999633717811,3.6628218839117575e-08
C14668,1.0,Installment-Focused,1.7277800710624487e-05,0.9982279397532206,0.0017547824460685682
C14669,1.0,Installment-Focused,1.662963858135312e-94,0.9999911004433858,8.899556613963067e-06
C14670,2.0,Low Engagement,1.1784026310890284e-42,0.0,1.0
C14672,0.0,High Risk,0.999975063523088,5.725399235477348e-37,2.4936476912471316e-05
C14673,1.0,Installment-Focused,0.0006573017410707953,0.999342694343147,3.915782433240103e-09
C14674,0.0,High Risk,0.9999994418624952,0.0,5.581375046204657e-07
C14675,0.0,High Risk,0.9999999520213099,0.0,4.797868980755432e-08
C14676,0.0,High Risk,0.9999980572305798,0.0,1.942769420842918e-06
C14677,2.0,Low Engagement,1.3610106977479728e-122,0.0,1.0
C14678,1.0,Installment-Focused,0.0001149292680817191,0.9998850661432485,4.588669815264454e-09
C14679,1.0,Installment-Focused,4.4669270558176835e-124,0.999999981016167,1.898383260431464e-08
C14680,1.0,Installment-Focused,2.9520758051105555e-05,0.9999702955871869,1.8365476241083046e-07
C14681,0.0,High Risk,0.9999987603499739,0.0,1.2396500264331379e-06
C14682,0.0,High Risk,0.9991959088041423,0.0,0.000804091195857416
C14683,1.0,Installment-Focused,2.6810860893628265e-92,0.9999999291061118,7.0893887844917e-08
C14684,0.0,High Risk,0.9999993919728124,0.0,6.080271874406059e-07
C14685,0.0,High Risk,0.9999996315963106,0.0,3.684036896966251e-07
C14686,0.0,High Risk,0.9999999887083595,0.0,1.1291640242761402e-08
C14687,2.0,Low Engagement,2.6595024609774695e-107,0.0,1.0
C14688,0.0,High Risk,0.9999992225199661,0.0,7.774800343126141e-07
C14689,1.0,Installment-Focused,7.081815107594929e-08,0.9999997691881486,1.5999370041704e-07
C14690,0.0,High Risk,0.9999450915683089,0.0,5.490843169179718e-05
C14691,0.0,High Risk,0.9999038763466217,0.0,9.612365337781277e-05
C14692,0.0,High Risk,0.999999149772834,0.0,8.502271653323937e-07
C14693,1.0,Installment-Focused,1.0913690294586467e-114,0.9999999131702568,8.682974326639696e-08
C14694,0.0,High Risk,0.9996968518461021,0.0,0.00030314815389807895
C14695,0.0,High Risk,0.9999992044091547,0.0,7.955908450517476e-07
C14696,0.0,High Risk,0.9999999231533158,0.0,7.684668447392632e-08
C14697,0.0,High Risk,0.9999998206016772,0.0,1.7939832270884773e-07
C14698,1.0,Installment-Focused,1.3981120187546056e-107,0.9999998214022083,1.7859779144484112e-07
C14699,1.0,Installment-Focused,4.8259132727851796e-08,0.9999996095824961,3.421583710177561e-07
C14700,0.0,High Risk,0.9999975432827007,0.0,2.4567172994501983e-06
C14701,1.0,Installment-Focused,1.6481224731056513e-113,0.9999999421631082,5.783689160676136e-08
C14702,1.0,Installment-Focused,0.0007544118973726201,0.9992455688685107,1.923411633068602e-08
C14703,1.0,Installment-Focused,0.0001842542024216542,0.9998157419476195,3.849959160795593e-09
C14704,1.0,Installment-Focused,1.405913225525302e-137,0.9999999490371443,5.096285585726112e-08
C14705,0.0,High Risk,0.9999999002246348,0.0,9.977536565250559e-08
C14706,0.0,High Risk,0.9999994939529647,0.0,5.060470355971201e-07
C14707,0.0,High Risk,0.9999988975142122,0.0,1.1024857874098683e-06
C14708,0.0,High Risk,0.9999988040813977,0.0,1.195918602919736e-06
C14709,0.0,High Risk,0.9069679762121801,0.0,0.09303202378781854
C14710,0.0,High Risk,0.9999999103672175,0.0,8.963278180304187e-08
C14711,0.0,High Risk,0.9999999785347529,0.0,2.146524783135082e-08
C14712,2.0,Low Engagement,5.853328344272462e-07,2.162690897250013e-33,0.9999994146671661
C14713,0.0,High Risk,0.9999999664692464,0.0,3.353075337484807e-08
C14714,1.0,Installment-Focused,1.2425301110023315e-89,0.9999999724766825,2.752331759742915e-08
C14715,1.0,Installment-Focused,3.2920443529851816e-12,0.9999965714463701,3.42855033753342e-06
C14716,1.0,Installment-Focused,5.600319495767964e-92,0.9999999444878209,5.5512179357120964e-08
C14717,0.0,High Risk,0.9999999585720021,0.0,4.142799764444309e-08
C14718,1.0,Installment-Focused,1.1458513018074456e-10,0.9999950963206607,4.9035647544443075e-06
C14719,2.0,Low Engagement,1.5360490339675188e-100,0.0,1.0
C14720,1.0,Installment-Focused,0.0013164166801703486,0.9986835803862172,2.933612660382611e-09
C14721,0.0,High Risk,0.9999993726678436,0.0,6.273321566397932e-07
C14722,1.0,Installment-Focused,8.040694909812629e-28,0.9999998845665368,1.1543346314298988e-07
C14723,0.0,High Risk,0.9999032291948752,0.0,9.677080512480261e-05
C14724,0.0,High Risk,0.9999999568997504,0.0,4.3100249968782835e-08
C14725,0.0,High Risk,0.9999939640356459,0.0,6.035964354643354e-06
C14726,2.0,Low Engagement,1.4782761868031596e-15,0.0,1.0
C14727,0.0,High Risk,0.999993407938365,0.0,6.592061635023759e-06
C14728,0.0,High Risk,0.9691755813193104,0.0,0.030824418680690056
C14729,1.0,Installment-Focused,0.0021194199418087633,0.9978805756524611,4.405729966224675e-09
C14730,0.0,High Risk,0.9999961480011139,0.0,3.851998886312388e-06
C14731,2.0,Low Engagement,0.00305603214854686,0.0,0.9969439678514543
C14732,1.0,Installment-Focused,3.162868085538327e-158,0.9999999126320038,8.736799591029669e-08
C14733,0.0,High Risk,0.9999999844487074,0.0,1.5551292275654768e-08
C14734,0.0,High Risk,0.9964443790394996,0.0,0.003555620960499562
C14735,0.0,High Risk,0.9999998026154405,0.0,1.973845598355205e-07
C14736,1.0,Installment-Focused,1.1842546756817921e-07,0.9999998707607108,1.0813821616437193e-08
C14737,1.0,Installment-Focused,0.00587193570018385,0.9941280633269348,9.728816191088544e-10
C14738,0.0,High Risk,0.9999999743744213,0.0,2.5625578708821994e-08
C14739,1.0,Installment-Focused,1.5507366013428497e-166,0.9999998862800734,1.1371992635706864e-07
C14740,1.0,Installment-Focused,0.000179824872998041,0.9998201678117644,7.315237223775193e-09
C14741,0.0,High Risk,0.9972445415354357,2.6597236848250293e-178,0.002755458464563406
C14742,1.0,Installment-Focused,1.454392180509342e-08,0.9999998624502849,1.2300579297835754e-07
C14743,0.0,High Risk,0.9999998609924229,0.0,1.3900757735932236e-07
C14744,1.0,Installment-Focused,0.0012922181247801026,0.9987077595795235,2.2295695978785854e-08
C14745,0.0,High Risk,0.9999999678246582,0.0,3.2175341772995585e-08
C14746,1.0,Installment-Focused,1.614133012843254e-188,0.9999999866494775,1.3350522577916724e-08
C14747,2.0,Low Engagement,8.073940516960312e-06,0.0,0.9999919260594848
C14748,0.0,High Risk,0.9999907801252417,0.0,9.219874758253232e-06
C14749,2.0,Low Engagement,2.553093381855928e-12,0.0,0.9999999999974456
C14750,0.0,High Risk,0.9999996773107457,0.0,3.2268925400557976e-07
C14751,1.0,Installment-Focused,8.822691639615725e-138,0.9999997107395632,2.892604364257466e-07
C14752,0.0,High Risk,0.9999999195187638,0.0,8.04812364760964e-08
C14753,1.0,Installment-Focused,0.013489282332540034,0.8063369139587859,0.18017380370867447
C14754,1.0,Installment-Focused,2.0312854461739427e-22,0.9999998006048537,1.9939514585991888e-07
C14755,2.0,Low Engagement,1.2514336130236562e-28,2.593894789823868e-16,1.0
C14756,1.0,Installment-Focused,2.457720601088299e-121,0.999999899030122,1.009698782049637e-07
C14757,1.0,Installment-Focused,3.442879275485404e-39,0.9999988961501076,1.103849892015525e-06
C14758,0.0,High Risk,0.9999997702645798,0.0,2.2973541986278132e-07
C14759,1.0,Installment-Focused,9.290322201430894e-14,0.9999999429847896,5.701511771988211e-08
C14760,1.0,Installment-Focused,2.2315855043436776e-06,0.9999976689399919,9.947450349324336e-08
C14761,0.0,High Risk,0.9999999620555993,0.0,3.794440030855389e-08
C14762,1.0,Installment-Focused,2.131670499768974e-07,0.9999997560432976,3.0789652453513995e-08
C14763,2.0,Low Engagement,0.0013732208735076762,0.0,0.998626779126492
C14764,0.0,High Risk,0.9999363619452423,0.0,6.36380547576331e-05
C14765,2.0,Low Engagement,1.2442760885793734e-62,0.0,1.0
C14766,0.0,High Risk,0.9999999654104142,0.0,3.458958570549204e-08
C14767,1.0,Installment-Focused,0.01998530698191356,0.7453233173320369,0.23469137568605022
C14768,0.0,High Risk,0.999999798986227,0.0,2.0101377271726485e-07
C14769,1.0,Installment-Focused,0.003278424110654138,0.9967215527139549,2.3175390893146403e-08
C14770,1.0,Installment-Focused,0.0013232106036224157,0.9986767817714829,7.624894499928894e-09
C14771,2.0,Low Engagement,4.8933016678978796e-70,5.19224798008286e-276,1.0
C14772,0.0,High Risk,0.9999999565782289,0.0,4.342177130428244e-08
C14773,0.0,High Risk,0.9999999525732701,0.0,4.7426729449482144e-08
C14774,1.0,Installment-Focused,1.776843289372671e-15,0.999999960807508,3.919249006362754e-08
C14775,2.0,Low Engagement,4.2016312857548975e-15,0.0,0.9999999999999964
C14776,0.0,High Risk,0.9999981407068451,0.0,1.8592931540941309e-06
C14777,0.0,High Risk,0.9999980762116034,5.427218548602066e-252,1.923788395787167e-06
C14778,2.0,Low Engagement,0.0013840806329507725,0.0,0.9986159193670479
C14779,2.0,Low Engagement,4.825034310487093e-69,0.0,1.0
C14780,0.0,High Risk,0.9999998887830372,0.0,1.112169624265318e-07
C14781,0.0,High Risk,0.9632890089142748,0.0,0.03671099108572422
C14783,0.0,High Risk,0.9999995728045945,0.0,4.2719540483258703e-07
C14784,1.0,Installment-Focused,4.929608988610799e-09,0.9999999665047451,2.8565645815644343e-08
C14785,2.0,Low Engagement,2.7299934945346722e-05,0.0,0.9999727000650532
C14786,1.0,Installment-Focused,3.900860782995824e-124,0.9999999092091146,9.079088578757292e-08
C14787,0.0,High Risk,0.9999998444281607,0.0,1.55571838906872e-07
C14788,1.0,Installment-Focused,0.0003800451509668752,0.9996199441356458,1.0713387391046408e-08
C14789,0.0,High Risk,0.9992756438215561,0.0,0.0007243561784454266
C14790,0.0,High Risk,0.9999987337883761,0.0,1.2662116235789773e-06
C14791,0.0,High Risk,0.9999999804308548,0.0,1.956914564677717e-08
C14792,1.0,Installment-Focused,0.0002518182213282562,0.9997481717546747,1.002399748459599e-08
C14793,0.0,High Risk,0.9768829989948578,4.1278494344806445e-180,0.023117001005143994
C14794,1.0,Installment-Focused,7.314139195732341e-100,0.999999786078394,2.139216063978063e-07
C14795,0.0,High Risk,0.9997449247655703,0.0,0.00025507523442837613
C14796,1.0,Installment-Focused,0.0012053776106481758,0.9987935115985292,1.1107908223626258e-06
C14797,2.0,Low Engagement,3.4600947981727895e-09,0.0,0.9999999965399056
C14798,1.0,Installment-Focused,8.511934345692244e-05,0.9999148013686314,7.928791187878941e-08
C14799,0.0,High Risk,0.9999909092825884,0.0,9.090717410861616e-06
C14800,0.0,High Risk,0.9945495660637608,0.0,0.005450433936239449
C14802,1.0,Installment-Focused,7.9486718576882e-05,0.9999205053329018,7.948521116710532e-09
C14803,0.0,High Risk,0.9999996671327848,0.0,3.3286721563712823e-07
C14804,0.0,High Risk,0.9999938149751944,0.0,6.18502480509438e-06
C14805,1.0,Installment-Focused,1.7027448888733045e-13,0.9999999134910074,8.650882253057824e-08
C14806,1.0,Installment-Focused,2.6440370583256696e-15,0.9999983124697024,1.6875302946927174e-06
C14807,2.0,Low Engagement,0.0017573789928691421,0.01399707782327372,0.9842455431838557
C14808,1.0,Installment-Focused,2.479948617587645e-101,0.9999997692624403,2.3073756004233066e-07
C14809,1.0,Installment-Focused,9.233739753008286e-15,0.999999880827926,1.1917206514139258e-07
C14810,0.0,High Risk,0.9906617580683964,0.0,0.009338241931605349
C14811,2.0,Low Engagement,2.8661106977114523e-146,7.243152821565355e-185,1.0
C14812,0.0,High Risk,0.9995540951484136,0.0,0.0004459048515870422
C14813,0.0,High Risk,0.9999999497822015,0.0,5.0217798868357864e-08
C14814,0.0,High Risk,0.9999999142521442,0.0,8.574785594451459e-08
C14815,1.0,Installment-Focused,0.0010125556652196084,0.9989874370571065,7.277674415149456e-09
C14816,0.0,High Risk,0.9999998949252265,0.0,1.0507477364079473e-07
C14817,1.0,Installment-Focused,8.119626381156355e-178,0.9999999924970133,7.502986218399576e-09
C14818,0.0,High Risk,0.9999999723508631,0.0,2.764913698678412e-08
C14819,0.0,High Risk,0.6310156407959355,0.0,0.36898435920406586
C14820,1.0,Installment-Focused,0.0005593535918377086,0.9994406389172472,7.490915410647919e-09
C14821,1.0,Installment-Focused,3.4227327412046564e-16,0.9999998751809256,1.2481907411219142e-07
C14822,0.0,High Risk,0.9999999778416531,0.0,2.2158346635532536e-08
C14823,1.0,Installment-Focused,5.51051830588716e-05,0.9999448321972692,6.261967189801227e-08
C14824,1.0,Installment-Focused,1.5347825729408942e-05,0.9999846446783378,7.495932785143145e-09
C14825,2.0,Low Engagement,1.3677001376113225e-24,4.083623440687723e-17,1.0
C14826,0.0,High Risk,0.9804412561808452,0.0,0.0195587438191541
C14827,1.0,Installment-Focused,0.00014087070421367622,0.999859124919591,4.376195305567046e-09
C14828,0.0,High Risk,0.9999950327924176,0.0,4.967207583084323e-06
C14829,0.0,High Risk,0.9999997527722447,0.0,2.4722775503504666e-07
C14830,0.0,High Risk,0.9996827920822751,0.0,0.00031720791772428585
C14831,1.0,Installment-Focused,1.7650178427351566e-88,0.9999998386267533,1.6137324706530181e-07
C14832,0.0,High Risk,0.9999992952591775,0.0,7.047408222044407e-07
C14833,1.0,Installment-Focused,4.318514749439641e-169,0.9999999829846261,1.701537369888274e-08
C14834,0.0,High Risk,0.9999989287549838,0.0,1.0712450170582904e-06
C14835,1.0,Installment-Focused,0.0003706464022634877,0.9996293145732253,3.902451105693526e-08
C14836,0.0,High Risk,0.9999989309434673,0.0,1.0690565328884047e-06
C14837,1.0,Installment-Focused,1.4845575855651315e-107,0.9999999893977956,1.0602204805952293e-08
C14838,0.0,High Risk,0.9999964393503895,0.0,3.560649609887354e-06
C14839,0.0,High Risk,0.9999965118146769,0.0,3.488185323833859e-06
C14841,1.0,Installment-Focused,0.000182816937531149,0.9998171788566648,4.205803734191013e-09
C14842,1.0,Installment-Focused,0.011777497887415705,0.9882225004996689,1.6129154266300676e-09
C14843,0.0,High Risk,0.9999997877375278,0.0,2.1226247259790432e-07
C14844,0.0,High Risk,0.9999982539080662,0.0,1.7460919335054785e-06
C14845,1.0,Installment-Focused,0.0010773199696009718,0.9989226778696892,2.1607099312780585e-09
C14846,0.0,High Risk,0.999999787875644,0.0,2.1212435580391579e-07
C14847,2.0,Low Engagement,1.6622664725600654e-45,3.486671793594474e-31,1.0
C14848,0.0,High Risk,0.9999982298824336,0.0,1.7701175660382245e-06
C14849,0.0,High Risk,0.9999999414373678,0.0,5.856263230043736e-08
C14850,0.0,High Risk,0.9999992593655225,0.0,7.406344774971463e-07
C14851,0.0,High Risk,0.9999994398475677,0.0,5.601524330377877e-07
C14852,2.0,Low Engagement,6.796592038905768e-08,0.0,0.9999999320340779
C14853,0.0,High Risk,0.9999999467057995,0.0,5.329420063047654e-08
C14854,0.0,High Risk,0.9999996165126699,0.0,3.8348733005485243e-07
C14855,1.0,Installment-Focused,0.0023168985121898938,0.9976830731614583,2.8326351478926945e-08
C14856,2.0,Low Engagement,1.593527897964716e-114,0.0,1.0
C14857,1.0,Installment-Focused,0.00040006857580018515,0.9995998422321974,8.919200253299436e-08
C14858,1.0,Installment-Focused,0.0003026249587600142,0.999697340481054,3.456018586342388e-08
C14859,0.0,High Risk,0.9999924836240308,0.0,7.516375968485086e-06
C14860,1.0,Installment-Focused,0.0008422833808295453,0.9991576499084759,6.671069446117778e-08
C14861,1.0,Installment-Focused,7.137347364753008e-10,0.9999996258433519,3.7344291351963684e-07
C14862,1.0,Installment-Focused,5.692260926077585e-19,0.9999989349242494,1.065075750211227e-06
C14863,1.0,Installment-Focused,0.002306963396147963,0.9976930352533792,1.350472805734628e-09
C14864,2.0,Low Engagement,0.07152029817167313,0.0,0.9284797018283267
C14865,1.0,Installment-Focused,9.342713631608883e-05,0.9999065553670153,1.7496668534145268e-08
C14866,0.0,High Risk,0.9999986949785142,0.0,1.3050214850708894e-06
C14867,0.0,High Risk,0.9999998495639193,0.0,1.5043608112695347e-07
C14868,0.0,High Risk,0.9999999788757148,0.0,2.112428527886859e-08
C14870,0.0,High Risk,0.9999996430888609,0.0,3.569111391966556e-07
C14871,1.0,Installment-Focused,2.1331617821416355e-21,0.9999998519696994,1.4803030040567506e-07
C14872,1.0,Installment-Focused,8.263781021775412e-05,0.9999167357573097,6.26432472691921e-07
C14873,0.0,High Risk,0.9999998167150207,0.0,1.8328497913836804e-07
C14874,0.0,High Risk,0.9999999780320314,0.0,2.1967968061187786e-08
C14876,0.0,High Risk,0.9999264240406402,0.0,7.357595936034541e-05
C14877,1.0,Installment-Focused,8.81510913216071e-14,0.999999527720577,4.7227933521390866e-07
C14878,0.0,High Risk,0.9999999767844276,0.0,2.3215572382690326e-08
C14879,2.0,Low Engagement,8.878192780948067e-104,0.0,1.0
C14880,0.0,High Risk,0.9999999235742207,0.0,7.642577921959651e-08
C14881,0.0,High Risk,0.9999999712976355,0.0,2.870236454985604e-08
C14882,1.0,Installment-Focused,9.624504986552391e-06,0.9999899771736122,3.9832140129102007e-07
C14884,0.0,High Risk,0.9999997538644864,0.0,2.461355140820609e-07
C14885,0.0,High Risk,0.9999995482622069,0.0,4.5173779328153663e-07
C14886,0.0,High Risk,0.9999998915225318,0.0,1.0847746850125814e-07
C14887,2.0,Low Engagement,4.4123616258168984e-05,1.1805476656017398e-26,0.9999558763837405
C14888,1.0,Installment-Focused,5.541137390352987e-05,0.9999443642772322,2.2434886503744813e-07
C14889,0.0,High Risk,0.999999988036703,0.0,1.1963296635145721e-08
C14890,1.0,Installment-Focused,0.0006357411325898778,0.9993642548103037,4.057106311654189e-09
C14892,1.0,Installment-Focused,0.002420286668125635,0.997579690193,2.3138874195030655e-08
C14894,1.0,Installment-Focused,0.0006535653505606871,0.9993464281874039,6.462035445042651e-09
C14895,1.0,Installment-Focused,2.3968476079217126e-14,0.9999999490419773,5.09579987326786e-08
C14896,1.0,Installment-Focused,1.379604854189027e-30,0.9999998056796959,1.9432030414374496e-07
C14897,1.0,Installment-Focused,0.0008995933340020194,0.9991003840239517,2.2642045827351154e-08
C14898,2.0,Low Engagement,8.341347077545405e-62,0.0,1.0
C14899,0.0,High Risk,0.999980928433906,0.0,1.9071566094918782e-05
C14900,2.0,Low Engagement,5.366820416730731e-134,3.5450547217902014e-42,1.0
C14901,0.0,High Risk,0.9999999816034137,0.0,1.839658648078813e-08
C14902,1.0,Installment-Focused,2.787785084953235e-78,0.9999919912268727,8.008773127607175e-06
C14903,0.0,High Risk,0.9999996938120581,0.0,3.0618794118290524e-07
C14904,1.0,Installment-Focused,0.000813318193728042,0.999186572297444,1.0950882875150962e-07
C14905,0.0,High Risk,0.9999993787733452,0.0,6.212266556036191e-07
C14906,1.0,Installment-Focused,0.00011170698383134742,0.9998882572153659,3.5800803448306975e-08
C14907,1.0,Installment-Focused,2.772209773505712e-135,0.9999999079752342,9.202476567125798e-08
C14908,2.0,Low Engagement,7.124970859033348e-11,2.7807008706626666e-40,0.9999999999287503
C14909,0.0,High Risk,0.9999984186881449,0.0,1.5813118546637996e-06
C14910,0.0,High Risk,0.9999999792856828,0.0,2.071431694539938e-08
C14911,2.0,Low Engagement,3.301460370919944e-95,0.0,1.0
C14912,2.0,Low Engagement,7.311483979443436e-06,0.0,0.999992688516022
C14913,1.0,Installment-Focused,0.0008330578913147707,0.9991669290495604,1.305912444120325e-08
C14914,0.0,High Risk,0.9999998193914287,0.0,1.8060857177266116e-07
C14915,2.0,Low Engagement,9.906831567548731e-33,0.0005990666704567015,0.9994009333295427
C14916,0.0,High Risk,0.9999999067278277,0.0,9.32721721539485e-08
C14917,1.0,Installment-Focused,1.1425135922863757e-06,0.9999987887930825,6.86933254776942e-08
C14918,0.0,High Risk,0.9999895873277694,0.0,1.0412672231381159e-05
C14919,1.0,Installment-Focused,0.005868021588367553,0.9941319615011154,1.6910517082808343e-08
C14920,1.0,Installment-Focused,6.053945122933352e-35,0.9999996788901919,3.2110980771822325e-07
C14921,2.0,Low Engagement,2.0853018701937525e-131,0.0,1.0
C14922,0.0,High Risk,0.9999999594432553,0.0,4.055674492475104e-08
C14923,2.0,Low Engagement,5.871430730968317e-14,0.0,0.9999999999999396
C14924,0.0,High Risk,0.9999997742439077,0.0,2.2575609297094962e-07
C14925,1.0,Installment-Focused,0.006384491875211947,0.9936155052281532,2.8966352435234833e-09
C14926,1.0,Installment-Focused,9.136418436772107e-19,0.9999998921619802,1.0783801972865093e-07
C14927,0.0,High Risk,0.9999988221258116,0.0,1.1778741880001268e-06
C14928,1.0,Installment-Focused,2.3411342782559622e-58,0.999999773977591,2.260224082727394e-07
C14929,0.0,High Risk,0.9999989048739356,0.0,1.0951260641958095e-06
C14930,0.0,High Risk,0.9999999737318811,0.0,2.6268118829570832e-08
C14931,0.0,High Risk,0.9999997976517294,0.0,2.0234827075636184e-07
C14932,0.0,High Risk,0.9999793975163506,0.0,2.060248364882025e-05
C14933,1.0,Installment-Focused,3.9781719032804405e-05,0.999959934318015,2.8396295191541007e-07
C14934,2.0,Low Engagement,2.934104723020314e-07,0.0,0.9999997065895276
C14935,1.0,Installment-Focused,3.117067715257019e-06,0.9999968570977369,2.583454800220014e-08
C14936,1.0,Installment-Focused,1.1376253965698239e-86,0.999993616409982,6.383590018046304e-06
C14937,0.0,High Risk,0.9999991309075613,0.0,8.690924390292139e-07
C14938,2.0,Low Engagement,1.6122543650123516e-119,0.0,1.0
C14939,0.0,High Risk,0.9999997213381613,0.0,2.786618386826375e-07
C14940,1.0,Installment-Focused,1.0439145998442368e-19,0.9920492755107099,0.007950724489289263
C14941,0.0,High Risk,0.9999999802171147,0.0,1.9782885547726013e-08
C14942,1.0,Installment-Focused,1.5726066070745451e-137,0.9999997419033053,2.580966944630612e-07
C14943,2.0,Low Engagement,0.3052432157264011,6.750035058043694e-165,0.6947567842735991
C14944,1.0,Installment-Focused,0.001646198808568111,0.9983537900668494,1.1124582578797575e-08
C14945,0.0,High Risk,0.998884260747994,0.0,0.0011157392520064905
C14946,0.0,High Risk,0.9999999493128455,0.0,5.068715487907987e-08
C14947,1.0,Installment-Focused,0.0006597289789122346,0.9993402665710075,4.450080489685859e-09
C14948,0.0,High Risk,0.9999999049365976,0.0,9.506340199217532e-08
C14949,1.0,Installment-Focused,0.0043846986321681635,0.9956152544131166,4.695471541071766e-08
C14950,1.0,Installment-Focused,0.004533867362330997,0.9954661183414084,1.4296260340432085e-08
C14951,1.0,Installment-Focused,0.00018945153138730578,0.9998105231776543,2.529095852565627e-08
C14952,0.0,High Risk,0.9978128091876892,0.0,0.002187190812310479
C14953,1.0,Installment-Focused,0.0006792861121848318,0.9993206826454908,3.124232436105132e-08
C14954,1.0,Installment-Focused,0.0004605522085718061,0.9995394342937225,1.3497705757728463e-08
C14955,1.0,Installment-Focused,0.012649922356027266,0.9873496359610839,4.4168288877759384e-07
C14956,0.0,High Risk,0.9999983864932634,0.0,1.613506736365136e-06
C14957,0.0,High Risk,0.9999775713660425,0.0,2.2428633959279833e-05
C14958,1.0,Installment-Focused,1.0284824658942188e-06,0.9999989316950404,3.982249334252663e-08
C14959,1.0,Installment-Focused,0.00016459546788927959,0.9998353892184966,1.5313614024312e-08
C14960,1.0,Installment-Focused,0.00018997327366214613,0.9998100230574758,3.6688622708406224e-09
C14961,0.0,High Risk,0.9999971984243197,0.0,2.8015756800348396e-06
C14962,1.0,Installment-Focused,6.573368172292433e-121,0.9999999676279817,3.237201848756176e-08
C14963,0.0,High Risk,0.999998646771309,0.0,1.3532286902533557e-06
C14964,1.0,Installment-Focused,5.992568391822312e-116,0.9999999835601453,1.6439855076922146e-08
C14965,2.0,Low Engagement,1.7587266491888738e-37,0.0,1.0
C14966,1.0,Installment-Focused,5.358654581770597e-06,0.9999945853685805,5.597683746555694e-08
C14967,0.0,High Risk,0.9999958447782794,0.0,4.155221720874606e-06
C14968,2.0,Low Engagement,1.5100894493526038e-19,0.0,1.0
C14969,0.0,High Risk,0.9999995589830397,0.0,4.410169598711023e-07
C14970,0.0,High Risk,0.9999998144052226,0.0,1.855947774398431e-07
C14971,2.0,Low Engagement,0.4451113293216768,0.0,0.554888670678323
C14972,0.0,High Risk,0.9999935397120145,0.0,6.4602879859712086e-06
C14973,1.0,Installment-Focused,3.6077113985098256e-40,0.999999859505918,1.4049408228320975e-07
C14974,1.0,Installment-Focused,0.003419378560583386,0.9965804595050696,1.6193434698765144e-07
C14975,1.0,Installment-Focused,0.00023168981326465016,0.9997682945891262,1.5597609066478702e-08
C14976,1.0,Installment-Focused,3.614798177639271e-14,0.9999986265047873,1.3734951766140258e-06
C14977,1.0,Installment-Focused,5.641763591107772e-23,0.9999998711439252,1.2885607487041379e-07
C14978,1.0,Installment-Focused,1.5554244967001782e-16,0.9999987663469374,1.2336530621776104e-06
C14979,1.0,Installment-Focused,0.0009084030569672618,0.9990915768154703,2.0127562504338415e-08
C14980,0.0,High Risk,0.9999996002474161,0.0,3.997525836456069e-07
C14981,1.0,Installment-Focused,6.905611893850926e-10,0.9999943237489648,5.6755604734954605e-06
C14982,1.0,Installment-Focused,7.086723739036149e-05,0.9999290290013869,1.037612227355334e-07
C14983,0.0,High Risk,0.9999983354273655,0.0,1.6645726352548312e-06
C14984,1.0,Installment-Focused,0.12320746772918743,0.87679226337234,2.688984726859805e-07
C14985,0.0,High Risk,0.9999998918915024,0.0,1.081084978016134e-07
C14986,0.0,High Risk,0.999985776535558,0.0,1.4223464441560417e-05
C14987,1.0,Installment-Focused,6.761005084043072e-28,0.9999998805718664,1.1942813353658688e-07
C14988,1.0,Installment-Focused,2.4740625403288355e-07,0.999999406120097,3.464736491955663e-07
C14989,1.0,Installment-Focused,2.967267867499333e-15,0.9999998218230192,1.781769780520603e-07
C14990,0.0,High Risk,0.9999995273123587,0.0,4.7268764157316454e-07
C14991,1.0,Installment-Focused,2.385382394895878e-91,0.9999995169956287,4.830043712417001e-07
C14992,1.0,Installment-Focused,0.0010022728876065083,0.998997722946828,4.1655655438627735e-09
C14993,1.0,Installment-Focused,4.071229436866492e-133,0.9999999505505789,4.944942101789675e-08
C14994,1.0,Installment-Focused,5.19745523463537e-08,0.9999997853267102,1.6269873769681543e-07
C14995,0.0,High Risk,0.9999662565753018,7.396540224094353e-39,3.374342469830463e-05
C14996,2.0,Low Engagement,4.5066197690629345e-94,0.0,1.0
C14997,0.0,High Risk,0.9999999768641354,0.0,2.3135864470420304e-08
C14998,1.0,Installment-Focused,1.8602235740841174e-11,0.9999988609157752,1.1390656229660051e-06
C15000,1.0,Installment-Focused,0.0004378506488853094,0.9995621376508734,1.1700241085308643e-08
C15001,1.0,Installment-Focused,2.9339561932108405e-06,0.9999964438693586,6.221744482660265e-07
C15002,1.0,Installment-Focused,1.7416040158517957e-19,0.999999933165403,6.683459699997264e-08
C15003,1.0,Installment-Focused,2.7277406538775135e-09,0.9999999016777568,9.559450234070186e-08
C15004,1.0,Installment-Focused,3.188726158874376e-22,0.999994515477043,5.484522956155452e-06
C15005,0.0,High Risk,0.9999983282288744,0.0,1.6717711260315805e-06
C15006,1.0,Installment-Focused,0.0002200080884286095,0.9997798875202947,1.0439127631522488e-07
C15007,2.0,Low Engagement,1.2235087280585079e-27,3.7536924658210516e-20,1.0
C15008,0.0,High Risk,0.9999999525911438,0.0,4.740885582480319e-08
C15009,1.0,Installment-Focused,2.1193553335105445e-15,0.999996700772536,3.299227461477126e-06
C15010,1.0,Installment-Focused,2.8618831109578613e-19,0.9999991845490198,8.154509798619504e-07
C15011,0.0,High Risk,0.969020411538868,0.0,0.030979588461130955
C15012,0.0,High Risk,0.9999999225651205,0.0,7.74348796637972e-08
C15013,1.0,Installment-Focused,5.842276556178849e-33,0.999989010798618,1.0989201382224062e-05
C15014,1.0,Installment-Focused,7.746062468764536e-05,0.9999225377461218,1.6291905144538004e-09
C15015,0.0,High Risk,0.9999999489702636,0.0,5.102973679148784e-08
C15016,0.0,High Risk,0.999994573662246,0.0,5.4263377532017566e-06
C15017,1.0,Installment-Focused,1.8061074302084042e-98,0.9999999596172725,4.0382727236303935e-08
C15018,1.0,Installment-Focused,1.3903890144572228e-23,0.9999998716923832,1.283076169163966e-07
C15019,2.0,Low Engagement,3.258509316289816e-11,0.0,0.9999999999674145
C15020,1.0,Installment-Focused,3.727854855402966e-16,0.9999998581081594,1.4189184030779328e-07
C15021,1.0,Installment-Focused,4.501163934888323e-39,0.9999998548995109,1.4510048928906084e-07
C15022,1.0,Installment-Focused,5.435329878279236e-44,0.9999998883753207,1.1162467945753417e-07
C15023,1.0,Installment-Focused,3.7670171063997915e-38,0.9999996602837786,3.3971622176275955e-07
C15025,1.0,Installment-Focused,0.0009929151450038052,0.999007081855941,2.9990551908784526e-09
C15026,1.0,Installment-Focused,0.006526192695931096,0.9934737922313688,1.5072699823945005e-08
C15027,1.0,Installment-Focused,0.0006415220435650572,0.9993584545530664,2.340336867063312e-08
C15028,1.0,Installment-Focused,2.4170410915534855e-114,0.9999998096858812,1.9031411842265602e-07
C15029,0.0,High Risk,0.9999984059818313,0.0,1.5940181686108647e-06
C15030,1.0,Installment-Focused,2.9067443622877087e-132,0.9999997726024913,2.2739750895168633e-07
C15031,0.0,High Risk,0.9999993217681613,0.0,6.782318391580834e-07
C15032,0.0,High Risk,0.9999793860963185,0.0,2.0613903681219937e-05
C15033,1.0,Installment-Focused,4.111167151155679e-22,0.9999989757273108,1.024272689209632e-06
C15034,0.0,High Risk,0.9999997034069161,0.0,2.965930838110224e-07
C15035,2.0,Low Engagement,0.00012568040209978059,0.0,0.9998743195979011
C15036,1.0,Installment-Focused,2.2123956379341993e-127,0.999999637101448,3.6289855214388786e-07
C15037,1.0,Installment-Focused,0.002544057297031164,0.9974558791738953,6.352907311474493e-08
C15038,0.0,High Risk,0.9999999090807764,0.0,9.09192235571855e-08
C15039,1.0,Installment-Focused,2.769575784745597e-12,0.9999998922957922,1.077014380710743e-07
C15040,1.0,Installment-Focused,0.00033157924394236417,0.9996683903400043,3.041605377124938e-08
C15041,0.0,High Risk,0.9999996027008117,0.0,3.972991881400408e-07
C15042,1.0,Installment-Focused,1.4845330464391763e-86,0.9999999736920747,2.6307925268444152e-08
C15043,0.0,High Risk,0.9999998320126559,0.0,1.6798734432230756e-07
C15044,0.0,High Risk,0.9999999460235284,0.0,5.3976470910419054e-08
C15045,0.0,High Risk,0.9999999170549544,0.0,8.294504565001549e-08
C15046,0.0,High Risk,0.9999971714217449,0.0,2.82857825493037e-06
C15047,1.0,Installment-Focused,0.0001355318831851581,0.9998644643919401,3.7248746189693843e-09
C15048,0.0,High Risk,0.9999949471390837,0.0,5.052860916816483e-06
C15049,1.0,Installment-Focused,0.0033935202537620337,0.9966046162578169,1.8634884210508021e-06
C15050,0.0,High Risk,0.9999999883157047,0.0,1.168429508397786e-08
C15051,1.0,Installment-Focused,0.0030385769113018177,0.9969613986856447,2.4403053407083046e-08
C15052,0.0,High Risk,0.9999989869899204,0.0,1.0130100788445257e-06
C15054,1.0,Installment-Focused,0.00013806352948008373,0.9998619325553917,3.915128280741322e-09
C15055,2.0,Low Engagement,0.32007314090136374,0.0,0.6799268590986361
C15056,0.0,High Risk,0.9999967157080295,0.0,3.2842919700504878e-06
C15057,1.0,Installment-Focused,0.0003787821063077433,0.9996210498607055,1.6803298642826466e-07
C15058,0.0,High Risk,0.9999993450974904,0.0,6.549025093100408e-07
C15059,0.0,High Risk,0.9999989945252931,0.0,1.005474706802945e-06
C15060,0.0,High Risk,0.9999998665244183,0.0,1.334755812643847e-07
C15061,1.0,Installment-Focused,1.939367525708676e-12,0.9999998245155041,1.7548255691739464e-07
C15062,2.0,Low Engagement,1.0409201489759174e-100,2.8133911625245985e-38,1.0
C15063,0.0,High Risk,0.9999922441603347,0.0,7.755839665347768e-06
C15064,0.0,High Risk,0.999997244093391,0.0,2.7559066092037854e-06
C15065,2.0,Low Engagement,4.036240096837311e-11,0.0,0.9999999999596376
C15067,1.0,Installment-Focused,1.471782627138271e-09,0.9999998835947991,1.1493341810805568e-07
C15068,1.0,Installment-Focused,3.322664647680013e-13,0.9999997475027581,2.524969097132553e-07
C15069,1.0,Installment-Focused,9.993248211940171e-45,0.9999998461316947,1.5386830550153436e-07
C15070,2.0,Low Engagement,0.0016208197111831574,2.2450166805214075e-43,0.9983791802888161
C15071,1.0,Installment-Focused,1.0031055277987496e-14,0.9999993524229672,6.475770224257267e-07
C15073,0.0,High Risk,0.9999998996752769,0.0,1.0032472336150726e-07
C15074,0.0,High Risk,0.9999991871191849,0.0,8.128808147404064e-07
C15075,0.0,High Risk,0.9999999596417338,0.0,4.03582659845366e-08
C15076,1.0,Installment-Focused,2.02293277006784e-46,0.999935103462786,6.489653721466736e-05
C15077,1.0,Installment-Focused,7.112448407909243e-20,0.9999997931701455,2.068298545509811e-07
C15078,0.0,High Risk,0.9661869152116088,0.0,0.03381308478839135
C15079,0.0,High Risk,0.9999631210105506,0.0,3.6878989448783894e-05
C15080,2.0,Low Engagement,3.1232046651726595e-41,0.0,1.0
C15081,2.0,Low Engagement,4.743007012217234e-16,0.0,1.0
C15082,0.0,High Risk,0.9999915277043764,0.0,8.472295624197615e-06
C15083,1.0,Installment-Focused,1.2713497962200746e-16,0.9998872910398111,0.00011270896018955287
C15084,0.0,High Risk,0.9999996553459417,0.0,3.4465405827216906e-07
C15085,1.0,Installment-Focused,4.273851979190889e-09,0.9999997723389101,2.2338723800920498e-07
C15086,1.0,Installment-Focused,0.005771233624449938,0.9942286094005055,1.5697504528891623e-07
C15087,0.0,High Risk,0.9999999348576857,0.0,6.514231443333119e-08
C15088,0.0,High Risk,0.9999994456241881,0.0,5.543758126302937e-07
C15089,1.0,Installment-Focused,1.5719695825226328e-117,0.9999999591426594,4.0857340276365e-08
C15090,1.0,Installment-Focused,9.8755812271382e-10,0.9999996349331397,3.640793022323435e-07
C15091,0.0,High Risk,0.9999979931070454,0.0,2.0068929549096747e-06
C15092,0.0,High Risk,0.9999788583468971,0.0,2.1141653102962563e-05
C15093,2.0,Low Engagement,7.880764388432904e-22,0.0,1.0
C15094,0.0,High Risk,0.9999999429461653,0.0,5.705383511792003e-08
C15095,1.0,Installment-Focused,0.03122418307304782,0.9687758112337435,5.693209538085582e-09
C15096,2.0,Low Engagement,0.06349350146936794,0.0,0.9365064985306335
C15097,1.0,Installment-Focused,1.2105594432359511e-23,0.9999998849535525,1.1504644757635463e-07
C15098,0.0,High Risk,0.9998313114389925,4.100319115488344e-233,0.00016868856100836754
C15099,0.0,High Risk,0.9999997351716288,0.0,2.648283712460499e-07
C15100,0.0,High Risk,0.9999068472812876,0.0,9.315271871196718e-05
C15101,0.0,High Risk,0.9999965141889632,0.0,3.485811037006189e-06
C15102,1.0,Installment-Focused,3.439707446102935e-29,0.9999742852051495,2.5714794851190903e-05
C15103,1.0,Installment-Focused,8.259124060490681e-142,0.9999999425350151,5.7464984536763396e-08
C15104,1.0,Installment-Focused,4.898478921996589e-126,0.9999999648579825,3.5142017254985485e-08
C15105,0.0,High Risk,0.999998147722748,0.0,1.852277251842919e-06
C15106,2.0,Low Engagement,9.23518272202717e-124,2.5601959859488426e-36,1.0
C15107,2.0,Low Engagement,0.000832104378801917,0.0,0.9991678956211971
C15108,1.0,Installment-Focused,4.6751186830211986e-20,0.9999997426454315,2.5735456863166853e-07
C15109,1.0,Installment-Focused,4.640242523892137e-09,0.9999998688903983,1.2646935932811849e-07
C15110,1.0,Installment-Focused,2.2707012235449557e-50,0.9999995350231978,4.649768029792453e-07
C15111,0.0,High Risk,0.9999996123474612,0.0,3.8765253912302106e-07
C15112,0.0,High Risk,0.9999999664561164,0.0,3.354388443718428e-08
C15113,1.0,Installment-Focused,1.0424993538759176e-16,0.9952416084523116,0.004758391547688839
C15114,0.0,High Risk,0.9999995352119863,0.0,4.64788013524903e-07
C15115,0.0,High Risk,0.9999927804820848,0.0,7.219517915355697e-06
C15116,0.0,High Risk,0.9999999419443347,0.0,5.8055665692316235e-08
C15117,1.0,Installment-Focused,0.004628893172279028,0.9953711051257782,1.701943152042309e-09
C15118,1.0,Installment-Focused,0.00045645117768012454,0.9995435414658262,7.3564934937856195e-09
C15121,1.0,Installment-Focused,6.151573858200267e-11,0.9999997800300593,2.1990842482518597e-07
C15122,1.0,Installment-Focused,2.6513074448100822e-06,0.9999914448485104,5.903844045246736e-06
C15123,0.0,High Risk,0.9999997356460563,0.0,2.643539438416808e-07
C15124,1.0,Installment-Focused,0.0012439442733701072,0.9987560418213343,1.3905295790633028e-08
C15125,1.0,Installment-Focused,1.1699666981715149e-126,0.999999959492503,4.0507497078623083e-08
C15126,0.0,High Risk,0.5030184059115087,0.0,0.4969815940884921
C15127,1.0,Installment-Focused,2.0947706328376042e-06,0.9999978862257548,1.90036120100584e-08
C15128,0.0,High Risk,0.9980747077752679,0.0,0.0019252922247316863
C15129,1.0,Installment-Focused,1.8266268607588112e-37,0.9999995716770151,4.283229850541557e-07
C15130,0.0,High Risk,0.999999595192308,0.0,4.048076923828678e-07
C15131,1.0,Installment-Focused,7.926651505637965e-06,0.9999920253734522,4.797504176503607e-08
C15132,0.0,High Risk,0.999999369502685,0.0,6.304973145618504e-07
C15133,0.0,High Risk,0.9999931519497293,0.0,6.848050271607745e-06
C15134,1.0,Installment-Focused,2.3222713897851195e-08,0.9999998812418003,9.553548602068295e-08
C15135,0.0,High Risk,0.9999999323941152,0.0,6.760588455301311e-08
C15136,0.0,High Risk,0.9999999301382985,0.0,6.986170224884871e-08
C15137,0.0,High Risk,0.9999852417796569,0.0,1.475822034268331e-05
C15138,1.0,Installment-Focused,0.0026285357759182446,0.9973714524086453,1.1815436575322293e-08
C15139,0.0,High Risk,0.9999834223859897,1.1825188478387946e-35,1.657761401003567e-05
C15140,1.0,Installment-Focused,0.0005505490709221109,0.9994494498723174,1.056760740632005e-09
C15141,2.0,Low Engagement,6.338245583112822e-11,3.807733061832967e-07,0.999999619163313
C15142,1.0,Installment-Focused,0.00014023242505563702,0.9998597649547176,2.620226507874154e-09
C15143,1.0,Installment-Focused,8.776477413715431e-40,0.9999994893995463,5.106004540013829e-07
C15144,1.0,Installment-Focused,4.532291567782046e-05,0.9999546150033869,6.20809355620238e-08
C15145,0.0,High Risk,0.9999993236611915,0.0,6.763388081187867e-07
C15146,1.0,Installment-Focused,5.393321761467949e-08,0.9999960384852666,3.90758151530936e-06
C15147,1.0,Installment-Focused,0.00010672668657361871,0.9998932672370576,6.076368598155825e-09
C15148,2.0,Low Engagement,5.479482375625222e-29,6.402894110351938e-20,1.0
C15149,1.0,Installment-Focused,4.6237555636162984e-122,0.9999993963204333,6.03679566733955e-07
C15150,1.0,Installment-Focused,1.4065372286622048e-92,0.9999998925884861,1.0741151392964843e-07
C15151,0.0,High Risk,0.9999987028603485,0.0,1.2971396509081028e-06
C15152,0.0,High Risk,0.9999999676124244,0.0,3.238757543182258e-08
C15153,1.0,Installment-Focused,0.0028649032724366004,0.997135085392821,1.1334742576044612e-08
C15154,1.0,Installment-Focused,0.0009756016546188483,0.9990243031292566,9.52161249471707e-08
C15155,1.0,Installment-Focused,0.0002892641622641455,0.9997107300516981,5.786038213372613e-09
C15156,0.0,High Risk,0.9999994056163483,0.0,5.943836521391449e-07
C15157,1.0,Installment-Focused,0.00011929818220260638,0.999880692063976,9.753821825190123e-09
C15158,0.0,High Risk,0.9999817234685272,0.0,1.8276531472211593e-05
C15159,1.0,Installment-Focused,0.0001637716217199893,0.9998362153516238,1.3026655818229308e-08
C15160,0.0,High Risk,0.9999999123564457,0.0,8.764355411891347e-08
C15161,1.0,Installment-Focused,7.550508860754678e-22,0.9999995684099704,4.315900298289736e-07
C15162,2.0,Low Engagement,1.563112973925103e-136,0.0,1.0
C15163,0.0,High Risk,0.9999983787855747,2.286e-320,1.6212144248578782e-06
C15164,0.0,High Risk,0.9948427439739534,0.0,0.005157256026045107
C15165,2.0,Low Engagement,5.211335122714226e-13,0.390121647630746,0.6098783523687316
C15166,0.0,High Risk,0.9999966122737768,0.0,3.387726222687454e-06
C15167,0.0,High Risk,0.9999985036558887,0.0,1.4963441106233437e-06
C15168,1.0,Installment-Focused,3.325382124634942e-16,0.9999998998032661,1.001967331587636e-07
C15169,1.0,Installment-Focused,0.0002973802964158727,0.9997025556974805,6.400610344170104e-08
C15170,1.0,Installment-Focused,2.105007337402223e-71,0.9999773881803065,2.261181969303476e-05
C15171,1.0,Installment-Focused,9.736246154504093e-12,0.9999856233817216,1.437660854268576e-05
C15172,0.0,High Risk,0.9999918275825272,0.0,8.172417473006808e-06
C15173,0.0,High Risk,0.9999975557847868,0.0,2.444215213896454e-06
C15174,0.0,High Risk,0.9999995496309567,0.0,4.5036904299805225e-07
C15175,2.0,Low Engagement,1.0754023262210403e-13,0.0,0.9999999999998934
C15177,0.0,High Risk,0.9999993462958093,0.0,6.537041906632519e-07
C15178,0.0,High Risk,0.9999996115240721,0.0,3.8847592723899754e-07
C15179,2.0,Low Engagement,1.450959945146522e-105,0.0,1.0
C15180,0.0,High Risk,0.99999975136987,0.0,2.486301304364254e-07
C15181,1.0,Installment-Focused,1.2337872110103631e-119,0.9999999540944372,4.590556232571323e-08
C15182,0.0,High Risk,0.9999999060495819,0.0,9.395041839877026e-08
C15183,2.0,Low Engagement,1.0326264839167492e-14,5.258759851075275e-12,0.9999999999947313
C15184,2.0,Low Engagement,6.341060849610848e-07,0.0,0.9999993658939154
C15185,1.0,Installment-Focused,0.0005486343711076554,0.9994513586659228,6.962969274154699e-09
C15186,1.0,Installment-Focused,0.0003597678368872489,0.9996402274392433,4.723869263594515e-09
C15187,0.0,High Risk,0.9999998716110678,0.0,1.2838893173498236e-07
C15188,1.0,Installment-Focused,1.2534258553857685e-08,0.999999974157228,1.3308513276597575e-08
C15189,0.0,High Risk,0.9999999578419274,0.0,4.2158072406515426e-08
C15190,1.0,Installment-Focused,6.829054491606277e-112,0.9999997736433216,2.2635667866072624e-07
C15191,1.0,Installment-Focused,1.829286101359534e-95,0.9999998719153746,1.280846257542215e-07
C15192,0.0,High Risk,0.9992253249138358,3.171368859988304e-49,0.0007746750861647382
C15193,1.0,Installment-Focused,9.034607576355921e-92,0.9999999564881398,4.3511860262698005e-08
C15194,0.0,High Risk,0.9999701980341058,0.0,2.980196589441727e-05
C15195,0.0,High Risk,0.9999971863277668,0.0,2.8136722323760165e-06
C15196,1.0,Installment-Focused,0.0009400024549902938,0.9990598990055396,9.853946996646214e-08
C15197,2.0,Low Engagement,5.4251059470610157e-157,0.0,1.0
C15198,1.0,Installment-Focused,1.735577318690644e-21,0.9999775866620166,2.241333798293601e-05
C15199,0.0,High Risk,0.9999952090661464,0.0,4.790933853552369e-06
C15200,2.0,Low Engagement,2.3984636586531047e-68,0.0,1.0
C15201,0.0,High Risk,0.9999961526991067,0.0,3.847300892618119e-06
C15202,2.0,Low Engagement,0.04467498459649251,5.818969805483825e-43,0.9553250154035091
C15203,0.0,High Risk,0.9999999035876217,0.0,9.641237810210467e-08
C15204,0.0,High Risk,0.9999999562693339,0.0,4.3730666563339275e-08
C15206,1.0,Installment-Focused,2.381474593499181e-07,0.999996786779119,2.975073421601771e-06
C15207,1.0,Installment-Focused,2.795095612594653e-123,0.9999998193443872,1.806556124749414e-07
C15208,1.0,Installment-Focused,1.60353197276994e-128,0.9999996855846401,3.1441535905508295e-07
C15209,0.0,High Risk,0.9993854567893331,0.0,0.0006145432106673857
C15210,2.0,Low Engagement,3.4096442555142287e-100,0.0,1.0
C15211,0.0,High Risk,0.9999998489344105,0.0,1.510655897422207e-07
C15212,0.0,High Risk,0.9999921163236544,0.0,7.883676345602317e-06
C15213,1.0,Installment-Focused,3.780141354530918e-08,0.9999995546707933,4.0752779361374375e-07
C15214,1.0,Installment-Focused,7.34388452851424e-05,0.9999265490105885,1.214412643336237e-08
C15215,1.0,Installment-Focused,5.246324266186279e-09,0.9999964244328422,3.570320833911857e-06
C15216,1.0,Installment-Focused,3.132284072835438e-18,0.9999998606977848,1.393022152887607e-07
C15217,1.0,Installment-Focused,1.6706418889118338e-15,0.9999997933236457,2.0667635265768916e-07
C15218,1.0,Installment-Focused,0.05112329650075508,0.9487975788184265,7.912468081755199e-05
C15219,1.0,Installment-Focused,3.1624349234520804e-16,0.9999998882999002,1.1170009950617833e-07
C15220,2.0,Low Engagement,1.119580173083792e-63,0.0,1.0
C15221,1.0,Installment-Focused,1.3013453548154471e-123,0.9999998805702806,1.1942971944306532e-07
C15222,2.0,Low Engagement,6.319365341808703e-09,0.0,0.9999999936806354
C15223,1.0,Installment-Focused,1.138813101433096e-11,0.9999998804652535,1.19523358463862e-07
C15224,1.0,Installment-Focused,6.166586990028508e-32,0.9999998209650593,1.7903494032676552e-07
C15225,2.0,Low Engagement,7.620483603477499e-19,1.661385389606147e-181,1.0
C15226,0.0,High Risk,0.9999999270134952,0.0,7.298650475351235e-08
C15227,1.0,Installment-Focused,2.0211558679821846e-06,0.999997946282725,3.256140672757733e-08
C15228,0.0,High Risk,0.9999999437729918,0.0,5.6227008130975143e-08
C15229,1.0,Installment-Focused,4.981760820146512e-08,0.999999912252257,3.793013481865351e-08
C15230,1.0,Installment-Focused,0.00023972906232477132,0.9997602693339908,1.6036844449965038e-09
C15232,0.0,High Risk,0.9999985742135354,0.0,1.4257864639835091e-06
C15233,1.0,Installment-Focused,8.984517162741155e-05,0.9999101524788828,2.349489429821845e-09
C15234,0.0,High Risk,0.9997148170208464,3.0641805445063397e-232,0.00028518297915381254
C15235,1.0,Installment-Focused,2.497883206424765e-89,0.9999998728189993,1.2718100063145354e-07
C15236,0.0,High Risk,0.9999998301319624,0.0,1.6986803756588566e-07
C15237,2.0,Low Engagement,3.265132652209249e-75,6.31315451e-315,1.0
C15239,0.0,High Risk,0.9999993433591114,0.0,6.566408881390652e-07
C15240,1.0,Installment-Focused,3.3329199321256313e-06,0.9999966216607978,4.541926971696841e-08
C15241,0.0,High Risk,0.9997773770308336,0.0,0.000222622969166863
C15242,2.0,Low Engagement,8.286441261365485e-09,0.0,0.9999999917135582
C15243,0.0,High Risk,0.999910863222978,3.1578455065291105e-39,8.913677702251149e-05
C15244,1.0,Installment-Focused,9.574762048629055e-45,0.9999995090892068,4.909107925466545e-07
C15245,1.0,Installment-Focused,5.022461243590467e-32,0.9999976419188193,2.358081181535844e-06
C15246,0.0,High Risk,0.999999613528937,0.0,3.864710631722287e-07
C15247,0.0,High Risk,0.999999866965382,0.0,1.3303461769854398e-07
C15248,1.0,Installment-Focused,5.264678248217402e-20,0.9999978970934147,2.1029065854161764e-06
C15249,1.0,Installment-Focused,0.0002118789798626069,0.9993633167581466,0.0004248042619912633
C15250,1.0,Installment-Focused,0.012195077725399807,0.9878045826771895,3.395974109971192e-07
C15251,0.0,High Risk,0.9999968383319405,0.0,3.1616680592025264e-06
C15252,2.0,Low Engagement,2.280941715813083e-46,0.0,1.0
C15253,0.0,High Risk,0.9999852395798864,6.5881999863310736e-34,1.4760420113589258e-05
C15254,1.0,Installment-Focused,0.006563157305106231,0.9934368041530571,3.854183644848624e-08
C15255,1.0,Installment-Focused,1.3513525768339468e-124,0.9999999337543257,6.624567457950366e-08
C15256,0.0,High Risk,0.9999980104244134,0.0,1.9895755864614e-06
C15257,1.0,Installment-Focused,0.0009607015391482397,0.9990392733302067,2.5130645476214815e-08
C15258,2.0,Low Engagement,1.1117879172242255e-27,0.0006022569703943521,0.9993977430296047
C15259,1.0,Installment-Focused,2.7606135136600418e-77,0.9999581794085457,4.182059145324755e-05
C15260,1.0,Installment-Focused,0.0004090391204522426,0.9995909410764192,1.9803128820509295e-08
C15261,0.0,High Risk,0.9999999337987835,0.0,6.620121701976662e-08
C15262,1.0,Installment-Focused,5.584695770834091e-91,0.999999044067048,9.559329532687e-07
C15263,0.0,High Risk,0.9999996666012786,0.0,3.333987210871306e-07
C15264,1.0,Installment-Focused,1.4473996907799026e-23,0.9999884691232017,1.1530876798784974e-05
C15265,1.0,Installment-Focused,0.0006432536736248803,0.999356743751173,2.5752019424596686e-09
C15266,0.0,High Risk,0.9999999297831905,0.0,7.021680860598626e-08
C15267,1.0,Installment-Focused,0.000741669705745501,0.9992582419863952,8.830785911336319e-08
C15268,0.0,High Risk,0.9999999592765637,0.0,4.0723436333697894e-08
C15269,0.0,High Risk,0.999999721554382,0.0,2.784456178213901e-07
C15270,1.0,Installment-Focused,7.226981671039465e-27,0.9999995399916745,4.600083255607682e-07
C15271,0.0,High Risk,0.9999999729095105,0.0,2.7090489351220832e-08
C15272,1.0,Installment-Focused,9.244956308117574e-20,0.9999998612102113,1.3878978870908856e-07
C15273,1.0,Installment-Focused,1.078528681483341e-107,0.999999876938253,1.2306174680374144e-07
C15274,1.0,Installment-Focused,0.0001278340337181436,0.9998721639418153,2.0244665466924797e-09
C15275,1.0,Installment-Focused,0.0013446668032615137,0.9986553310895299,2.1072084888382868e-09
C15276,1.0,Installment-Focused,9.702552878575739e-18,0.9999998281195129,1.7188048702794247e-07
C15277,0.0,High Risk,0.999999762577281,0.0,2.3742271944778953e-07
C15278,1.0,Installment-Focused,5.925116026109265e-116,0.9999999386603787,6.133962137386243e-08
C15279,0.0,High Risk,0.999999898131989,0.0,1.0186801093113675e-07
C15280,1.0,Installment-Focused,0.0004364251613756853,0.9995635523022888,2.2536335865428268e-08
C15281,1.0,Installment-Focused,2.219345535584848e-106,0.9999999726525178,2.734748188988051e-08
C15282,0.0,High Risk,0.999996158080163,0.0,3.841919837588072e-06
C15283,2.0,Low Engagement,7.512866663803123e-28,0.0029050752485580427,0.9970949247514428
C15284,0.0,High Risk,0.9999990172240378,0.0,9.827759617435724e-07
C15285,0.0,High Risk,0.9999998300842858,0.0,1.6991571394696557e-07
C15286,0.0,High Risk,0.9999998091775502,0.0,1.9082244968623637e-07
C15287,0.0,High Risk,0.9999975459207743,0.0,2.4540792255087994e-06
C15288,1.0,Installment-Focused,1.3725653677047838e-14,0.9999994354621918,5.645377948221976e-07
C15289,0.0,High Risk,0.9999992258733975,0.0,7.741266022675152e-07
C15290,0.0,High Risk,0.9999999771731221,0.0,2.2826878064408717e-08
C15291,0.0,High Risk,0.9999986096378175,0.0,1.3903621824582322e-06
C15292,1.0,Installment-Focused,1.974907824720377e-05,0.999979963821548,2.871002046090789e-07
C15293,1.0,Installment-Focused,7.62687111182455e-12,0.9999999024363649,9.755600836815381e-08
C15294,0.0,High Risk,0.6561364468083716,0.0,0.34386355319162937
C15295,1.0,Installment-Focused,1.2055260872203463e-05,0.9999879176182812,2.7120846639245904e-08
C15296,0.0,High Risk,0.9999993115336262,0.0,6.884663742492557e-07
C15297,0.0,High Risk,0.9994075007206593,0.0,0.0005924992793410762
C15298,1.0,Installment-Focused,5.369377431290188e-119,0.9999999565773141,4.342268572927806e-08
C15299,0.0,High Risk,0.9999999128566055,0.0,8.714339414566684e-08
C15300,0.0,High Risk,0.9956819386063531,0.0,0.004318061393647892
C15301,1.0,Installment-Focused,7.776942117970006e-106,0.9999998105736847,1.8942631493437916e-07
C15302,2.0,Low Engagement,0.016940688387659972,0.0,0.9830593116123405
C15303,0.0,High Risk,0.9999992149826537,0.0,7.850173458377142e-07
C15304,2.0,Low Engagement,6.624101861392476e-08,3.523658581563483e-36,0.9999999337589807
C15305,1.0,Installment-Focused,3.465781385194671e-26,0.9999972954942887,2.7045057105822706e-06
C15306,0.0,High Risk,0.9999998835946361,0.0,1.1640536383745582e-07
C15307,0.0,High Risk,0.9999904702666217,0.0,9.529733378610688e-06
C15308,0.0,High Risk,0.9999999377296379,0.0,6.227036232098933e-08
C15309,1.0,Installment-Focused,1.1766020760513393e-116,0.9999998426804905,1.573195092594162e-07
C15310,0.0,High Risk,0.999967854119313,0.0,3.214588068670027e-05
C15311,0.0,High Risk,0.9999964686207331,0.0,3.5313792668575884e-06
C15312,1.0,Installment-Focused,4.487251175768299e-07,0.999998787370856,7.639040267748423e-07
C15313,1.0,Installment-Focused,0.000690827316278013,0.9993091534836057,1.9200116706858488e-08
C15314,1.0,Installment-Focused,8.131590055533784e-05,0.9999186623549863,2.1744458467277044e-08
C15315,0.0,High Risk,0.9999817566297932,0.0,1.8243370207002947e-05
C15316,0.0,High Risk,0.9999998074033137,0.0,1.9259668712502383e-07
C15317,0.0,High Risk,0.9999997195430359,0.0,2.804569637554037e-07
C15318,1.0,Installment-Focused,6.905130950167586e-43,0.9999998376259674,1.62374032732512e-07
C15319,2.0,Low Engagement,0.010497122023329229,0.0,0.9895028779766721
C15320,1.0,Installment-Focused,1.9056012648538083e-99,0.9999998990043586,1.0099564119111616e-07
C15321,0.0,High Risk,0.9999997544736122,0.0,2.4552638788215313e-07
C15322,0.0,High Risk,0.9999997835662849,0.0,2.1643371545056088e-07
C15323,0.0,High Risk,0.999999900603949,0.0,9.939605086519549e-08
C15324,2.0,Low Engagement,1.0540872643400203e-31,1.527678133327384e-28,1.0
C15325,2.0,Low Engagement,2.2948502088818082e-21,0.0,1.0
C15326,0.0,High Risk,0.9999995050877465,0.0,4.949122537750784e-07
C15327,0.0,High Risk,0.999923924751043,0.0,7.60752489573025e-05
C15328,1.0,Installment-Focused,2.2734303345052348e-14,0.9999998144328653,1.8556711194344964e-07
C15329,0.0,High Risk,0.9999996571640147,0.0,3.428359845615022e-07
C15330,1.0,Installment-Focused,1.1050152889589946e-07,0.9999998576920296,3.180644106396963e-08
C15331,1.0,Installment-Focused,9.620207234438617e-07,0.9999990231296538,1.4849622514140578e-08
C15332,1.0,Installment-Focused,2.2381634723093659e-32,0.9999998604037819,1.3959621851358143e-07
C15333,0.0,High Risk,0.9999996236269186,0.0,3.763730818006306e-07
C15334,2.0,Low Engagement,3.381506467991201e-101,0.0,1.0
C15335,1.0,Installment-Focused,3.40684431150223e-45,0.9999997815796772,2.1842032244663256e-07
C15336,0.0,High Risk,0.9999946041878529,0.0,5.395812147482143e-06
C15337,2.0,Low Engagement,6.15581515835352e-14,0.0,0.9999999999999396
C15338,0.0,High Risk,0.9999150016994467,0.0,8.499830055263172e-05
C15339,1.0,Installment-Focused,0.00016647120437519517,0.9998335231447314,5.650892948379316e-09
C15341,0.0,High Risk,0.9999969646201439,0.0,3.0353798568609594e-06
C15342,0.0,High Risk,0.9999960316793707,3.556207667178357e-287,3.9683206295229556e-06
C15343,0.0,High Risk,0.9999994064794857,0.0,5.935205146763992e-07
C15344,2.0,Low Engagement,6.769032992895303e-50,0.0,1.0
C15345,1.0,Installment-Focused,4.711580572290669e-153,0.999999918139342,8.18606584391522e-08
C15346,1.0,Installment-Focused,7.754617045767946e-112,0.9999998925548712,1.0744512908728972e-07
C15347,0.0,High Risk,0.9999995667334775,0.0,4.3326652275798495e-07
C15348,2.0,Low Engagement,4.6314131797338935e-115,0.0,1.0
C15350,0.0,High Risk,0.004376115339050674,0.9956230500460891,8.34614860061951e-07
C15351,1.0,Installment-Focused,1.5118708374114421e-90,0.9999990291783686,9.708216317050727e-07
C15352,1.0,Installment-Focused,1.1099802168519638e-05,0.0,0.9999889001978303
C15353,2.0,Low Engagement,0.9999999106852075,0.0,8.931479237078665e-08
C15354,0.0,High Risk,0.9999790806517651,0.0,2.0919348235444723e-05
C15355,0.0,High Risk,6.927137821322714e-15,0.0,0.9999999999999929
C15356,2.0,Low Engagement,0.9999999119000668,0.0,8.809993301202927e-08
C15357,0.0,High Risk,8.532387904709854e-95,0.9999999001160301,9.988396976585289e-08
C15358,1.0,Installment-Focused,0.9999702131503722,5.410530580012774e-43,2.9786849627131947e-05
C15359,0.0,High Risk,0.9997722501507668,0.0,0.00022774984923249928
C15360,0.0,High Risk,0.0022489704132459794,0.9977510281485172,1.4382364032442928e-09
C15361,1.0,Installment-Focused,0.9999995017736418,0.0,4.982263583588057e-07
C15362,0.0,High Risk,0.9999996587709457,0.0,3.412290535014272e-07
C15364,0.0,High Risk,9.566639620836532e-111,0.9999999576084777,4.239152261284529e-08
C15365,1.0,Installment-Focused,3.192205530317118e-20,3.091163114733546e-13,0.9999999999996909
C15366,2.0,Low Engagement,0.9999758096316613,0.0,2.419036833866924e-05
C15367,0.0,High Risk,8.429670020551401e-05,0.9999156758225322,2.74772625069905e-08
C15368,1.0,Installment-Focused,3.6974414576481177e-06,0.9999962570194761,4.553906655451433e-08
C15369,1.0,Installment-Focused,0.029775093093496845,0.9702247586184155,1.4828808811252387e-07
C15370,1.0,Installment-Focused,1.721684501503789e-11,0.9999975186320615,2.481350721578766e-06
C15371,1.0,Installment-Focused,0.9999996709821675,0.0,3.2901783275920716e-07
C15372,0.0,High Risk,0.9999978664730524,0.0,2.133526947657647e-06
C15373,0.0,High Risk,0.9999853271857648,1.872433026789565e-193,1.4672814235633539e-05
C15374,0.0,High Risk,1.5077556958225992e-09,0.0,0.9999999984922461
C15375,2.0,Low Engagement,0.001309503801603783,0.9986901954933901,3.0070500667073e-07
C15376,1.0,Installment-Focused,2.5099118530618753e-16,0.9999977303402696,2.2696597298361223e-06
C15377,1.0,Installment-Focused,8.882143302604709e-13,0.9999950858202212,4.914178890965361e-06
C15378,1.0,Installment-Focused,0.999999712939298,0.0,2.8706070130959613e-07
C15379,0.0,High Risk,0.9999942097992045,0.0,5.790200795072533e-06
C15380,0.0,High Risk,0.00014039111620193066,0.9998595654337618,4.3450035887394924e-08
C15381,1.0,Installment-Focused,0.000671788834692946,0.9993281778717203,3.3293586796923193e-08
C15382,1.0,Installment-Focused,4.9225544124422805e-134,0.9999999460803309,5.391966917657008e-08
C15383,1.0,Installment-Focused,0.999999982488757,0.0,1.7511242639071967e-08
C15384,0.0,High Risk,0.9999997207089723,0.0,2.7929102745110754e-07
C15385,0.0,High Risk,0.00022473614072136589,0.9997752381792724,2.568000600151711e-08
C15386,1.0,Installment-Focused,5.054394974472472e-14,0.9999999895017733,1.049817633733335e-08
C15387,1.0,Installment-Focused,0.9999991422446916,0.0,8.57755308281691e-07
C15388,0.0,High Risk,4.478721359344105e-08,0.9999954447722808,4.5104405053500846e-06
C15389,1.0,Installment-Focused,0.9999979109778401,0.0,2.089022160833612e-06
C15390,0.0,High Risk,2.7780050463493268e-06,0.0,0.9999972219949531
C15391,2.0,Low Engagement,0.9999999476604127,0.0,5.2339587613580167e-08
C15392,0.0,High Risk,0.9838026569761189,0.0,0.01619734302388226
C15393,0.0,High Risk,0.9773464458268095,0.0,0.022653554173189525
C15394,0.0,High Risk,0.00028914491748953256,0.9994935052043867,0.0002173498781245695
C15395,1.0,Installment-Focused,7.175290699238608e-104,0.999999179618185,8.203818147402863e-07
C15396,1.0,Installment-Focused,6.845415630779104e-156,1.0139943220216397e-192,1.0
C15397,2.0,Low Engagement,3.2317387131734293e-103,0.9999996125399773,3.87460022344167e-07
C15398,1.0,Installment-Focused,0.9999999761389725,0.0,2.386102765610131e-08
C15399,0.0,High Risk,0.7868301700773634,0.0,0.21316982992263758
C15400,0.0,High Risk,0.9999986382087984,0.0,1.3617912013141105e-06
C15401,0.0,High Risk,0.9999997288196821,0.0,2.7118031765280295e-07
C15402,0.0,High Risk,2.5312714644453036e-14,0.9999997138180828,2.861818915213004e-07
C15403,1.0,Installment-Focused,0.9999998879067019,0.0,1.1209329799111245e-07
C15404,0.0,High Risk,3.570050603243928e-33,0.9999995637674594,4.362325405264043e-07
C15405,1.0,Installment-Focused,3.913370852739935e-19,0.24098778713468333,0.7590122128653161
C15406,2.0,Low Engagement,0.00042145155925011295,0.9995592205860485,1.932785470176467e-05
C15407,1.0,Installment-Focused,0.9999962540450577,0.0,3.7459549417028685e-06
C15408,0.0,High Risk,0.0005852637349981292,0.9994147286271253,7.637876213043767e-09
C15409,1.0,Installment-Focused,1.2485401682976476e-06,0.999998733745168,1.7714663426487817e-08
C15410,1.0,Installment-Focused,3.1578768631615052e-102,0.0,1.0
C15411,2.0,Low Engagement,0.9996202177340835,0.0,0.00037978226591643276
C15412,0.0,High Risk,0.9999964503769078,0.0,3.5496230916102134e-06
C15413,0.0,High Risk,8.149609645053788e-116,0.9999999299949136,7.000508624478371e-08
C15414,1.0,Installment-Focused,0.0006107101304146246,0.9993887593752255,5.30494360191343e-07
C15415,1.0,Installment-Focused,0.9999996327136387,0.0,3.672863619990039e-07
C15417,0.0,High Risk,0.9999999653629509,0.0,3.4637048975943245e-08
C15418,0.0,High Risk,0.9999992167966351,0.0,7.83203365142802e-07
C15419,0.0,High Risk,0.3634369154646569,0.0,0.6365630845353433
C15420,2.0,Low Engagement,0.00025393953698042373,0.9997459524417145,1.0802130507077932e-07
C15421,1.0,Installment-Focused,0.9999999431380074,0.0,5.686199245155448e-08
C15422,0.0,High Risk,3.433464499621047e-113,0.999999970095816,2.9904183965948204e-08
C15423,1.0,Installment-Focused,0.00019887073252458404,0.9998011261889056,3.078569923660385e-09
C15424,1.0,Installment-Focused,0.9985140280998337,0.0,0.0014859719001657091
C15425,0.0,High Risk,0.9999586582969744,0.0,4.134170302558835e-05
C15426,0.0,High Risk,2.773397531146485e-76,0.0,1.0
C15427,2.0,Low Engagement,1.3420567771638695e-07,0.9999998536013123,1.2193009718029121e-08
C15428,1.0,Installment-Focused,0.9999999448688344,0.0,5.5131164852143995e-08
C15429,0.0,High Risk,0.999999227723906,0.0,7.722760942126965e-07
C15430,0.0,High Risk,0.0007338840231975427,0.999266087282382,2.8694420806248496e-08
C15431,1.0,Installment-Focused,0.999999964821465,0.0,3.5178534924362764e-08
C15432,0.0,High Risk,0.9999994934154706,0.0,5.065845293032374e-07
C15433,0.0,High Risk,2.9010596896583166e-137,0.998567267630326,0.0014327323696740493
C15435,1.0,Installment-Focused,0.999999883250991,0.0,1.1674900878311297e-07
C15436,0.0,High Risk,0.6024920898279088,3.3601509641914675e-34,0.3975079101720907
C15437,0.0,High Risk,0.9975192704169324,0.0,0.0024807295830681303
C15438,0.0,High Risk,0.0007832971321913097,0.9992166807671874,2.2100621006367844e-08
C15439,1.0,Installment-Focused,6.07725626094271e-27,0.0,1.0
C15440,2.0,Low Engagement,5.883064543475003e-61,0.9999995695567157,4.304432851654549e-07
C15441,1.0,Installment-Focused,0.9999992599264246,0.0,7.40073576114162e-07
C15442,0.0,High Risk,2.2496674592052073e-25,0.9999993605549361,6.394450636921406e-07
C15443,1.0,Installment-Focused,0.9999999496558093,0.0,5.0344190435003887e-08
C15444,0.0,High Risk,0.9999999891801306,0.0,1.0819869276128802e-08
C15445,0.0,High Risk,0.999999891237216,0.0,1.0876278391968388e-07
C15446,0.0,High Risk,9.236584018496023e-09,0.0,0.999999990763417
C15448,2.0,Low Engagement,1.5791205053906801e-31,0.9999590650687165,4.093493128353705e-05
C15449,1.0,Installment-Focused,0.9999994166621593,0.0,5.833378410362478e-07
C15450,0.0,High Risk,0.0013662334519948943,0.9986337642942587,2.2537466731526465e-09
C15451,1.0,Installment-Focused,6.971124073761688e-125,0.9999998402429376,1.5975706205788417e-07
C15452,1.0,Installment-Focused,1.1915753779483169e-120,0.9999999333704008,6.662959884134216e-08
C15453,1.0,Installment-Focused,2.1879735634135193e-35,0.9999992925831165,7.074168831283354e-07
C15454,1.0,Installment-Focused,1.3364462273529704e-153,0.9999999778634534,2.213654617937061e-08
C15455,1.0,Installment-Focused,9.802245390560637e-102,0.0,1.0
C15456,2.0,Low Engagement,2.007002348698074e-18,0.999966454680256,3.3545319743405626e-05
C15457,1.0,Installment-Focused,0.9999984260434408,0.0,1.5739565593276594e-06
C15459,0.0,High Risk,1.8597755221392715e-98,0.9999999139512755,8.604872486792018e-08
C15460,1.0,Installment-Focused,1.340383790288297e-120,0.999999964970218,3.502978221339191e-08
C15461,1.0,Installment-Focused,0.9999997692363989,0.0,2.307636010227427e-07
C15462,0.0,High Risk,0.9999998452834755,0.0,1.5471652474581787e-07
C15463,0.0,High Risk,0.9999486883660311,0.0,5.131163396800395e-05
C15464,0.0,High Risk,1.5495615499331926e-11,0.0,0.9999999999845031
C15465,2.0,Low Engagement,0.001763924831997876,0.9982360689114685,6.2565334363871296e-09
C15466,1.0,Installment-Focused,0.0006524217777311984,0.9993475022258979,7.599637085140757e-08
C15467,1.0,Installment-Focused,0.00022949981638517767,0.9997703117189181,1.8846469692818558e-07
C15469,1.0,Installment-Focused,0.9976105727434426,5.554921194003382e-50,0.00238942725655743
C15470,0.0,High Risk,0.9999997542227685,0.0,2.4577723102587064e-07
C15471,0.0,High Risk,0.9999989672994459,0.0,1.0327005539241247e-06
C15472,0.0,High Risk,1.4514668757335933e-26,0.00018757046807879303,0.9998124295319227
C15473,2.0,Low Engagement,1.029605880012663e-151,0.9999999355185508,6.448144945505477e-08
C15474,1.0,Installment-Focused,0.9999998954461528,0.0,1.0455384714190236e-07
C15475,0.0,High Risk,0.9999999643715467,0.0,3.562845365642967e-08
C15476,0.0,High Risk,0.00139723424727537,0.9986027608992757,4.853448900846399e-09
C15477,1.0,Installment-Focused,0.02557814134985165,0.9744218177653173,4.088483062247463e-08
C15478,1.0,Installment-Focused,2.0986515827906224e-84,0.9999986380793723,1.361920628269051e-06
C15479,1.0,Installment-Focused,0.9999831836068926,0.0,1.6816393107777815e-05
C15480,0.0,High Risk,1.166768926890059e-29,0.9999995689104294,4.3108957079200466e-07
C15481,1.0,Installment-Focused,0.9999993936927671,0.0,6.063072325944798e-07
C15482,0.0,High Risk,0.00043625611569418643,0.9995637143737044,2.9510601554088274e-08
C15483,1.0,Installment-Focused,0.0003984955120078699,0.9996014953786446,9.109347065994465e-09
C15484,1.0,Installment-Focused,0.9999990308100519,0.0,9.691899483783784e-07
C15485,0.0,High Risk,0.00021344498923648615,0.9997865489400458,6.070717298595774e-09
C15486,1.0,Installment-Focused,0.999992312722392,4.4790534288807196e-44,7.687277607858804e-06
C15487,0.0,High Risk,0.006357229834980317,0.993642751815219,1.8349800838471503e-08
C15488,1.0,Installment-Focused,3.5376074808299094e-25,0.9999997067928591,2.932071409081294e-07
C15489,1.0,Installment-Focused,0.9999999288952449,0.0,7.110475431305462e-08
C15490,0.0,High Risk,7.6284179293232955e-34,0.9999995423699078,4.57630091724995e-07
C15491,1.0,Installment-Focused,0.9999996523569727,0.0,3.4764302664924353e-07
C15492,0.0,High Risk,0.9999999685936127,0.0,3.140638741406401e-08
C15493,0.0,High Risk,0.9999966185629717,0.0,3.3814370285242787e-06
C15494,0.0,High Risk,0.0015895390232931969,0.9984104463243095,1.4652397469500725e-08
C15495,1.0,Installment-Focused,0.9986070544987234,0.0,0.001392945501276175
C15496,0.0,High Risk,0.999999960181431,0.0,3.9818569393243767e-08
C15497,0.0,High Risk,2.6044468402053464e-09,1.4335924670502941e-173,0.9999999973955518
C15498,2.0,Low Engagement,3.5772127873269844e-102,0.0,1.0
C15499,2.0,Low Engagement,0.00030852294309622317,0.999691468520784,8.536119591274637e-09
C15500,1.0,Installment-Focused,0.9999760748326713,0.0,2.3925167329189145e-05
C15501,0.0,High Risk,2.2311061447066343e-24,0.9999997045871895,2.9541281070201244e-07
C15502,1.0,Installment-Focused,0.9977673609519027,0.0,0.002232639048096344
C15503,0.0,High Risk,0.9999999524365404,0.0,4.756345942692467e-08
C15504,0.0,High Risk,4.3865500325748063e-26,0.0,1.0
C15505,2.0,Low Engagement,1.657917917980589e-05,0.9999834183882788,2.4325413245452653e-09
C15506,1.0,Installment-Focused,0.9999976144066973,0.0,2.3855933024720465e-06
C15507,0.0,High Risk,0.9999931406883986,0.0,6.859311600548116e-06
C15508,0.0,High Risk,0.0007402949481198559,0.9992596969620601,8.089820161720406e-09
C15509,1.0,Installment-Focused,0.9875872977536202,0.0,0.012412702246378223
C15510,0.0,High Risk,0.0006188483847840158,0.9993811480862,3.529015826000943e-09
C15511,1.0,Installment-Focused,0.9999999438225211,0.0,5.617747862831882e-08
C15512,0.0,High Risk,0.9999989227592192,0.0,1.077240781595368e-06
C15513,0.0,High Risk,0.9999992188880333,0.0,7.811119668516745e-07
C15514,0.0,High Risk,0.9999928676083307,0.0,7.132391668570699e-06
C15515,0.0,High Risk,0.0007994485657324359,0.9992003995544007,1.5187986726619525e-07
C15516,1.0,Installment-Focused,5.895125660226779e-135,0.9999998588388179,1.411611819493912e-07
C15517,1.0,Installment-Focused,0.9999996572936826,0.0,3.42706317373784e-07
C15519,0.0,High Risk,0.9999987951745403,0.0,1.2048254601184816e-06
C15520,0.0,High Risk,0.9999884642510468,0.0,1.1535748952503508e-05
C15521,0.0,High Risk,0.9999999622005518,0.0,3.779944836461101e-08
C15522,0.0,High Risk,0.9999998753869084,0.0,1.2461309204831274e-07
C15523,0.0,High Risk,0.9999657963261133,0.0,3.4203673885838635e-05
C15524,0.0,High Risk,0.0022281040226196907,0.9977718758113067,2.0166073940503857e-08
C15525,1.0,Installment-Focused,0.0018883296216409386,0.9981115280119918,1.4236636699591772e-07
C15526,1.0,Installment-Focused,0.9999999565433405,0.0,4.3456659386891004e-08
C15527,0.0,High Risk,2.493374459154238e-104,0.9999988179826089,1.182017390666735e-06
C15528,1.0,Installment-Focused,8.111688430520207e-12,0.9982498451263109,0.0017501548655779844
C15529,1.0,Installment-Focused,7.661892199758871e-10,0.9999999670582703,3.217554023684225e-08
C15530,1.0,Installment-Focused,5.966608834667916e-164,0.999999978299057,2.1700943846078863e-08
C15531,1.0,Installment-Focused,0.9999995900110085,0.0,4.099889911922262e-07
C15532,0.0,High Risk,0.9999994437760799,0.0,5.562239202242466e-07
C15533,0.0,High Risk,0.9999883591636957,0.0,1.1640836304630033e-05
C15534,0.0,High Risk,0.9999996041370907,0.0,3.95862909402393e-07
C15535,0.0,High Risk,0.9999988332777028,0.0,1.1667222973518207e-06
C15536,0.0,High Risk,0.9999913674715334,0.0,8.63252846579433e-06
C15537,0.0,High Risk,0.9999986625458144,0.0,1.3374541857973488e-06
C15538,0.0,High Risk,0.0011118384973229374,0.9988881566244759,4.878201546823009e-09
C15539,1.0,Installment-Focused,0.9999999032917686,0.0,9.67082313120588e-08
C15540,0.0,High Risk,0.9999975132281531,0.0,2.486771846017126e-06
C15541,0.0,High Risk,0.9999995235470889,0.0,4.764529107141816e-07
C15542,0.0,High Risk,6.091404293425106e-68,0.0,1.0
C15543,2.0,Low Engagement,0.9999999807589683,0.0,1.924103191611738e-08
C15544,0.0,High Risk,6.860938496907893e-89,0.0,1.0
C15545,2.0,Low Engagement,5.170558910793726e-07,0.9999958137179064,3.6692262026473216e-06
C15546,1.0,Installment-Focused,0.9999952546157144,0.0,4.7453842858671466e-06
C15547,0.0,High Risk,0.9999998170355678,0.0,1.829644323645762e-07
C15548,0.0,High Risk,2.5875393933924373e-20,0.9999904407546796,9.559245320178505e-06
C15549,1.0,Installment-Focused,0.00019709641176216902,0.9998029016812793,1.9069588394770217e-09
C15550,1.0,Installment-Focused,2.76418709941342e-06,0.0,0.9999972358128998
C15551,2.0,Low Engagement,0.0019061257827639128,0.9980937674785042,1.0673873175616376e-07
C15552,1.0,Installment-Focused,0.0003393250715013163,0.9996606671088866,7.819612211603834e-09
C15553,1.0,Installment-Focused,0.00034169284670265953,0.9996583020530482,5.100249400030243e-09
C15554,1.0,Installment-Focused,0.999999926449278,0.0,7.355072227241594e-08
C15555,0.0,High Risk,1.5260595274983367e-71,0.0,1.0
C15556,2.0,Low Engagement,0.00027981957233073337,0.9997201715554639,8.872205633691367e-09
C15557,1.0,Installment-Focused,0.0006426612959949574,0.9993573237371255,1.4966879648572276e-08
C15558,1.0,Installment-Focused,0.9944966132011942,0.0,0.005503386798805476
C15559,0.0,High Risk,0.9999981130226705,5.618816357539619e-49,1.8869773291684775e-06
C15560,0.0,High Risk,0.9999997993998232,0.0,2.0060017665969664e-07
C15561,0.0,High Risk,3.007271344239412e-17,0.0,1.0
C15562,2.0,Low Engagement,0.9999997721047962,0.0,2.2789520406067087e-07
C15563,0.0,High Risk,0.9999999356192765,0.0,6.438072317244097e-08
C15564,0.0,High Risk,2.865017520715621e-17,0.0,1.0
C15565,2.0,Low Engagement,0.9999965714260113,0.0,3.4285739893350617e-06
C15566,0.0,High Risk,0.9999100806280987,0.0,8.991937190088607e-05
C15567,0.0,High Risk,0.999713078937654,0.0,0.0002869210623460613
C15568,0.0,High Risk,1.149982724833003e-129,0.9999998872692705,1.1273072975521324e-07
C15569,1.0,Installment-Focused,8.23473688969495e-17,0.0,1.0
C15570,2.0,Low Engagement,0.9999962910468697,0.0,3.7089531298333806e-06
C15571,0.0,High Risk,2.739710192180717e-10,0.9999998724248825,1.27301146112881e-07
C15572,1.0,Installment-Focused,3.0337630023370042e-18,0.99999993828654,6.171346036571324e-08
C15573,1.0,Installment-Focused,3.596616686463039e-11,0.999970593699469,2.9406264565713734e-05
C15574,1.0,Installment-Focused,0.9999999785226985,0.0,2.1477302185783136e-08
C15575,0.0,High Risk,0.9999990853932389,0.0,9.14606761696276e-07
C15576,0.0,High Risk,0.0009801498826775862,0.9990198152094412,3.4907881134499054e-08
C15577,1.0,Installment-Focused,8.611525486515276e-124,0.9999999599392221,4.006077780228269e-08
C15578,1.0,Installment-Focused,0.9999609392674903,0.0,3.9060732510213716e-05
C15579,0.0,High Risk,0.9999980690239054,0.0,1.9309760942813912e-06
C15580,0.0,High Risk,1.0254244200278545e-16,0.9999996862614994,3.137385005363546e-07
C15581,1.0,Installment-Focused,0.999977315884105,0.0,2.268411589498471e-05
C15582,0.0,High Risk,6.02586031145221e-121,0.9999999027662682,9.723373225558522e-08
C15583,1.0,Installment-Focused,1.993107139146028e-22,0.9999998524389755,1.4756102440385394e-07
C15584,1.0,Installment-Focused,0.0007589712724829615,0.9992410136682055,1.5059311727071538e-08
C15585,1.0,Installment-Focused,0.9999999090351693,0.0,9.096483096424613e-08
C15586,0.0,High Risk,0.9999998394767151,0.0,1.605232847848042e-07
C15587,0.0,High Risk,3.7434685445966773e-16,0.0,1.0
C15588,2.0,Low Engagement,0.9999961073534307,0.0,3.892646569270114e-06
C15589,0.0,High Risk,0.00034741919355142366,0.9996518268542787,7.539521694655604e-07
C15590,1.0,Installment-Focused,1.2382433645248e-11,0.9999959862397028,4.013747914831942e-06
C15591,1.0,Installment-Focused,0.9999998706737759,0.0,1.2932622401027908e-07
C15592,0.0,High Risk,0.9999999163096351,0.0,8.369036484278596e-08
C15593,0.0,High Risk,6.211134212349011e-90,0.9999999140968853,8.59031146286267e-08
C15594,1.0,Installment-Focused,1.0177643620324826e-13,0.9999985780290708,1.4219708276366537e-06
C15595,1.0,Installment-Focused,2.3976011096871853e-16,0.9999986099206717,1.3900793281750548e-06
C15596,1.0,Installment-Focused,5.480580160464194e-07,0.9999994361522715,1.5789712119979502e-08
C15597,1.0,Installment-Focused,0.9999996628314571,0.0,3.371685428277866e-07
C15598,0.0,High Risk,0.9999951885688605,0.0,4.811431139446979e-06
C15599,0.0,High Risk,1.1258830413585862e-119,0.9999999624927909,3.7507209493913584e-08
C15600,1.0,Installment-Focused,0.9999946525493388,0.0,5.347450661199413e-06
C15601,0.0,High Risk,0.9999930086499291,0.0,6.991350070469226e-06
C15602,0.0,High Risk,0.9999995076962489,0.0,4.923037509626914e-07
C15603,0.0,High Risk,0.9999999439824376,0.0,5.601756182075579e-08
C15604,0.0,High Risk,0.9999894534206084,0.0,1.0546579391101662e-05
C15605,0.0,High Risk,0.9999973810801502,1.28094433559e-312,2.6189198489179343e-06
C15606,0.0,High Risk,2.7922365827257413e-06,0.999997188913667,1.8849750620108966e-08
C15607,1.0,Installment-Focused,2.5152002211354745e-05,0.9999747639101302,8.408765849860971e-08
C15608,1.0,Installment-Focused,0.9999967063727943,0.0,3.2936272055946968e-06
C15609,0.0,High Risk,0.9999845437758392,4.19619055132889e-34,1.545622416044445e-05
C15610,0.0,High Risk,0.9999982695404179,0.0,1.7304595824500338e-06
C15611,0.0,High Risk,1.8917487596981526e-144,0.9999999655335113,3.4466488972035346e-08
C15612,1.0,Installment-Focused,0.9999643480106167,0.0,3.565198938380261e-05
C15613,0.0,High Risk,0.9999918165908692,0.0,8.183409130924844e-06
C15614,0.0,High Risk,0.9999977717357719,0.0,2.228264228712443e-06
C15615,0.0,High Risk,6.083865871610794e-17,0.0,1.0
C15616,2.0,Low Engagement,4.1523581822839014e-26,0.9999899394612486,1.006053875201417e-05
C15617,1.0,Installment-Focused,0.9999839000721207,4.4821372437737746e-40,1.609992787902601e-05
C15618,0.0,High Risk,0.9999954546095297,0.0,4.54539047017368e-06
C15619,0.0,High Risk,4.0874350262381634e-10,0.9999997445836006,2.550076555360578e-07
C15620,1.0,Installment-Focused,0.9999991916073342,0.0,8.083926660205635e-07
C15621,0.0,High Risk,0.9999998120733887,0.0,1.8792661195762205e-07
C15622,0.0,High Risk,0.9996649473143929,0.0,0.00033505268560838356
C15623,0.0,High Risk,0.002854458504272104,0.9971450386264046,5.028693231265358e-07
C15624,1.0,Installment-Focused,0.9999638076290731,6.4e-323,3.619237092770268e-05
C15625,0.0,High Risk,1.4231091743205567e-14,0.9999760526120414,2.3947387943855486e-05
C15626,1.0,Installment-Focused,0.004293374192168284,0.9957065584304832,6.737734815342782e-08
C15627,1.0,Installment-Focused,9.552152754794206e-99,0.999999953063144,4.6936856328220124e-08
C15628,1.0,Installment-Focused,0.9999995979514882,0.0,4.0204851218706975e-07
C15629,0.0,High Risk,0.9999428754197395,0.0,5.712458026097248e-05
C15630,0.0,High Risk,0.004143213709020799,0.9958565499928198,2.362981595285269e-07
C15631,1.0,Installment-Focused,0.0001221670250524811,0.9998778235867987,9.388149025677232e-09
C15632,1.0,Installment-Focused,0.9999998007985406,0.0,1.9920145952499886e-07
C15633,0.0,High Risk,0.9999999081351996,0.0,9.186480007772247e-08
C15634,0.0,High Risk,1.2182701837756047e-10,0.9999999884299671,1.14482062555249e-08
C15636,1.0,Installment-Focused,2.111191030578172e-05,0.0,0.9999788880896943
C15637,2.0,Low Engagement,0.9999998744845681,0.0,1.255154315793333e-07
C15638,0.0,High Risk,0.9999873594647971,0.0,1.2640535202623321e-05
C15639,0.0,High Risk,0.9999969872967571,0.0,3.012703242275809e-06
C15640,0.0,High Risk,1.921154506935677e-42,0.9999998885574941,1.1144250568539526e-07
C15641,1.0,Installment-Focused,0.9999999127373889,0.0,8.726261168467156e-08
C15642,0.0,High Risk,0.9999992128491761,0.0,7.871508235852462e-07
C15643,0.0,High Risk,0.999991466235426,0.0,8.533764573793076e-06
C15644,0.0,High Risk,3.288590336884949e-18,0.9999993617997565,6.382002431568264e-07
C15645,1.0,Installment-Focused,0.00022243695452843937,0.9997775572077768,5.837694782999716e-09
C15646,1.0,Installment-Focused,0.9999978091879074,0.0,2.190812092611014e-06
C15647,0.0,High Risk,4.398976180195127e-14,0.9999988256872786,1.174312677280797e-06
C15648,1.0,Installment-Focused,6.208982930998342e-107,0.9999999850378424,1.4962157768746317e-08
C15649,1.0,Installment-Focused,4.28892386235839e-16,0.9999750783774165,2.4921622582431878e-05
C15650,1.0,Installment-Focused,0.9999986673991044,0.0,1.3326008960906173e-06
C15651,0.0,High Risk,0.9994990933689348,0.0,0.0005009066310660148
C15652,0.0,High Risk,0.9999999325162175,0.0,6.748378207204796e-08
C15653,0.0,High Risk,1.3925538096656378e-112,0.9999999613294513,3.867054825851635e-08
C15654,1.0,Installment-Focused,1.5028144382565911e-151,0.9999999521066478,4.789335192501606e-08
C15655,1.0,Installment-Focused,0.999999908944926,0.0,9.105507440694844e-08
C15656,0.0,High Risk,3.802259904795419e-42,0.9999993988290021,6.011709983101689e-07
C15657,1.0,Installment-Focused,0.9999975137205882,0.0,2.4862794119047445e-06
C15658,0.0,High Risk,0.00344379347010426,0.9965562039619508,2.5679446735397437e-09
C15659,1.0,Installment-Focused,6.502728453324043e-17,0.9999788880896321,2.1111910367337824e-05
C15660,1.0,Installment-Focused,0.982629107342633,0.0,0.01737089265736641
C15661,0.0,High Risk,9.809438662618544e-08,0.0,0.9999999019056117
C15662,2.0,Low Engagement,4.359620628459609e-117,0.999999806522566,1.9347743429847497e-07
C15663,1.0,Installment-Focused,0.9999744878440668,0.0,2.5512155932264414e-05
C15664,0.0,High Risk,0.9991048870499375,0.0,0.0008951129500621519
C15666,0.0,High Risk,0.9868567297735765,1.2361041267586928e-44,0.013143270226422973
C15667,0.0,High Risk,0.9999994337004376,0.0,5.662995626589038e-07
C15668,0.0,High Risk,0.9999992091063828,0.0,7.908936177263772e-07
C15669,0.0,High Risk,0.9999994790277558,0.0,5.209722443248314e-07
C15670,0.0,High Risk,4.679332828574063e-107,0.9999999390541295,6.094587077296434e-08
C15671,1.0,Installment-Focused,7.393653746936989e-27,0.9999997500123917,2.4998760865061684e-07
C15672,1.0,Installment-Focused,4.558814010690456e-09,0.0,0.9999999954411862
C15673,2.0,Low Engagement,0.999998680611359,0.0,1.3193886402108596e-06
C15674,0.0,High Risk,0.9999998729972789,0.0,1.2700272140458937e-07
C15675,0.0,High Risk,0.00014693519592494454,0.99985305424188,1.0562195467111937e-08
C15676,1.0,Installment-Focused,0.9999995582491586,0.0,4.417508411136583e-07
C15677,0.0,High Risk,0.9999019971156241,0.0,9.800288437502762e-05
C15678,0.0,High Risk,2.257602391911907e-10,0.9999999161140023,8.366023773864636e-08
C15680,1.0,Installment-Focused,0.9999996333704907,0.0,3.6662950904677254e-07
C15681,0.0,High Risk,0.9994934749570978,0.0,0.0005065250429014297
C15682,0.0,High Risk,0.0019602970787614433,0.9980395817402343,1.211810041582876e-07
C15683,1.0,Installment-Focused,0.9999997369005174,0.0,2.630994828337197e-07
C15684,0.0,High Risk,0.0015609471241496628,0.9984390120946602,4.078119038353396e-08
C15685,1.0,Installment-Focused,1.8685407292253535e-19,1.4340136157741632e-15,1.0
C15686,2.0,Low Engagement,0.00012089986408581953,0.9998790981893537,1.9465602105240014e-09
C15687,1.0,Installment-Focused,0.9999999844784827,0.0,1.5521517513811546e-08
C15688,0.0,High Risk,2.352890056536624e-172,0.9999999137744152,8.62255850861071e-08
C15689,1.0,Installment-Focused,7.927861269858983e-08,0.9999998938929061,2.682848119747739e-08
C15690,1.0,Installment-Focused,0.9140291636002331,0.0,0.08597083639976662
C15691,0.0,High Risk,3.143089568847439e-09,0.999999974663221,2.219368929523374e-08
C15692,1.0,Installment-Focused,3.150948336602526e-33,0.0011080362888685026,0.9988919637111308
C15693,2.0,Low Engagement,0.9999874135531113,0.0,1.2586446888410152e-05
C15694,0.0,High Risk,0.003966641355521384,0.9960333221212787,3.652319964628775e-08
C15695,1.0,Installment-Focused,1.1906692498312606e-13,0.9999988183706625,1.1816292187758264e-06
C15696,1.0,Installment-Focused,8.407806313302508e-152,0.9999999711457481,2.8854252043738772e-08
C15697,1.0,Installment-Focused,0.9999975452957824,0.0,2.454704216953478e-06
C15698,0.0,High Risk,0.9999979873655643,0.0,2.0126344355228524e-06
C15699,0.0,High Risk,0.0005666211005885426,0.9994333581936319,2.0705779905236385e-08
C15700,1.0,Installment-Focused,0.9999963125902096,0.0,3.6874097909106944e-06
C15701,0.0,High Risk,0.9974284995934671,0.0,0.0025715004065330655
C15702,0.0,High Risk,0.00039534077399450964,0.9996043621480273,2.970779784022998e-07
C15703,1.0,Installment-Focused,0.9999532349501967,0.0,4.6765049803650235e-05
C15704,0.0,High Risk,0.0010379719230292268,0.9989620118951106,1.6181860477858975e-08
C15705,1.0,Installment-Focused,0.9999920145190936,0.0,7.985480906718003e-06
C15706,0.0,High Risk,8.326589569872619e-140,1.0593217020175678e-41,1.0
C15707,2.0,Low Engagement,0.9999992425417075,0.0,7.574582926641911e-07
C15708,0.0,High Risk,0.9999999694500752,0.0,3.054992437665071e-08
C15709,0.0,High Risk,4.266457629942755e-133,0.999999968843341,3.1156659154962527e-08
C15710,1.0,Installment-Focused,7.079710158384159e-18,0.9999994345930769,5.654069235159364e-07
C15711,1.0,Installment-Focused,5.035917225671713e-30,0.0,1.0
C15712,2.0,Low Engagement,0.999998107010611,0.0,1.8929893897802142e-06
C15713,0.0,High Risk,1.2161111718296286e-116,0.999999923661733,7.633826658086224e-08
C15714,1.0,Installment-Focused,0.0027870856797173075,0.9972129088624794,5.457803432853343e-09
C15715,1.0,Installment-Focused,0.00415986612173442,0.9958401165004274,1.7377837873400315e-08
C15716,1.0,Installment-Focused,0.999999961245761,0.0,3.875423921800607e-08
C15717,0.0,High Risk,0.9999982418799594,0.0,1.7581200400153235e-06
C15718,0.0,High Risk,0.9999999146515607,0.0,8.534843949152386e-08
C15719,0.0,High Risk,0.9999994522926111,0.0,5.477073886848707e-07
C15720,0.0,High Risk,0.002355155556443697,0.9976448390446055,5.398950586170035e-09
C15721,1.0,Installment-Focused,0.9998196663706874,0.0,0.00018033362931345456
C15722,0.0,High Risk,9.999101954917699e-05,0.9998998060645355,2.0291591552094556e-07
C15723,1.0,Installment-Focused,0.9999996235372997,0.0,3.7646270002710825e-07
C15724,0.0,High Risk,0.9999998386297554,0.0,1.6137024418459644e-07
C15725,0.0,High Risk,2.344315492231246e-148,0.9999998024167267,1.975832732772029e-07
C15726,1.0,Installment-Focused,6.99226235460185e-27,0.0,1.0
C15727,2.0,Low Engagement,0.9999997566745401,0.0,2.4332546024135033e-07
C15728,0.0,High Risk,4.285026137783789e-13,0.9999999428569931,5.714257848752759e-08
C15729,1.0,Installment-Focused,0.0002005192365846501,0.999799410584419,7.017899627841005e-08
C15730,1.0,Installment-Focused,0.00015957600745343607,0.9998402973811498,1.2661139690859014e-07
C15731,1.0,Installment-Focused,0.003145835622978512,0.9968541102224903,5.4154531642147586e-08
C15732,1.0,Installment-Focused,0.00811852740457625,0.9918810858759132,3.867195101178465e-07
C15733,1.0,Installment-Focused,8.832264400969928e-83,0.999999606297042,3.9370295795606093e-07
C15734,1.0,Installment-Focused,7.239760275144703e-05,0.9999275924969432,9.900305517938067e-09
C15735,1.0,Installment-Focused,0.9999987491776678,0.0,1.25082233286835e-06
C15736,0.0,High Risk,0.9999979680092043,0.0,2.031990795093539e-06
C15737,0.0,High Risk,3.080292394601709e-131,0.9999999083902595,9.160974062746793e-08
C15738,1.0,Installment-Focused,9.179313720597987e-125,0.9999998512950143,1.4870498555322435e-07
C15739,1.0,Installment-Focused,0.9999991961505257,0.0,8.038494734935943e-07
C15740,0.0,High Risk,0.9999999472012743,0.0,5.279872554939054e-08
C15741,0.0,High Risk,0.00016305961285473412,0.9998369015517442,3.8835401279444364e-08
C15742,1.0,Installment-Focused,0.9999998843310665,0.0,1.15668933353066e-07
C15743,0.0,High Risk,5.756310012629322e-33,0.9999916021187544,8.397881244848893e-06
C15744,1.0,Installment-Focused,0.0008747407531994622,0.9991252521582531,7.088547865552508e-09
C15745,1.0,Installment-Focused,0.9999998827976622,0.0,1.1720233793238e-07
C15746,0.0,High Risk,0.9999999747870282,0.0,2.521297167093394e-08
C15747,0.0,High Risk,0.9999998364861309,0.0,1.6351386866381082e-07
C15748,0.0,High Risk,3.0547867640385785e-11,1.1420904868324548e-260,0.9999999999694538
C15749,2.0,Low Engagement,0.21681821247200203,0.0,0.7831817875279973
C15750,2.0,Low Engagement,3.519713945154147e-05,0.9999647505469833,5.231356498009088e-08
C15751,1.0,Installment-Focused,0.9999986931077056,0.0,1.3068922946863319e-06
C15752,0.0,High Risk,5.370541125054053e-124,0.9999999440933214,5.5906678359491545e-08
C15753,1.0,Installment-Focused,0.9999990716807733,0.0,9.283192262763076e-07
C15754,0.0,High Risk,0.0005410149597296956,0.9994589706093695,1.4430900498842726e-08
C15755,1.0,Installment-Focused,0.9999999666591913,0.0,3.33408085461752e-08
C15756,0.0,High Risk,0.9999999144692141,0.0,8.553078640024621e-08
C15757,0.0,High Risk,0.9999122632950622,0.0,8.773670493770882e-05
C15758,0.0,High Risk,1.6290339965567976e-118,4.884116132351209e-193,1.0
C15759,2.0,Low Engagement,2.6441734607611155e-31,0.0,1.0
C15760,2.0,Low Engagement,0.9997324412482842,0.0,0.0002675587517164241
C15761,0.0,High Risk,7.045063266796054e-06,0.9999924816793335,4.7325739959774663e-07
C15762,1.0,Installment-Focused,0.9999994688971838,0.0,5.311028158925282e-07
C15763,0.0,High Risk,0.9998449430832363,7.060476278925565e-165,0.00015505691676391398
C15764,0.0,High Risk,0.9914905807929,0.0,0.00850941920709943
C15765,0.0,High Risk,0.9999999638988137,0.0,3.6101185880468226e-08
C15766,0.0,High Risk,0.00015327212838503457,0.9998467235870174,4.284597508957484e-09
C15767,1.0,Installment-Focused,1.799287755345126e-19,0.9999972736932199,2.7263067801941714e-06
C15768,1.0,Installment-Focused,4.0778690221926227e-07,4.750257064064816e-51,0.9999995922130985
C15769,2.0,Low Engagement,5.8456541104944224e-111,0.9999999709967988,2.9003201532246238e-08
C15770,1.0,Installment-Focused,9.385837595256288e-26,0.0994565212255663,0.9005434787744346
C15771,2.0,Low Engagement,2.991994112527893e-39,0.9999995986330592,4.013669408897223e-07
C15773,1.0,Installment-Focused,0.9999999447318968,0.0,5.5268102845009136e-08
C15774,0.0,High Risk,5.7189232234580156e-05,0.9999427264683087,8.429945678441751e-08
C15775,1.0,Installment-Focused,0.9998963401749826,2.3017892863580523e-176,0.00010365982501771633
C15776,0.0,High Risk,0.0007629963570714126,0.999236992623828,1.1019100433820679e-08
C15777,1.0,Installment-Focused,1.5123656134342435e-117,0.9999990221003173,9.778996830741848e-07
C15778,1.0,Installment-Focused,0.9999993038995025,0.0,6.961004974635145e-07
C15779,0.0,High Risk,1.0914471993210486e-11,0.9999998589084502,1.410806354774701e-07
C15780,1.0,Installment-Focused,2.3177622191662482e-127,0.999999953761882,4.6238117761742005e-08
C15781,1.0,Installment-Focused,1.4253845175580391e-19,0.9999996136056826,3.863943178167391e-07
C15782,1.0,Installment-Focused,0.9999983705507318,0.0,1.6294492684510072e-06
C15783,0.0,High Risk,4.734948317561485e-133,0.9999998615250154,1.3847498486363174e-07
C15784,1.0,Installment-Focused,1.5424268910598716e-15,0.0,1.0
C15785,2.0,Low Engagement,0.000940321871107444,0.9990589447506363,7.33378255912849e-07
C15786,1.0,Installment-Focused,0.01116388211877295,0.9888360619929584,5.588826838487927e-08
C15787,1.0,Installment-Focused,0.0006761218899130456,0.9993238524169799,2.569310749574778e-08
C15789,1.0,Installment-Focused,0.9999998710828087,0.0,1.2891719083798445e-07
C15790,0.0,High Risk,6.246937750080626e-22,0.9999994181052788,5.818947211609665e-07
C15791,1.0,Installment-Focused,0.9999994321837185,0.0,5.678162814506355e-07
C15792,0.0,High Risk,0.999997507014007,0.0,2.492985992136448e-06
C15793,0.0,High Risk,0.9999993405627643,0.0,6.594372352572641e-07
C15794,0.0,High Risk,3.529581441628492e-133,0.9999997720482716,2.279517285324195e-07
C15795,1.0,Installment-Focused,0.9999980032582685,0.0,1.9967417308752093e-06
C15796,0.0,High Risk,0.9999770492722448,0.0,2.2950727754281143e-05
C15797,0.0,High Risk,0.9999944771397892,0.0,5.5228602116740585e-06
C15798,0.0,High Risk,0.999991737445973,0.0,8.262554026154048e-06
C15799,0.0,High Risk,0.0001575707309938437,0.999842077950921,3.513180852379162e-07
C15800,1.0,Installment-Focused,0.9968721059401033,0.0,0.0031278940598967473
C15801,0.0,High Risk,1.1929808831231516e-05,0.9999880309364029,3.925476603386785e-08
C15802,1.0,Installment-Focused,1.058941444035058e-12,0.999999964981596,3.5017344907524115e-08
C15803,1.0,Installment-Focused,0.9999975761653109,0.0,2.423834689227723e-06
C15804,0.0,High Risk,0.9999319109505642,0.0,6.808904943663255e-05
C15805,0.0,High Risk,1.5620948630670774e-50,0.9999999220313439,7.79686560247911e-08
C15806,1.0,Installment-Focused,0.9999999609596156,0.0,3.9040384768869515e-08
C15807,0.0,High Risk,2.2650684887598655e-110,0.0,1.0
C15808,2.0,Low Engagement,0.00011813601728782858,0.9998818462053701,1.7777342103054076e-08
C15809,1.0,Installment-Focused,6.461515742639452e-101,0.0,1.0
C15810,2.0,Low Engagement,0.9999997794220071,0.0,2.2057799307125281e-07
C15811,0.0,High Risk,0.003651801297307209,0.9963481921863244,6.516368385707224e-09
C15812,1.0,Installment-Focused,0.9999991657239303,0.0,8.342760699476029e-07
C15813,0.0,High Risk,1.4317438066652385e-127,0.9999999035069094,9.649309051916599e-08
C15814,1.0,Installment-Focused,1.8013428054921696e-27,0.9868245871314427,0.01317541286855704
C15815,1.0,Installment-Focused,2.1996537458726947e-12,0.8051676015172934,0.194832398480507
C15816,1.0,Installment-Focused,1.0174855402592e-27,0.9999996951494298,3.0485057071753467e-07
C15817,1.0,Installment-Focused,6.832136661114457e-06,0.9999931585576248,9.305714303234457e-09
C15818,1.0,Installment-Focused,0.9999858610912732,0.0,1.413890872699833e-05
C15819,0.0,High Risk,0.9999997518583573,0.0,2.481416427418222e-07
C15820,0.0,High Risk,1.5158063100210033e-10,0.9999996345274831,3.6532093619495744e-07
C15821,1.0,Installment-Focused,4.667290448447097e-145,0.9999998564495366,1.4355046309901537e-07
C15822,1.0,Installment-Focused,4.433892005357776e-22,0.0,1.0
C15823,2.0,Low Engagement,0.9999994551279549,0.0,5.448720458094042e-07
C15824,0.0,High Risk,0.9997825383778594,0.0,0.00021746162214085582
C15825,0.0,High Risk,2.432234477365037e-13,0.0,0.9999999999997584
C15826,2.0,Low Engagement,0.9999996924323036,0.0,3.07567696402294e-07
C15827,0.0,High Risk,4.847264873712272e-72,0.9999998590533706,1.4094662922533303e-07
C15828,1.0,Installment-Focused,0.0005709537715226045,0.9994290264858947,1.9742582451446488e-08
C15829,1.0,Installment-Focused,2.3803715991930913e-09,0.9999998310230375,1.6659659104240384e-07
C15830,1.0,Installment-Focused,0.00011316990287223791,0.9998868277949142,2.3022132548660643e-09
C15831,1.0,Installment-Focused,0.00011654459538646627,0.9998834334904013,2.1914212387749047e-08
C15832,1.0,Installment-Focused,0.9999988600053143,0.0,1.1399946857682767e-06
C15833,0.0,High Risk,0.9937565464723748,0.0,0.006243453527625587
C15834,0.0,High Risk,0.9999211006550882,0.0,7.889934491177475e-05
C15835,0.0,High Risk,0.9999959531861375,0.0,4.046813862968367e-06
C15836,0.0,High Risk,7.865182674319806e-157,0.9999999451265145,5.487348548389086e-08
C15837,1.0,Installment-Focused,8.569241828410264e-11,0.0,0.9999999999143085
C15838,2.0,Low Engagement,7.093886557093739e-14,0.9999997849767537,2.1502317502067799e-07
C15839,1.0,Installment-Focused,0.9999998628733376,0.0,1.3712666252982308e-07
C15840,0.0,High Risk,1.931539437374925e-102,0.9999998135714204,1.864285793330008e-07
C15841,1.0,Installment-Focused,1.7863865532166143e-06,0.0,0.9999982136134453
C15842,2.0,Low Engagement,6.295242164868558e-08,0.0,0.9999999370475783
C15843,2.0,Low Engagement,1.2955983565780383e-06,0.9999978290939434,8.7530769994669e-07
C15844,1.0,Installment-Focused,1.7892243321164421e-124,0.9999999692775363,3.072246359471885e-08
C15845,1.0,Installment-Focused,0.9999998963919321,0.0,1.0360806783393431e-07
C15846,0.0,High Risk,1.1869675314858173e-157,0.9999999306431284,6.935687167477092e-08
C15847,1.0,Installment-Focused,0.9999999731537302,0.0,2.6846269464966214e-08
C15848,0.0,High Risk,0.9999998901822102,0.0,1.0981778947252641e-07
C15849,0.0,High Risk,0.9999994851952005,0.0,5.148047996675052e-07
C15850,0.0,High Risk,4.5705465389909425e-59,0.9999998932766111,1.0672338889708987e-07
C15851,1.0,Installment-Focused,1.5098808754332908e-106,0.9999999388642725,6.113572792914558e-08
C15852,1.0,Installment-Focused,0.9986694843352576,0.0,0.0013305156647426622
C15853,0.0,High Risk,0.9999991426745465,0.0,8.573254530986279e-07
C15854,0.0,High Risk,5.29526583712526e-10,0.9999998826176337,1.1685283973233039e-07
C15856,1.0,Installment-Focused,0.0006125633422689932,0.9993874314377543,5.219976656364281e-09
C15857,1.0,Installment-Focused,4.7468654709769647e-113,0.99999989220384,1.0779615980986148e-07
C15858,1.0,Installment-Focused,0.9999997677922655,0.0,2.3220773428306864e-07
C15859,0.0,High Risk,0.000505340293285062,0.9994945891102035,7.059651134770935e-08
C15860,1.0,Installment-Focused,0.9999837655401448,0.0,1.623445985598505e-05
C15861,0.0,High Risk,0.9999998909064816,0.0,1.0909351884837574e-07
C15862,0.0,High Risk,0.999999893663999,0.0,1.0633600096300214e-07
C15863,0.0,High Risk,0.9999990916317016,0.0,9.083682987155215e-07
C15864,0.0,High Risk,4.1136913341324935e-100,0.9999999520304093,4.79695911473881e-08
C15865,1.0,Installment-Focused,6.993326486614546e-113,0.999999911487777,8.851222323480249e-08
C15866,1.0,Installment-Focused,3.5114931497110797e-20,0.9999999728144914,2.7185508644256348e-08
C15867,1.0,Installment-Focused,1.8405161800624595e-23,0.999999718308486,2.816915140510968e-07
C15868,1.0,Installment-Focused,0.9999983539588977,0.0,1.6460411018395017e-06
C15869,0.0,High Risk,0.9999997370743293,0.0,2.6292567029760535e-07
C15870,0.0,High Risk,0.9999923967347987,0.0,7.603265202010571e-06
C15871,0.0,High Risk,0.00027592975268716597,0.9997240411306416,2.9116671544333286e-08
C15872,1.0,Installment-Focused,2.931724439468742e-16,0.9999987815191707,1.2184808293742207e-06
C15873,1.0,Installment-Focused,0.999999971167306,0.0,2.8832694141709766e-08
C15874,0.0,High Risk,0.9613522710042749,0.0,0.03864772899572413
C15875,0.0,High Risk,0.9999999446673644,0.0,5.5332635936807993e-08
C15876,0.0,High Risk,0.000455450232293864,0.9995445165769944,3.319071200007769e-08
C15877,1.0,Installment-Focused,0.002244020302593088,0.997755626121849,3.5357555757229564e-07
C15878,1.0,Installment-Focused,0.9999995860829309,0.0,4.1391706882574685e-07
C15879,0.0,High Risk,0.9999999234965948,0.0,7.650340587991328e-08
C15880,0.0,High Risk,0.002063449291610501,0.9979365483511504,2.35723939891139e-09
C15881,1.0,Installment-Focused,6.332207891501064e-08,0.9999753716728245,2.4565005095707936e-05
C15882,1.0,Installment-Focused,0.9999937581860656,0.0,6.241813935042693e-06
C15883,0.0,High Risk,0.0009704567160933115,0.9990295223970626,2.088684450886478e-08
C15885,1.0,Installment-Focused,0.9999982307039341,0.0,1.769296066693089e-06
C15886,0.0,High Risk,0.9999998524997651,0.0,1.4750023516409365e-07
C15887,0.0,High Risk,0.005384443718693031,0.9946155098131033,4.6468203527353566e-08
C15888,1.0,Installment-Focused,1.5433094838652532e-14,0.9999999366830938,6.331689073900789e-08
C15889,1.0,Installment-Focused,3.826349912056613e-07,0.9999995051097049,1.1225530352857362e-07
C15890,1.0,Installment-Focused,0.9999985584370811,0.0,1.4415629187631208e-06
C15891,0.0,High Risk,1.3543366509375388e-138,0.9999999646789834,3.532101683595183e-08
C15892,1.0,Installment-Focused,0.999999716908243,0.0,2.8309175698623e-07
C15893,0.0,High Risk,0.002273990471843924,0.9977260021219931,7.4061628060793185e-09
C15894,1.0,Installment-Focused,0.999999888029869,0.0,1.1197013114618963e-07
C15895,0.0,High Risk,0.9999986918554024,0.0,1.3081445976079815e-06
C15896,0.0,High Risk,7.191994680247448e-08,0.0,0.9999999280800534
C15897,2.0,Low Engagement,0.0027234172118314275,0.9972765727054268,1.008274192974611e-08
C15898,1.0,Installment-Focused,0.0006425596221243506,0.9993573366694797,1.0370839631760993e-07
C15899,1.0,Installment-Focused,0.9999994373904111,0.0,5.626095894146625e-07
C15900,0.0,High Risk,0.004549410151103864,0.0,0.995450589848897
C15901,2.0,Low Engagement,5.269569362119398e-09,0.9999999553838946,3.934653583215603e-08
C15902,1.0,Installment-Focused,1.6165054656839431e-13,0.9999998360014165,1.6399842211963266e-07
C15903,1.0,Installment-Focused,1.6016818524735595e-78,1.1660481833985718e-185,1.0
C15904,2.0,Low Engagement,0.9999999263648984,0.0,7.363510112538194e-08
C15905,0.0,High Risk,0.999999259682586,0.0,7.403174133705949e-07
C15906,0.0,High Risk,3.4004684658480126e-33,0.9999965060763929,3.493923606622372e-06
C15907,1.0,Installment-Focused,0.0006367190698651316,0.999363263531953,1.7398181400390885e-08
C15908,1.0,Installment-Focused,0.0070387286649672845,0.9929612689350192,2.400013833597185e-09
C15909,1.0,Installment-Focused,0.00029815123134266185,0.9997018410179584,7.750698536833827e-09
C15910,1.0,Installment-Focused,0.9999749812732376,0.0,2.501872676071723e-05
C15912,0.0,High Risk,0.9999951353809564,0.0,4.864619043161357e-06
C15913,0.0,High Risk,0.999996462809905,0.0,3.537190094961638e-06
C15914,0.0,High Risk,0.9999999493214182,0.0,5.067858147165155e-08
C15915,0.0,High Risk,1.7101180854380262e-29,0.9999994272466776,5.727533221940492e-07
C15916,1.0,Installment-Focused,0.9999982944185103,0.0,1.705581490485891e-06
C15917,0.0,High Risk,2.4555011882032345e-131,0.9999998615280823,1.3847191767654018e-07
C15918,1.0,Installment-Focused,0.003762884557443609,0.9962371145147128,9.27843614060059e-10
C15919,1.0,Installment-Focused,0.012436057152391069,0.9875639023641044,4.0483504319035894e-08
C15920,1.0,Installment-Focused,0.9999999706162899,0.0,2.9383710128839347e-08
C15921,0.0,High Risk,1.3804541954267043e-07,0.999999054243172,8.077114092503909e-07
C15922,1.0,Installment-Focused,0.9999834711135075,1.4475011333610938e-279,1.6528886492915877e-05
C15923,0.0,High Risk,7.71310358799258e-31,1.4165177647747244e-31,1.0
C15924,2.0,Low Engagement,0.9999999707723952,0.0,2.9227605036159084e-08
C15925,0.0,High Risk,0.9999430572563286,0.0,5.694274367056829e-05
C15926,0.0,High Risk,8.680632096740585e-122,0.9999979743554784,2.0256445215884035e-06
C15927,1.0,Installment-Focused,0.9999987164956886,0.0,1.2835043113507417e-06
C15928,0.0,High Risk,0.0006782804798725724,0.999321717450859,2.069268898309114e-09
C15929,1.0,Installment-Focused,8.59875765127001e-05,0.999913755336244,2.570872431134579e-07
C15930,1.0,Installment-Focused,0.9999802885355007,0.0,1.9711464498611502e-05
C15931,0.0,High Risk,0.0020121983295055402,0.9979876462917131,1.5537878088669037e-07
C15932,1.0,Installment-Focused,0.9999991598634125,0.0,8.401365871103761e-07
C15933,0.0,High Risk,1.160143836139777e-24,0.9999994246643608,5.753356388394509e-07
C15934,1.0,Installment-Focused,0.9999988793381291,0.0,1.1206618709894712e-06
C15935,0.0,High Risk,0.3834787730253524,0.0,0.6165212269746465
C15936,2.0,Low Engagement,0.0028474112004269842,0.9971525827304757,6.0690975073258325e-09
C15937,1.0,Installment-Focused,0.0029562701444054576,0.9970437257781686,4.077425519783153e-09
C15938,1.0,Installment-Focused,0.00013068206424528544,0.999869152570117,1.6536563732011747e-07
C15939,1.0,Installment-Focused,0.9999960691166875,0.0,3.930883312627196e-06
C15940,0.0,High Risk,0.9999987438915687,0.0,1.2561084315735047e-06
C15941,0.0,High Risk,4.1629481726760415e-22,0.9999999221728418,7.782715806638527e-08
C15943,1.0,Installment-Focused,1.2648659031084279e-20,0.0,1.0
C15944,2.0,Low Engagement,3.9764369722453014e-109,0.9999997377325849,2.6226741553426505e-07
C15945,1.0,Installment-Focused,0.9999999868356078,0.0,1.316439205124364e-08
C15946,0.0,High Risk,0.9999992047728608,0.0,7.952271393912585e-07
C15947,0.0,High Risk,0.9999996072161047,0.0,3.9278389583810866e-07
C15948,0.0,High Risk,1.8263218984438096e-25,2.262910135108888e-24,1.0
C15949,2.0,Low Engagement,0.00022626840591096433,0.9997737270386955,4.555393057700992e-09
C15950,1.0,Installment-Focused,0.9999999686631846,0.0,3.133681517950551e-08
C15951,0.0,High Risk,1.3234078910952662e-14,8.213249542261715e-15,0.9999999999999787
C15952,2.0,Low Engagement,0.9999993750380484,0.0,6.249619517799166e-07
C15953,0.0,High Risk,1.6243299920423335e-36,0.99999975615972,2.438402798715558e-07
C15954,1.0,Installment-Focused,0.004344300334350139,0.0,0.9956556996656498
C15955,2.0,Low Engagement,0.0001444415640429012,0.9998555528137941,5.622163244801951e-09
C15956,1.0,Installment-Focused,0.000251985226030122,0.9997480017072528,1.306671711445435e-08
C15957,1.0,Installment-Focused,0.9999999424677658,0.0,5.753223423068797e-08
C15958,0.0,High Risk,0.9999918895357806,0.0,8.110464220263426e-06
C15959,0.0,High Risk,3.187534279653976e-05,0.9999677996663726,3.249908307354734e-07
C15960,1.0,Installment-Focused,7.346135073970319e-77,0.0,1.0
C15961,2.0,Low Engagement,0.999999835529864,0.0,1.644701359256268e-07
C15962,0.0,High Risk,0.9999987523829745,0.0,1.2476170255014644e-06
C15963,0.0,High Risk,0.9999998110611071,0.0,1.8893889262604263e-07
C15965,0.0,High Risk,0.9999998710953214,0.0,1.2890467840713832e-07
C15966,0.0,High Risk,1.209627272169063e-84,0.9999999746320242,2.5367975861642205e-08
C15967,1.0,Installment-Focused,3.4797398165858666e-19,0.9999970826405733,2.9173594269591164e-06
C15968,1.0,Installment-Focused,2.714711900454791e-05,0.9999723941280437,4.5875295131240435e-07
C15969,1.0,Installment-Focused,0.9999998673097198,0.0,1.3269027990352614e-07
C15970,0.0,High Risk,3.853600746335803e-08,1.5386856228924966e-32,0.9999999614639926
C15971,2.0,Low Engagement,2.528475082035094e-92,0.9999997240505117,2.759494880143493e-07
C15972,1.0,Installment-Focused,0.005207090308959652,0.0,0.9947929096910415
C15973,2.0,Low Engagement,0.0026169309737872092,0.9973830641054983,4.920714838716021e-09
C15974,1.0,Installment-Focused,0.9999995041769866,0.0,4.958230132072493e-07
C15975,0.0,High Risk,1.8700220761977413e-15,0.0,0.9999999999999964
C15976,2.0,Low Engagement,0.9999997963009445,0.0,2.0369905554800847e-07
C15977,0.0,High Risk,0.9999995866741359,0.0,4.13325863879912e-07
C15978,0.0,High Risk,9.656398441898484e-37,0.9999996021012213,3.978987790162355e-07
C15979,1.0,Installment-Focused,0.999999863713207,0.0,1.3628679228417777e-07
C15980,0.0,High Risk,0.9999998298244421,0.0,1.7017555760392214e-07
C15981,0.0,High Risk,0.9999975083471684,3.9561912151310476e-289,2.4916528314643688e-06
C15982,0.0,High Risk,5.6862493919220515e-126,0.9999999407071041,5.92928952081883e-08
C15983,1.0,Installment-Focused,0.9999969001340445,0.0,3.0998659562312573e-06
C15984,0.0,High Risk,0.9999998120668944,0.0,1.8793310558016024e-07
C15985,0.0,High Risk,0.9999976921523647,0.0,2.3078476358720283e-06
C15986,0.0,High Risk,0.9999996479426654,0.0,3.5205733432465016e-07
C15987,0.0,High Risk,0.9999997351900762,0.0,2.648099245765299e-07
C15988,0.0,High Risk,9.262645993675612e-93,0.9999999378068597,6.219313986426233e-08
C15989,1.0,Installment-Focused,0.9999925978894159,0.0,7.4021105846509525e-06
C15990,0.0,High Risk,2.3845167939330868e-05,0.0,0.9999761548320603
C15991,2.0,Low Engagement,2.7185745607671714e-06,0.99999640865692,8.727685195556285e-07
C15992,1.0,Installment-Focused,2.4899670021366334e-12,0.0,0.9999999999975095
C15993,2.0,Low Engagement,0.9999841459413862,0.0,1.585405861436697e-05
C15994,0.0,High Risk,0.9999993125134062,0.0,6.874865937708806e-07
C15995,0.0,High Risk,0.9999990469170065,0.0,9.530829931843296e-07
C15996,0.0,High Risk,1.3507738802570286e-22,0.9999994120581427,5.879418571518172e-07
C15997,1.0,Installment-Focused,5.090384937041287e-14,0.0,0.9999999999999503
C15998,2.0,Low Engagement,5.767944961922662e-08,0.9999998897566423,5.2563907818283776e-08
C15999,1.0,Installment-Focused,0.0006377582800581158,0.9993621627116316,7.900831061255814e-08
C16000,1.0,Installment-Focused,0.9999989816037561,0.0,1.0183962439810383e-06
C16001,0.0,High Risk,0.00023337494309539432,0.9997666226207588,2.4361460079521493e-09
C16002,1.0,Installment-Focused,0.9999468053491679,0.0,5.3194650832041464e-05
C16003,0.0,High Risk,5.070653697161443e-06,0.0,0.9999949293463025
C16004,2.0,Low Engagement,0.9999999683108666,0.0,3.168913391296489e-08
C16005,0.0,High Risk,0.9921652368209125,0.0,0.007834763179088856
C16007,0.0,High Risk,0.00012897883903446804,0.9998710011512794,2.0009685937345573e-08
C16008,1.0,Installment-Focused,0.9990806839198073,1.897169321095457e-159,0.0009193160801918586
C16009,0.0,High Risk,0.0009164221666256837,0.9990835542445945,2.358877963285171e-08
C16010,1.0,Installment-Focused,6.05583965973703e-119,0.9999999757765167,2.422348299555682e-08
C16011,1.0,Installment-Focused,0.00012911606373601733,0.9998708422185649,4.171769938540603e-08
C16012,1.0,Installment-Focused,0.7879217524352032,0.0,0.21207824756479557
C16013,0.0,High Risk,0.9999992594578042,0.0,7.405421950594728e-07
C16014,0.0,High Risk,0.999999827347877,0.0,1.7265212315842422e-07
C16015,0.0,High Risk,7.774570237261263e-94,0.9999999295346604,7.046533959194473e-08
C16016,1.0,Installment-Focused,0.9999986479229738,0.0,1.3520770264245437e-06
C16017,0.0,High Risk,0.00028173114201078737,0.999718262405868,6.452121094694912e-09
C16018,1.0,Installment-Focused,6.469336989919209e-131,0.9999999502868885,4.971311150256042e-08
C16019,1.0,Installment-Focused,0.9999998953389807,0.0,1.0466101870917054e-07
C16020,0.0,High Risk,4.0309891612512726e-134,0.0,1.0
C16021,2.0,Low Engagement,0.0002890769644762453,0.99971091658961,6.445913869480391e-09
C16022,1.0,Installment-Focused,5.624950823709962e-37,0.9999997174266619,2.8257333840258397e-07
C16023,1.0,Installment-Focused,0.000773306498108747,0.9992266790630759,1.4438815048782212e-08
C16024,1.0,Installment-Focused,8.28060653887956e-06,0.9999916174183697,1.0197509112921753e-07
C16025,1.0,Installment-Focused,8.243458393169731e-05,0.9999167938478888,7.715681792751018e-07
C16026,1.0,Installment-Focused,0.933152984580262,0.0,0.06684701541973978
C16028,0.0,High Risk,2.0344555459256775e-28,5.980410670518312e-22,1.0
C16029,2.0,Low Engagement,0.9999998354177733,0.0,1.645822268552921e-07
C16030,0.0,High Risk,0.984972561687881,0.0,0.01502743831211794
C16031,0.0,High Risk,2.905954050902633e-23,0.9999992513307387,7.486692608907413e-07
C16032,1.0,Installment-Focused,0.0020166703455198162,0.9979832955814902,3.4072990147279634e-08
C16033,1.0,Installment-Focused,7.5400956205096875e-06,6.675718557308547e-40,0.999992459904378
C16034,2.0,Low Engagement,0.999999922277094,0.0,7.772290635092218e-08
C16035,0.0,High Risk,0.9999793064662131,0.0,2.0693533786083022e-05
C16036,0.0,High Risk,6.468486240933629e-104,0.9999998011801738,1.988198263947008e-07
C16037,1.0,Installment-Focused,1.2671645137741568e-120,0.9999999437089089,5.629109117753324e-08
C16038,1.0,Installment-Focused,1.3506842333560475e-38,0.9999998132378153,1.8676218460092852e-07
C16039,1.0,Installment-Focused,3.999383145228913e-17,0.0061148063562408315,0.9938851936437588
C16040,2.0,Low Engagement,5.134473212835985e-15,0.9999998647162787,1.3528371632413485e-07
C16041,1.0,Installment-Focused,0.5529877743154599,0.0,0.44701222568454113
C16042,0.0,High Risk,8.313888339050536e-34,0.999999912407976,8.759202395599215e-08
C16043,1.0,Installment-Focused,0.00013492512304257901,0.999865070517345,4.3596128874548635e-09
C16045,1.0,Installment-Focused,0.9999972861904975,0.0,2.7138095022517205e-06
C16046,0.0,High Risk,0.9999974194070065,0.0,2.580592993498697e-06
C16047,0.0,High Risk,8.621453546665811e-27,0.9999998360660026,1.6393399723170825e-07
C16048,1.0,Installment-Focused,7.734698385395166e-14,0.9999998941681796,1.058317433993254e-07
C16049,1.0,Installment-Focused,0.9999999375319473,0.0,6.246805248583592e-08
C16050,0.0,High Risk,6.907615653494515e-38,0.9999995288029675,4.7119703278803013e-07
C16051,1.0,Installment-Focused,2.219209311794901e-156,0.9999999058482691,9.415173123144591e-08
C16052,1.0,Installment-Focused,0.999999251074948,0.0,7.489250518900686e-07
C16053,0.0,High Risk,0.9996050067250737,0.0,0.00039499327492662135
C16054,0.0,High Risk,7.043229125255015e-08,0.9999998069457217,1.2262198676562128e-07
C16055,1.0,Installment-Focused,0.9999991446392879,0.0,8.553607117890761e-07
C16056,0.0,High Risk,0.9999936107090827,0.0,6.389290917530079e-06
C16057,0.0,High Risk,0.999998773823869,0.0,1.2261761301343685e-06
C16058,0.0,High Risk,0.999997329745022,0.0,2.6702549778385725e-06
C16059,0.0,High Risk,0.0014724749389385466,0.9985274210329842,1.04028077264358e-07
C16060,1.0,Installment-Focused,0.9999995336589972,0.0,4.663410024113079e-07
C16061,0.0,High Risk,3.4292313541149626e-20,0.9999810438513852,1.895614861473611e-05
C16062,1.0,Installment-Focused,0.002363753445057389,0.9976362106619642,3.5892978896815504e-08
C16063,1.0,Installment-Focused,3.105056361022002e-120,0.0,1.0
C16064,2.0,Low Engagement,0.00018395961944410528,0.9998159342937604,1.0608679541130078e-07
C16065,1.0,Installment-Focused,0.9999996774730051,0.0,3.225269943926751e-07
C16066,0.0,High Risk,0.99999772828624,0.0,2.2717137595643156e-06
C16067,0.0,High Risk,0.9999182773917921,0.0,8.172260820835578e-05
C16068,0.0,High Risk,0.9999037133078638,0.0,9.628669213545926e-05
C16069,0.0,High Risk,0.9999713748809467,0.0,2.862511905262512e-05
C16070,0.0,High Risk,0.9991953060057296,0.0,0.0008046939942704253
C16071,0.0,High Risk,0.6623113638408258,0.0,0.33768863615917316
C16072,0.0,High Risk,4.9532365832777824e-20,0.99999965143733,3.485626700648785e-07
C16073,1.0,Installment-Focused,0.9999933698864312,5.983461498583874e-308,6.630113569065593e-06
C16074,0.0,High Risk,0.9999995904121151,0.0,4.095878851400224e-07
C16075,0.0,High Risk,2.5166033455132606e-29,0.9985441444209627,0.0014558555790368923
C16076,1.0,Installment-Focused,0.0007302108441960287,0.999269786694854,2.460949582655747e-09
C16077,1.0,Installment-Focused,0.9999963548981279,0.0,3.6451018720058497e-06
C16078,0.0,High Risk,0.999999888466081,0.0,1.1153391959396764e-07
C16079,0.0,High Risk,0.9999983683071967,0.0,1.6316928040354997e-06
C16080,0.0,High Risk,0.11289724235664386,0.0,0.8871027576433574
C16081,2.0,Low Engagement,0.9999997124208417,0.0,2.875791581005024e-07
C16082,0.0,High Risk,1.0517370584506137e-07,0.0,0.999999894826294
C16083,2.0,Low Engagement,0.999999826942929,0.0,1.730570708469335e-07
C16084,0.0,High Risk,0.9999999846267295,0.0,1.5373270002899197e-08
C16085,0.0,High Risk,0.9999986643037942,0.0,1.335696205809852e-06
C16086,0.0,High Risk,0.9997757044507086,1.837983053093404e-26,0.00022429554929088912
C16087,0.0,High Risk,4.3513583766602954e-120,0.9999998842716313,1.1572836899411516e-07
C16088,1.0,Installment-Focused,1.716796880794262e-21,0.8598829907107562,0.1401170092892446
C16089,1.0,Installment-Focused,0.9999996866494165,0.0,3.133505838827828e-07
C16090,0.0,High Risk,0.000540598214285594,0.9994593646256957,3.716001881649717e-08
C16091,1.0,Installment-Focused,0.9999998057942137,0.0,1.9420578646079773e-07
C16092,0.0,High Risk,0.9999993495816409,0.0,6.504183595936958e-07
C16093,0.0,High Risk,9.435529807879812e-29,3.7712025790670755e-17,1.0
C16094,2.0,Low Engagement,1.0207610973784956e-12,0.9999999579707177,4.202826166466358e-08
C16095,1.0,Installment-Focused,1.8942164827196242e-142,0.9999943283962875,5.671603712210413e-06
C16096,1.0,Installment-Focused,0.9699466021664186,0.0,0.03005339783358155
C16097,0.0,High Risk,0.0002395095088631442,0.9997604831955108,7.295625691824294e-09
C16098,1.0,Installment-Focused,0.9999998964710635,0.0,1.0352893673704689e-07
C16099,0.0,High Risk,0.9999999319820146,0.0,6.801798562638497e-08
C16100,0.0,High Risk,0.00010814050382159572,0.9998918530447125,6.451466058980213e-09
C16101,1.0,Installment-Focused,0.0003446120879274212,0.9996553789699539,8.942118523377867e-09
C16102,1.0,Installment-Focused,1.8222884137597997e-108,0.0,1.0
C16103,2.0,Low Engagement,0.9999995992557323,0.0,4.0074426772686014e-07
C16104,0.0,High Risk,6.691592609846281e-08,0.9999861683646538,1.3764719420337575e-05
C16105,1.0,Installment-Focused,1.727907530305458e-09,0.9999999613958249,3.687626772040473e-08
C16106,1.0,Installment-Focused,0.012218392013493675,0.9877806710479724,9.369385338332103e-07
C16107,1.0,Installment-Focused,0.9996496789681315,0.0,0.0003503210318682969
C16108,0.0,High Risk,0.9999999690763466,0.0,3.0923653758452165e-08
C16109,0.0,High Risk,0.999998940603344,0.0,1.0593966562265056e-06
C16110,0.0,High Risk,0.9467582810321892,0.0,0.053241718967811304
C16111,0.0,High Risk,0.9999996442891901,0.0,3.557108100510261e-07
C16112,0.0,High Risk,0.9999999008849554,0.0,9.911504476678864e-08
C16113,0.0,High Risk,0.9973777183512177,0.0,0.002622281648780543
C16114,0.0,High Risk,0.9999958671111756,6.786053512178207e-38,4.132888824437065e-06
C16115,0.0,High Risk,0.9999490459012215,0.0,5.095409877919136e-05
C16116,0.0,High Risk,0.001597285716381956,0.9984027102347565,4.048861787568501e-09
C16117,1.0,Installment-Focused,0.999999966236326,0.0,3.3763673638519464e-08
C16118,0.0,High Risk,0.9950202401558284,0.0,0.00497975984417143
C16119,0.0,High Risk,0.9999998027594666,0.0,1.9724053398180133e-07
C16120,0.0,High Risk,9.879615687055185e-06,0.9999900905817724,2.980254069674409e-08
C16121,1.0,Installment-Focused,0.9999951690172292,0.0,4.8309827712310006e-06
C16122,0.0,High Risk,0.9999734315818897,6.672907029703238e-287,2.6568418109997102e-05
C16123,0.0,High Risk,0.9999999765061836,0.0,2.3493816485056368e-08
C16124,0.0,High Risk,1.1263185681947515e-05,0.9999885146168307,2.2219748767795067e-07
C16125,1.0,Installment-Focused,0.9999949633604029,0.0,5.036639597852095e-06
C16126,0.0,High Risk,1.318545311284363e-36,0.9999997714854997,2.2851450044019926e-07
C16127,1.0,Installment-Focused,2.6626173608062643e-119,0.9999999475940253,5.240597483069694e-08
C16128,1.0,Installment-Focused,0.999997750068317,0.0,2.2499316829333653e-06
C16129,0.0,High Risk,5.2812854711373365e-11,0.9999998777826716,1.2216451585527182e-07
C16130,1.0,Installment-Focused,2.4789939252197594e-123,0.9999996120028063,3.879971940989052e-07
C16131,1.0,Installment-Focused,1.4433223296907216e-08,0.9999999073657627,7.82010137090244e-08
C16132,1.0,Installment-Focused,0.9999823862449305,0.0,1.7613755068703128e-05
C16133,0.0,High Risk,1.8631678778638197e-11,0.0,0.9999999999813696
C16134,2.0,Low Engagement,0.9999998040611523,0.0,1.959388476503405e-07
C16135,0.0,High Risk,0.9999998815291508,0.0,1.1847084901291087e-07
C16136,0.0,High Risk,0.999998676850797,0.0,1.3231492030939554e-06
C16137,0.0,High Risk,9.3180608804849e-05,0.9999068180073195,1.3838754620240924e-09
C16138,1.0,Installment-Focused,0.999999915737634,0.0,8.42623655782799e-08
C16139,0.0,High Risk,0.9999999702074454,0.0,2.9792554487223626e-08
C16140,0.0,High Risk,0.0007288853985030775,0.9992711069034728,7.698024373057404e-09
C16141,1.0,Installment-Focused,1.802756387758275e-105,0.9999999245995166,7.540048351296469e-08
C16142,1.0,Installment-Focused,0.9999825859096231,0.0,1.741409037694733e-05
C16143,0.0,High Risk,1.262682847405139e-170,0.999885037476277,0.00011496252372339233
C16144,1.0,Installment-Focused,1.7521435283124744e-05,0.9999822797039245,1.9886079252714787e-07
C16145,1.0,Installment-Focused,1.9174573873431238e-05,0.9999805734758173,2.5195030933254586e-07
C16146,1.0,Installment-Focused,9.78607254128584e-05,0.9999021357407677,3.5338192971680044e-09
C16147,1.0,Installment-Focused,0.9999997117051149,0.0,2.882948852452519e-07
C16148,0.0,High Risk,1.680558141951282e-05,0.9999831654647398,2.8953840690983724e-08
C16149,1.0,Installment-Focused,0.005791002313672926,0.9942089845200389,1.3166288003535859e-08
C16150,1.0,Installment-Focused,0.009619866996131696,0.9903801209163159,1.2087552140155508e-08
C16151,1.0,Installment-Focused,7.66929143189426e-10,0.9999998957804835,1.0345258742566381e-07
C16153,1.0,Installment-Focused,4.7681685966044256e-32,0.9644248555928651,0.03557514440713419
C16154,1.0,Installment-Focused,0.8168834428574361,0.0,0.18311655714256259
C16155,0.0,High Risk,0.9999999588369333,0.0,4.116306723079441e-08
C16157,0.0,High Risk,0.9999997757546979,0.0,2.2424530199466302e-07
C16158,0.0,High Risk,0.9691466813607018,0.0,0.030853318639297807
C16159,0.0,High Risk,0.9999375047027499,0.0,6.249529724934453e-05
C16160,0.0,High Risk,0.999999966501021,0.0,3.349897897772054e-08
C16161,0.0,High Risk,0.9999988210497199,0.0,1.1789502800259507e-06
C16162,0.0,High Risk,0.1490780633146297,0.8509210879966583,8.486887123917127e-07
C16163,1.0,Installment-Focused,0.9999998807294519,0.0,1.1927054792669257e-07
C16164,0.0,High Risk,8.191004149045726e-05,0.9999180779219581,1.2036551179212905e-08
C16165,1.0,Installment-Focused,0.9999986439721172,0.0,1.3560278830039796e-06
C16166,0.0,High Risk,0.9999996476762653,0.0,3.5232373459665876e-07
C16167,0.0,High Risk,1.1738196188098942e-131,0.9999997026421423,2.9735785828268276e-07
C16168,1.0,Installment-Focused,0.9999999616618725,0.0,3.833812787668796e-08
C16169,0.0,High Risk,2.0854430736594494e-113,0.9999999032548497,9.674515064835685e-08
C16171,1.0,Installment-Focused,0.9999965513697149,0.0,3.4486302855176836e-06
C16172,0.0,High Risk,0.9999996922731127,0.0,3.077268874906315e-07
C16173,0.0,High Risk,0.9999858865007831,0.0,1.411349921696267e-05
C16174,0.0,High Risk,0.04413356645725159,0.9558664028629557,3.067979238682189e-08
C16175,1.0,Installment-Focused,1.3776906377351867e-113,0.9999998007153857,1.992846140487141e-07
C16176,1.0,Installment-Focused,0.9999999477109562,0.0,5.228904363794195e-08
C16177,0.0,High Risk,0.9999988586303082,0.0,1.1413696920704886e-06
C16178,0.0,High Risk,0.9999999638193982,0.0,3.6180601801318546e-08
C16179,0.0,High Risk,0.012717895481484562,0.9872821020740993,2.4444162377492055e-09
C16180,1.0,Installment-Focused,0.9999997581623922,0.0,2.418376075921576e-07
C16181,0.0,High Risk,1.951152410768523e-11,0.0,0.9999999999804885
C16182,2.0,Low Engagement,3.0898568178810507e-14,0.9385698178827511,0.061430182117218235
C16184,1.0,Installment-Focused,0.9999999387152024,0.0,6.12847980062783e-08
C16185,0.0,High Risk,0.9999981172635084,0.0,1.8827364915441398e-06
C16186,0.0,High Risk,0.9999772161296651,0.0,2.278387033431256e-05
C16187,0.0,High Risk,4.258868628873464e-10,0.0,0.9999999995741149
C16188,2.0,Low Engagement,0.9999929880428082,0.0,7.0119571918795296e-06
C16189,0.0,High Risk,0.015844327534001047,0.0,0.9841556724660002
C16190,2.0,Low Engagement,0.9999825119236073,1.613733223467791e-40,1.748807639251785e-05
C16191,0.0,High Risk,0.9999979603276561,0.0,2.0396723446607066e-06
C16192,0.0,High Risk,0.9999995879715039,0.0,4.1202849653696956e-07
C16193,0.0,High Risk,2.943210704678051e-17,4.65079481026735e-13,0.9999999999995346
C16194,2.0,Low Engagement,0.9997819682137821,6.1523786134160254e-192,0.0002180317862178324
C16195,0.0,High Risk,6.290338765411085e-23,0.9999998701232178,1.298767820877263e-07
C16196,1.0,Installment-Focused,7.822360774076847e-119,0.9999998670280563,1.3297194332799018e-07
C16197,1.0,Installment-Focused,0.9999999893373577,0.0,1.066264211416907e-08
C16198,0.0,High Risk,0.9999991810379673,0.0,8.189620330310973e-07
C16199,0.0,High Risk,0.0007616924111985559,0.9992382634934323,4.409536925758874e-08
C16200,1.0,Installment-Focused,4.4684894035001735e-29,4.621204882019545e-19,1.0
C16201,2.0,Low Engagement,0.00044230569898923264,0.9995576750670355,1.9233975312710572e-08
C16202,1.0,Installment-Focused,0.0016373790183831817,0.998362616099845,4.881771500341206e-09
C16203,1.0,Installment-Focused,0.9605690563903229,0.0,0.039430943609678144
C16204,0.0,High Risk,8.039800885933769e-05,0.9999193893921382,2.1259900214952426e-07
C16205,1.0,Installment-Focused,0.5516349108974679,5.218842015508513e-189,0.44836508910253287
C16206,0.0,High Risk,0.999999898154951,0.0,1.0184504861401263e-07
C16207,0.0,High Risk,2.867611184499602e-117,0.9999999072944038,9.270559615832327e-08
C16208,1.0,Installment-Focused,0.9999963648869902,0.0,3.6351130102168503e-06
C16209,0.0,High Risk,0.9999998778600391,0.0,1.2213996058716932e-07
C16210,0.0,High Risk,1.6398948290555465e-110,0.999999938359669,6.164033131157816e-08
C16212,1.0,Installment-Focused,1.0288933370529627e-92,0.0,1.0
C16213,2.0,Low Engagement,0.9999995082549012,0.0,4.917450986769229e-07
C16214,0.0,High Risk,1.2564237614500606e-28,6.1425337514785725e-24,1.0
C16215,2.0,Low Engagement,0.9999997280639296,0.0,2.719360703119815e-07
C16216,0.0,High Risk,0.9999997902490889,0.0,2.097509115448508e-07
C16217,0.0,High Risk,0.9999987065042654,0.0,1.2934957347188523e-06
C16218,0.0,High Risk,2.6732892834600083e-13,0.9760520190060608,0.023947980993672374
C16219,1.0,Installment-Focused,0.00019999705360217244,0.9998000002882819,2.6581158512144333e-09
C16220,1.0,Installment-Focused,0.9999884342212785,5.8209222448629994e-40,1.1565778722440193e-05
C16221,0.0,High Risk,0.00709519714392009,0.9929048016504576,1.2056225774335391e-09
C16222,1.0,Installment-Focused,1.0178061185146677e-28,0.0,1.0
C16223,2.0,Low Engagement,1.152642451869533e-25,0.0,1.0
C16224,2.0,Low Engagement,0.002082071831097988,0.9979176026789395,3.25489962586963e-07
C16225,1.0,Installment-Focused,0.000489689726599126,0.9995102972267869,1.3046614243081709e-08
C16226,1.0,Installment-Focused,0.0032517727888811254,0.9967482172769397,9.934178851752173e-09
C16227,1.0,Installment-Focused,0.00037816265614814334,0.9996217666333489,7.071050293405913e-08
C16228,1.0,Installment-Focused,0.000525693550799706,0.9994742967309609,9.718239510067018e-09
C16229,1.0,Installment-Focused,1.7844145313265307e-07,0.9999997598009913,6.175755523747134e-08
C16230,1.0,Installment-Focused,0.00021674138010675754,0.9997831839184388,7.470145435360157e-08
C16231,1.0,Installment-Focused,0.0003414748585349252,0.9996584828522894,4.2289175580930084e-08
C16232,1.0,Installment-Focused,0.9999976438592127,0.0,2.356140786647393e-06
C16233,0.0,High Risk,2.727057549864866e-132,0.9999998968001886,1.0319981142905198e-07
C16234,1.0,Installment-Focused,1.0814581831390233e-06,0.9999983791925774,5.393492390975302e-07
C16235,1.0,Installment-Focused,0.000241003515508364,0.9997589811598351,1.532465675543373e-08
C16236,1.0,Installment-Focused,0.9999999609378943,0.0,3.9062105444326e-08
C16237,0.0,High Risk,3.876973081910763e-68,0.0,1.0
C16238,2.0,Low Engagement,0.0022927027216509558,0.9977069176757422,3.7960260723982204e-07
C16239,1.0,Installment-Focused,0.00010317513349222281,0.9998967995325652,2.533394249508701e-08
C16240,1.0,Installment-Focused,2.2625922105553754e-11,0.0,0.9999999999773728
C16241,2.0,Low Engagement,1.3855179351439372e-28,0.17962513688436108,0.8203748631156383
C16242,2.0,Low Engagement,2.000685288397688e-06,0.9999978914057959,1.07908915854161e-07
C16243,1.0,Installment-Focused,0.999993043123215,0.0,6.956876784922463e-06
C16244,0.0,High Risk,0.9999999440566316,0.0,5.5943368427989686e-08
C16245,0.0,High Risk,0.9999999620327678,0.0,3.796723161220755e-08
C16246,0.0,High Risk,0.9999971383313185,0.0,2.86166868158626e-06
C16247,0.0,High Risk,1.0456094705900149e-108,0.9999990488264062,9.511735936763266e-07
C16248,1.0,Installment-Focused,0.9999999743984066,0.0,2.560159327257324e-08
C16249,0.0,High Risk,0.99993944789759,0.0,6.0552102409298834e-05
C16250,0.0,High Risk,0.0014854190716164554,0.9985145746054005,6.322983297012378e-09
C16251,1.0,Installment-Focused,0.9999960025624294,9.910998979430166e-174,3.997437570228437e-06
C16252,0.0,High Risk,0.9999963097392988,0.0,3.69026070148532e-06
C16253,0.0,High Risk,0.05105686634917012,0.0,0.9489431336508293
C16254,2.0,Low Engagement,0.000174093821116593,0.9998258517596542,5.441922906532403e-08
C16255,1.0,Installment-Focused,1.609436682959987e-39,0.9999996428529856,3.571470145310653e-07
C16256,1.0,Installment-Focused,1.6481852235286887e-13,0.9999998614713304,1.385285047805821e-07
C16257,1.0,Installment-Focused,0.0018194513938703386,0.0,0.9981805486061315
C16258,2.0,Low Engagement,0.0014609679798348338,0.9985390187537585,1.3266406343155157e-08
C16259,1.0,Installment-Focused,0.0023520656683442176,0.0,0.9976479343316572
C16260,2.0,Low Engagement,1.5689165659847815e-14,0.99999992592746,7.407252444072958e-08
C16261,1.0,Installment-Focused,9.280466120758872e-120,0.9999999666182379,3.338176226898271e-08
C16262,1.0,Installment-Focused,0.02426658776826409,0.0,0.9757334122317356
C16263,2.0,Low Engagement,0.99999873192155,0.0,1.2680784502792174e-06
C16264,0.0,High Risk,0.0010973160884520513,0.9989026520166414,3.189490662233029e-08
C16265,1.0,Installment-Focused,8.145502843199626e-153,9.092767218654654e-187,1.0
C16266,2.0,Low Engagement,0.0004254726529632442,0.9995744824797789,4.486725829212977e-08
C16267,1.0,Installment-Focused,0.00010054111789363177,0.9998994434167814,1.5465324857554718e-08
C16268,1.0,Installment-Focused,0.0005887480933753581,0.9994112459473755,5.959249289428182e-09
C16269,1.0,Installment-Focused,0.9999779329037823,0.0,2.2067096217682995e-05
C16270,0.0,High Risk,0.0012429197142473222,0.9987570755527673,4.732985051541419e-09
C16271,1.0,Installment-Focused,7.547706327506205e-29,0.0,1.0
C16272,2.0,Low Engagement,0.9999997653258843,0.0,2.3467411613534358e-07
C16273,0.0,High Risk,1.0677044572146034e-10,0.9999997578419726,2.420512568991787e-07
C16274,1.0,Installment-Focused,3.075538005702715e-11,0.9999976821663065,2.3178029384976055e-06
C16275,1.0,Installment-Focused,0.002997533244318989,0.9970024587839038,7.971776842727267e-09
C16276,1.0,Installment-Focused,0.9999998556508618,0.0,1.4434913789389355e-07
C16277,0.0,High Risk,0.027416644543296,0.0,0.9725833554567052
C16278,2.0,Low Engagement,2.2147243729980512e-122,0.999999922797221,7.720277869615299e-08
C16279,1.0,Installment-Focused,0.0022735628479515877,0.9977264119950112,2.5157037176153147e-08
C16280,1.0,Installment-Focused,3.071577803803285e-18,0.9999991973614689,8.026385315816213e-07
C16281,1.0,Installment-Focused,0.00039563905346845166,0.9996043577683758,3.178156024878438e-09
C16282,1.0,Installment-Focused,0.9999965650467149,0.0,3.4349532848440235e-06
C16283,0.0,High Risk,5.960794769302529e-22,0.9999723381479243,2.7661852075544706e-05
C16284,1.0,Installment-Focused,0.9999993640860382,0.0,6.359139619060244e-07
C16285,0.0,High Risk,7.469447069839073e-14,0.0,0.9999999999999254
C16286,2.0,Low Engagement,0.9999991822493901,0.0,8.177506102307883e-07
C16287,0.0,High Risk,0.9999999355304737,0.0,6.446952606587757e-08
C16288,0.0,High Risk,0.00011897705096068715,0.9998810149922228,7.956816520694837e-09
C16289,1.0,Installment-Focused,0.9999965594022076,0.0,3.440597793206821e-06
C16290,0.0,High Risk,0.9999938225530094,0.0,6.177446989764239e-06
C16291,0.0,High Risk,0.0008893646145446215,0.9991104345906171,2.0079483870347228e-07
C16292,1.0,Installment-Focused,3.496126071868437e-20,0.9999950728838098,4.927116190863208e-06
C16293,1.0,Installment-Focused,0.9999970654992507,0.0,2.934500749405751e-06
C16294,0.0,High Risk,0.9999993580958915,0.0,6.419041084716077e-07
C16295,0.0,High Risk,0.9999988037664252,0.0,1.1962335744614114e-06
C16296,0.0,High Risk,0.9995830600073669,0.0,0.00041693999263340734
C16297,0.0,High Risk,3.904777115761253e-09,0.9999999814468625,1.4648360442339622e-08
C16298,1.0,Installment-Focused,0.9998992331974329,1.5589146050637124e-225,0.00010076680256664258
C16299,0.0,High Risk,0.9999998914884737,0.0,1.0851152667209702e-07
C16300,0.0,High Risk,0.9999997665269916,0.0,2.3347300832646107e-07
C16301,0.0,High Risk,8.245427222217744e-116,0.9999989875120515,1.0124879485936212e-06
C16302,1.0,Installment-Focused,0.9999999097180249,0.0,9.02819748518602e-08
C16303,0.0,High Risk,3.799403538276314e-06,0.99999617295122,2.7645241985104262e-08
C16304,1.0,Installment-Focused,0.0017674488237751484,0.9982325417195838,9.456641469518384e-09
C16305,1.0,Installment-Focused,0.9999920681316857,0.0,7.931868314397072e-06
C16306,0.0,High Risk,0.0002834805413577437,0.0,0.9997165194586435
C16307,2.0,Low Engagement,6.527939850704406e-23,2.2530997659111926e-15,0.9999999999999964
C16308,2.0,Low Engagement,0.9999842319885487,0.0,1.5768011451640755e-05
C16309,0.0,High Risk,0.9999919662934407,0.0,8.033706559890168e-06
C16310,0.0,High Risk,0.9999999455054095,0.0,5.449459029256866e-08
C16311,0.0,High Risk,0.999999846167713,0.0,1.538322868159867e-07
C16312,0.0,High Risk,2.7269018476859783e-22,0.9999506375808738,4.936241912772332e-05
C16313,1.0,Installment-Focused,0.9999996130183899,0.0,3.8698160994106303e-07
C16314,0.0,High Risk,0.9999982331330818,0.0,1.7668669188125604e-06
C16315,0.0,High Risk,0.999989397356619,0.0,1.060264338038199e-05
C16316,0.0,High Risk,0.9999993455593837,0.0,6.54440616450541e-07
C16317,0.0,High Risk,0.9999992073853182,5.111375827228957e-292,7.926146813634504e-07
C16318,0.0,High Risk,8.518088539519701e-131,0.9999998836690495,1.163309501991142e-07
C16319,1.0,Installment-Focused,2.617795093311668e-130,0.9999999116789547,8.832104544058438e-08
C16320,1.0,Installment-Focused,5.306445281706123e-38,0.9999998076456585,1.9235434174894716e-07
C16321,1.0,Installment-Focused,0.0001978095456246633,0.9998021863188178,4.135557505282094e-09
C16322,1.0,Installment-Focused,1.1529967907578236e-09,0.0,0.9999999988470023
C16323,2.0,Low Engagement,0.00014591461242273088,0.9998540793049926,6.08258504056945e-09
C16324,1.0,Installment-Focused,4.253807787799162e-26,1.0175751222899822e-22,1.0
C16325,2.0,Low Engagement,0.0001822105221994735,0.9998177811481463,8.329654322776967e-09
C16326,1.0,Installment-Focused,0.005486212386562031,0.9945137421616678,4.5451769912470886e-08
C16327,1.0,Installment-Focused,0.00024284478049089244,0.9997571425174838,1.2702025285666856e-08
C16328,1.0,Installment-Focused,0.9999998526144476,0.0,1.4738555171530215e-07
C16329,0.0,High Risk,0.9999998740799078,0.0,1.2592009252430386e-07
C16330,0.0,High Risk,4.328066447825461e-08,0.9999995423110429,4.1440829248717816e-07
C16331,1.0,Installment-Focused,0.9999995571346906,0.0,4.4286530968495105e-07
C16332,0.0,High Risk,3.1485110611848983e-07,0.9999995456504231,1.3949847075708888e-07
C16333,1.0,Installment-Focused,1.3135215175426641e-34,0.9999999253075199,7.46924800641415e-08
C16334,1.0,Installment-Focused,0.009733435085890143,0.9902665622611889,2.652920610825507e-09
C16335,1.0,Installment-Focused,0.9999997402470662,0.0,2.597529334810782e-07
C16336,0.0,High Risk,0.9999986521974688,0.0,1.3478025316211337e-06
C16337,0.0,High Risk,0.9999991805247905,0.0,8.194752090977632e-07
C16338,0.0,High Risk,0.9999996866654552,0.0,3.133345447609142e-07
C16339,0.0,High Risk,3.122347972820167e-13,0.9999995563818256,4.4361786201176277e-07
C16340,1.0,Installment-Focused,0.9999973549168649,0.0,2.6450831353499447e-06
C16341,0.0,High Risk,9.367744175212062e-141,0.9999999283294824,7.167051747996677e-08
C16342,1.0,Installment-Focused,0.9999981677884974,0.0,1.832211503051282e-06
C16343,0.0,High Risk,6.78986553453408e-12,0.9999995468066804,4.531865289771853e-07
C16345,1.0,Installment-Focused,0.9999992211624433,0.0,7.788375564099206e-07
C16346,0.0,High Risk,2.579256172269575e-07,0.9999986359725707,1.10610181205421e-06
C16347,1.0,Installment-Focused,0.0006728764770900789,0.9993271180059646,5.516945124268248e-09
C16348,1.0,Installment-Focused,5.2172051637243345e-05,0.0,0.9999478279483645
C16349,2.0,Low Engagement,2.4314766512440608e-61,0.9999999186163799,8.138362046194678e-08
C16350,1.0,Installment-Focused,0.9999975462635978,0.0,2.4537364022617154e-06
C16351,0.0,High Risk,0.999998431905402,0.0,1.5680945978210577e-06
C16352,0.0,High Risk,0.999999811640266,0.0,1.8835973379232125e-07
C16353,0.0,High Risk,0.9999969680553624,0.0,3.0319446376261545e-06
C16354,0.0,High Risk,0.007160289653668677,0.9928396746565583,3.5689773166747245e-08
C16355,1.0,Installment-Focused,0.9999992296420449,0.0,7.703579554592079e-07
C16356,0.0,High Risk,0.0003625569677881605,0.9996374230151035,2.0017108357346913e-08
C16357,1.0,Installment-Focused,0.999998439038135,0.0,1.5609618647700628e-06
C16358,0.0,High Risk,0.9999993663168167,0.0,6.336831831239299e-07
C16359,0.0,High Risk,0.9999998836326306,0.0,1.1636736927060991e-07
C16360,0.0,High Risk,0.0022362212345198636,0.997763633050412,1.4571506809109282e-07
C16361,1.0,Installment-Focused,0.0014217533757205597,0.9985782119329157,3.469136405757957e-08
C16362,1.0,Installment-Focused,0.0004075864841013012,0.9995923845205914,2.899530740192837e-08
C16363,1.0,Installment-Focused,0.9999999124388926,0.0,8.756110774435273e-08
C16364,0.0,High Risk,0.00025640955251527266,0.9997435773626999,1.3084784804997071e-08
C16365,1.0,Installment-Focused,1.209141841766578e-40,0.9999998850476994,1.1495230087054061e-07
C16366,1.0,Installment-Focused,0.027300075862295336,0.9726999154672654,8.670439440641917e-09
C16367,1.0,Installment-Focused,0.9999979914576579,0.0,2.0085423422531358e-06
C16369,0.0,High Risk,0.9999997586599692,0.0,2.4134003119873317e-07
C16370,0.0,High Risk,0.0008685023126527836,0.9991312254847708,2.722025770501524e-07
C16371,1.0,Installment-Focused,0.0036591295822417935,0.996340799405092,7.101266609803442e-08
C16372,1.0,Installment-Focused,0.9999994450340542,0.0,5.549659454992389e-07
C16373,0.0,High Risk,1.0593701555314695e-08,0.9999956910912441,4.298315054429654e-06
C16374,1.0,Installment-Focused,1.2245123119491036e-09,0.0,0.9999999987754862
C16375,2.0,Low Engagement,0.003507162540369429,0.9964928355530073,1.90662299421255e-09
C16376,1.0,Installment-Focused,0.9999993745959018,0.0,6.254040978791963e-07
C16377,0.0,High Risk,0.9999990638284929,0.0,9.361715074716341e-07
C16378,0.0,High Risk,8.563413943743148e-05,0.9999143623307187,3.5298441847042716e-09
C16379,1.0,Installment-Focused,0.00023054381108909925,0.9997694008808247,5.5308086493402875e-08
C16380,1.0,Installment-Focused,0.9999989116295386,0.0,1.0883704612128402e-06
C16381,0.0,High Risk,0.00019816939497086325,0.9998018238917415,6.7132871557472046e-09
C16382,1.0,Installment-Focused,0.9999990466259728,0.0,9.533740266175598e-07
C16383,0.0,High Risk,0.999995642395765,0.0,4.357604235398066e-06
C16384,0.0,High Risk,0.9999999315803999,0.0,6.841960025458625e-08
C16385,0.0,High Risk,0.99832422807793,0.0,0.001675771922070713
C16386,0.0,High Risk,3.7717172653254937e-06,1.4098510165110268e-209,0.999996228282733
C16387,2.0,Low Engagement,0.11589684624451556,0.0,0.8841031537554862
C16388,2.0,Low Engagement,1.4203794345299473e-95,0.9999999665983094,3.34016907329219e-08
C16389,1.0,Installment-Focused,0.015484376099306505,0.9845137793467038,1.8445539887855412e-06
C16390,1.0,Installment-Focused,3.294820457749684e-07,0.9999993824788845,2.880390693881517e-07
C16391,1.0,Installment-Focused,0.9999996034547434,0.0,3.965452562188417e-07
C16392,0.0,High Risk,3.834990020858086e-15,0.0,0.9999999999999964
C16393,2.0,Low Engagement,0.00015143679043460155,0.9998485578606618,5.348903257420027e-09
C16394,1.0,Installment-Focused,3.852196705553859e-06,0.9999830325258955,1.3115277398806976e-05
C16395,1.0,Installment-Focused,0.9999999793653009,0.0,2.0634698474307427e-08
C16396,0.0,High Risk,1.6775085576040274e-05,0.9999830810402787,1.4387414523719046e-07
C16397,1.0,Installment-Focused,2.9075425263527593e-100,0.999997097039029,2.902960971085817e-06
C16398,1.0,Installment-Focused,0.0011806261084340403,0.9988193534267072,2.046485901001763e-08
C16399,1.0,Installment-Focused,1.2015817285564204e-17,2.0760702446228924e-11,0.9999999999792379
C16400,2.0,Low Engagement,0.9999988956648322,0.0,1.104335168094622e-06
C16401,0.0,High Risk,2.8663968651056323e-19,0.0,1.0
C16402,2.0,Low Engagement,1.18903066904122e-121,0.9999998618887866,1.3811121310103797e-07
C16403,1.0,Installment-Focused,4.719439032353859e-18,0.0,1.0
C16404,2.0,Low Engagement,5.621044685378213e-65,0.9999995768069042,4.231930954605799e-07
C16405,1.0,Installment-Focused,1.0137455100209925e-108,0.9999998779978719,1.2200212844637106e-07
C16406,1.0,Installment-Focused,7.482288682571459e-24,0.9998578924639389,0.00014210753606140654
C16407,1.0,Installment-Focused,3.436241257489715e-09,0.0,0.9999999965637585
C16408,2.0,Low Engagement,0.9999904506266617,0.0,9.549373339131412e-06
C16409,0.0,High Risk,0.9999999609865914,0.0,3.901340898357505e-08
C16410,0.0,High Risk,0.0009995925414231898,0.9990003972819853,1.0176591434532785e-08
C16411,1.0,Installment-Focused,0.9996503749173319,0.0,0.0003496250826684742
C16412,0.0,High Risk,0.9999497706218986,0.0,5.022937810051225e-05
C16414,0.0,High Risk,0.9997682164406202,0.0,0.00023178355938038929
C16415,0.0,High Risk,0.00044264047835955233,0.9995573484957344,1.1025905884249742e-08
C16416,1.0,Installment-Focused,6.628445571838012e-49,0.9999999112173089,8.87826912285063e-08
C16417,1.0,Installment-Focused,0.9999999486512272,0.0,5.134877239734548e-08
C16418,0.0,High Risk,0.9999677969919146,0.0,3.220300808466375e-05
C16419,0.0,High Risk,0.922174903211579,0.0,0.07782509678842094
C16421,0.0,High Risk,0.99999908479445,0.0,9.15205550414432e-07
C16422,0.0,High Risk,1.1185894162167853e-24,0.9999978836689282,2.11633107235344e-06
C16423,1.0,Installment-Focused,9.370184913160247e-91,0.9999998743800907,1.25619909645741e-07
C16424,1.0,Installment-Focused,0.9978387066466579,0.0,0.0021612933533415204
C16425,0.0,High Risk,0.9999998553415874,0.0,1.4465841286021877e-07
C16426,0.0,High Risk,0.9999993306292636,0.0,6.693707369364222e-07
C16427,0.0,High Risk,0.8571762442336988,0.0,0.14282375576630219
C16428,0.0,High Risk,5.737965469163045e-146,0.0,1.0
C16429,2.0,Low Engagement,0.9999999397169228,0.0,6.028307748881811e-08
C16430,0.0,High Risk,4.193804939895008e-06,0.9999956079046332,1.9829042720728492e-07
C16431,1.0,Installment-Focused,0.99999985784796,0.0,1.421520403969302e-07
C16432,0.0,High Risk,0.9999996810312191,0.0,3.1896878068047035e-07
C16433,0.0,High Risk,0.9999999343806388,0.0,6.561936069253022e-08
C16434,0.0,High Risk,0.0027020475827390384,0.9972771204981778,2.0831919082871198e-05
C16435,1.0,Installment-Focused,6.166859001627612e-07,0.9999992624316294,1.2088247013324712e-07
C16436,1.0,Installment-Focused,0.9999993083094013,0.0,6.916905989691684e-07
C16437,0.0,High Risk,1.305761221449402e-30,0.0011073053620514147,0.9988926946379476
C16438,2.0,Low Engagement,0.9999999134715785,0.0,8.652842188974131e-08
C16439,0.0,High Risk,0.9999976738604089,0.0,2.3261395912121722e-06
C16440,0.0,High Risk,0.9999998800965023,0.0,1.1990349749423225e-07
C16441,0.0,High Risk,1.3983525604085977e-87,0.999999942480048,5.7519952181233465e-08
C16442,1.0,Installment-Focused,1.1500165165420217e-123,0.9999998041545247,1.9584547574832989e-07
C16443,1.0,Installment-Focused,2.5926164186709918e-20,0.0,1.0
C16444,2.0,Low Engagement,0.0003405389160211263,0.9996592111541046,2.4992987360702704e-07
C16445,1.0,Installment-Focused,6.066493447577374e-25,1.4609695437452573e-05,0.9999853903045617
C16446,2.0,Low Engagement,0.9999988372787537,0.0,1.1627212463105027e-06
C16447,0.0,High Risk,2.1524353637754213e-118,0.9999999534070139,4.6592985868351944e-08
C16448,1.0,Installment-Focused,0.9996064073982651,0.0,0.0003935926017343412
C16449,0.0,High Risk,2.075712035765503e-06,0.9999978527278192,7.156014532809945e-08
C16450,1.0,Installment-Focused,0.999975001201056,0.0,2.499879894461693e-05
C16451,0.0,High Risk,0.9999999134005277,0.0,8.659947231358335e-08
C16452,0.0,High Risk,0.0031288465829797363,0.9968710659112902,8.750573032685337e-08
C16453,1.0,Installment-Focused,0.999999108163699,0.0,8.918363009338237e-07
C16454,0.0,High Risk,0.008885982088157784,0.9911136520536069,3.6585823537607466e-07
C16455,1.0,Installment-Focused,1.4516988683223335e-124,0.9999999215765656,7.84234340941235e-08
C16456,1.0,Installment-Focused,0.9999997904895472,0.0,2.095104522521635e-07
C16457,0.0,High Risk,2.2391368070166592e-150,0.9999999544644319,4.5535567763929786e-08
C16458,1.0,Installment-Focused,1.2279545696040418e-114,0.9999999630270311,3.697296905278657e-08
C16459,1.0,Installment-Focused,0.999998959700201,0.0,1.040299799208098e-06
C16460,0.0,High Risk,0.0003517111290212396,0.9996482783549475,1.0516031089370757e-08
C16461,1.0,Installment-Focused,4.002867522813445e-133,0.9999997656768896,2.3432311043331125e-07
C16462,1.0,Installment-Focused,0.999992702896483,0.0,7.297103516591276e-06
C16463,0.0,High Risk,0.0003097944633896743,0.9996897459584501,4.5957815937780675e-07
C16464,1.0,Installment-Focused,0.0001042008251993851,0.9998957710311762,2.8143624112661546e-08
C16465,1.0,Installment-Focused,0.9999986083999969,0.0,1.3916000026859293e-06
C16466,0.0,High Risk,2.5327479636347593e-14,0.9999999237204646,7.627950966920861e-08
C16467,1.0,Installment-Focused,0.9999988196865515,0.0,1.1803134490542532e-06
C16468,0.0,High Risk,0.9999999177434542,0.0,8.225654616791823e-08
C16469,0.0,High Risk,2.50793391774598e-35,0.9999625112584586,3.748874154097484e-05
C16470,1.0,Installment-Focused,0.9999994532485916,0.0,5.467514086108729e-07
C16471,0.0,High Risk,1.3874627212889972e-110,0.9999999443866716,5.56133284130199e-08
C16472,1.0,Installment-Focused,0.001405668321776485,0.9985943227271845,8.95103894135893e-09
C16473,1.0,Installment-Focused,1.5565535626500664e-151,0.9999999646711923,3.532880754886832e-08
C16474,1.0,Installment-Focused,7.111894206764959e-08,0.0,0.9999999288810589
C16475,2.0,Low Engagement,0.7215228252621556,0.0,0.27847717473784506
C16476,0.0,High Risk,1.369941353222399e-141,0.9999999094545405,9.05454592942151e-08
C16477,1.0,Installment-Focused,1.0107372897797452e-05,0.9999898223254832,7.030161911444716e-08
C16478,1.0,Installment-Focused,0.00872346223830776,0.9912761176422463,4.2011944570605514e-07
C16479,1.0,Installment-Focused,1.819261572980537e-05,0.9999818044627514,2.921518896082761e-09
C16480,1.0,Installment-Focused,0.0016932467828183017,0.9983067487345434,4.482638055010728e-09
C16481,1.0,Installment-Focused,0.9999281194782808,0.0,7.188052171853277e-05
C16482,0.0,High Risk,0.9999956447604338,0.0,4.355239566049874e-06
C16483,0.0,High Risk,1.4298481318518081e-09,0.9999997924167057,2.061534464423408e-07
C16484,1.0,Installment-Focused,0.9999999852210335,0.0,1.4778966559869315e-08
C16485,0.0,High Risk,9.89657874554463e-26,0.9999945735629054,5.426437093905257e-06
C16486,1.0,Installment-Focused,0.9999983520183039,0.0,1.6479816957083496e-06
C16487,0.0,High Risk,0.9999998271293168,0.0,1.72870683635011e-07
C16488,0.0,High Risk,4.2149018343047013e-91,0.0,1.0
C16489,2.0,Low Engagement,0.0024540279312909945,0.9975459113111399,6.075756950187695e-08
C16490,1.0,Installment-Focused,1.0183288833954217e-05,0.9999896807408207,1.3597034511590997e-07
C16491,1.0,Installment-Focused,0.0008966331939540655,0.999103350673567,1.6132479056634045e-08
C16492,1.0,Installment-Focused,0.9999999451043935,0.0,5.489560679248516e-08
C16493,0.0,High Risk,0.9999997982392682,0.0,2.0176073200797345e-07
C16494,0.0,High Risk,0.9999997106799042,0.0,2.893200960104512e-07
C16495,0.0,High Risk,9.13387874245994e-16,0.9999997356348146,2.643651844251827e-07
C16496,1.0,Installment-Focused,0.999986716029633,0.0,1.3283970366811248e-05
C16497,0.0,High Risk,0.9815764505182428,0.0,0.01842354948175643
C16498,0.0,High Risk,0.9999925836975578,0.0,7.4163024420978524e-06
C16499,0.0,High Risk,0.0018184328056152135,0.9981813477400079,2.1945437657743212e-07
C16500,1.0,Installment-Focused,0.9999987088272362,0.0,1.2911727639087116e-06
C16501,0.0,High Risk,2.10733454985259e-31,3.112586727182137e-195,1.0
C16502,2.0,Low Engagement,0.9999819773033105,0.0,1.802269668993674e-05
C16503,0.0,High Risk,0.999997647053706,0.0,2.3529462943137e-06
C16504,0.0,High Risk,0.9999998941547805,0.0,1.058452191331812e-07
C16505,0.0,High Risk,0.0001327853760665155,0.9998672017212957,1.290263772910677e-08
C16506,1.0,Installment-Focused,1.785729979311691e-95,0.0,1.0
C16507,2.0,Low Engagement,0.9999992477149636,0.0,7.522850359911385e-07
C16508,0.0,High Risk,0.00010341888302327,0.9998965782556378,2.8613386071730376e-09
C16509,1.0,Installment-Focused,0.9999993617978975,0.0,6.382021027064351e-07
C16510,0.0,High Risk,0.0009967766723828803,0.9990031972811989,2.604641804634096e-08
C16511,1.0,Installment-Focused,1.9453205115208534e-19,0.9999998590333689,1.40966630914948e-07
C16512,1.0,Installment-Focused,0.9999998927261236,0.0,1.0727387647995238e-07
C16513,0.0,High Risk,2.291603930787174e-07,0.9999996735372187,9.730238844196807e-08
C16514,1.0,Installment-Focused,2.5378646646433963e-22,0.9999980891679496,1.9108320502065244e-06
C16515,1.0,Installment-Focused,0.9999945118538829,0.0,5.488146116539325e-06
C16516,0.0,High Risk,0.0013295093590995738,0.9986704824797592,8.161141173033348e-09
C16517,1.0,Installment-Focused,2.5298127724644585e-36,0.999999365192738,6.348072619926769e-07
C16518,1.0,Installment-Focused,0.999997582678478,0.0,2.4173215218970826e-06
C16519,0.0,High Risk,5.103318479212388e-10,0.9999999539629634,4.552670486278982e-08
C16520,1.0,Installment-Focused,0.9999999736896074,0.0,2.6310392331359224e-08
C16521,0.0,High Risk,0.999996767299721,0.0,3.232700279620475e-06
C16522,0.0,High Risk,0.9999966175299313,0.0,3.382470069504445e-06
C16523,0.0,High Risk,0.0005058364803191663,0.9994941598405631,3.679117650367585e-09
C16524,1.0,Installment-Focused,0.9996464894127303,0.0,0.00035351058727025415
C16525,0.0,High Risk,0.9999998068912754,0.0,1.9310872377939643e-07
C16526,0.0,High Risk,7.560834951275045e-148,0.9999428624634185,5.7137536580814834e-05
C16527,1.0,Installment-Focused,4.388857287219395e-05,0.9999560780385849,3.3388542809276396e-08
C16528,1.0,Installment-Focused,3.829810298093312e-07,0.9999993714909289,2.455280413367783e-07
C16529,1.0,Installment-Focused,0.9999980429737062,0.0,1.9570262943633983e-06
C16530,0.0,High Risk,2.1245217568975156e-33,0.9999975608132873,2.4391867134167375e-06
C16531,1.0,Installment-Focused,1.5894710732214727e-05,0.27156169698666416,0.7284224083026021
C16532,2.0,Low Engagement,0.999999119443157,0.0,8.805568427413581e-07
C16533,0.0,High Risk,0.9999999802831516,0.0,1.9716847972830933e-08
C16534,0.0,High Risk,0.9999919089683434,0.0,8.091031656275804e-06
C16535,0.0,High Risk,0.9999974537779399,0.0,2.546222060364015e-06
C16536,0.0,High Risk,6.864809829270377e-138,0.9999999036896974,9.631030284681431e-08
C16537,1.0,Installment-Focused,3.639319395629853e-18,0.9999998269559879,1.730440119867975e-07
C16538,1.0,Installment-Focused,0.9999991054910109,0.0,8.945089893764e-07
C16539,0.0,High Risk,9.491736663404693e-153,0.0,1.0
C16540,2.0,Low Engagement,0.9999980951141667,0.0,1.9048858330883186e-06
C16541,0.0,High Risk,0.9999997510489028,0.0,2.4895109777167446e-07
C16542,0.0,High Risk,0.9999845375032915,0.0,1.5462496708996605e-05
C16543,0.0,High Risk,0.9999495320751441,0.0,5.046792485624829e-05
C16544,0.0,High Risk,0.9999916906979472,0.0,8.309302053597291e-06
C16545,0.0,High Risk,0.9989757736253715,0.0,0.0010242263746295932
C16546,0.0,High Risk,0.0026909798248111127,0.9973090163725372,3.802651662488954e-09
C16547,1.0,Installment-Focused,6.754965932382627e-15,0.999999368525311,6.314746822170369e-07
C16548,1.0,Installment-Focused,0.0006253679746915259,0.9993746238273029,8.198005509652412e-09
C16549,1.0,Installment-Focused,0.0004577852999212545,0.9995421822387416,3.246133676595123e-08
C16550,1.0,Installment-Focused,0.9999996055634718,0.0,3.9443652884346406e-07
C16551,0.0,High Risk,0.022234409865603367,0.9777654787569325,1.11377463894452e-07
C16552,1.0,Installment-Focused,0.999998890952224,0.0,1.1090477760247636e-06
C16553,0.0,High Risk,0.9999984414682531,5.825307205542278e-37,1.5585317474532082e-06
C16554,0.0,High Risk,0.0002722270802485917,0.9997277695743647,3.3453867561899803e-09
C16555,1.0,Installment-Focused,0.0007144495476156635,0.9992855326785954,1.7773788828228994e-08
C16556,1.0,Installment-Focused,0.9999998704479327,0.0,1.2955206748352569e-07
C16557,0.0,High Risk,7.611587713332109e-11,0.9999993587329672,6.411909168132416e-07
C16558,1.0,Installment-Focused,0.9999996105556329,0.0,3.894443663272161e-07
C16559,0.0,High Risk,8.029942969540554e-05,0.9999196662269713,3.434333308728704e-08
C16560,1.0,Installment-Focused,0.9259652279456209,0.0,0.07403477205437843
C16561,0.0,High Risk,0.9999841401526792,0.0,1.5859847320759785e-05
C16562,0.0,High Risk,1.709626261613654e-05,0.9999828649347932,3.8802591032222985e-08
C16563,1.0,Installment-Focused,3.490985367847263e-119,0.9999988670906181,1.1329093813975156e-06
C16564,1.0,Installment-Focused,2.5117521436138423e-112,0.9999999634583847,3.654161506901977e-08
C16565,1.0,Installment-Focused,0.9999992302875067,0.0,7.697124934575643e-07
C16566,0.0,High Risk,4.794640345773675e-10,0.999997324773207,2.674747328714177e-06
C16567,1.0,Installment-Focused,0.9999996991254854,0.0,3.0087451452895115e-07
C16568,0.0,High Risk,0.9999970298738542,0.0,2.9701261457737913e-06
C16569,0.0,High Risk,1.0825907446914615e-128,0.9999999512880254,4.871197431233851e-08
C16570,1.0,Installment-Focused,1.4347499829227357e-27,0.9999998427715119,1.5722848768397834e-07
C16571,1.0,Installment-Focused,0.9999997304516847,0.0,2.6954831540227406e-07
C16572,0.0,High Risk,1.7830597627923714e-15,0.9999828797420441,1.7120257954347368e-05
C16573,1.0,Installment-Focused,0.0018621678976077965,0.9981377939079857,3.8194406459177515e-08
C16574,1.0,Installment-Focused,1.9427881899662001e-07,0.999999035815088,7.699060922403963e-07
C16575,1.0,Installment-Focused,0.9998977464900511,0.0,0.000102253509948688
C16576,0.0,High Risk,0.9999999571420473,0.0,4.285795300578943e-08
C16577,0.0,High Risk,0.9974005381943717,6.10446221482844e-50,0.002599461805628901
C16578,0.0,High Risk,0.9974524337908414,0.0,0.002547566209157921
C16579,0.0,High Risk,0.9999913964699394,0.0,8.603530059910737e-06
C16580,0.0,High Risk,0.9999948287853738,0.0,5.171214625627782e-06
C16581,0.0,High Risk,0.9999613966198785,0.0,3.86033801219141e-05
C16583,0.0,High Risk,0.9999993674036862,0.0,6.325963131679841e-07
C16584,0.0,High Risk,4.838928542111177e-10,0.9999999217084228,7.780768420839265e-08
C16585,1.0,Installment-Focused,4.186521712693153e-88,0.9999995647769092,4.352230912202505e-07
C16586,1.0,Installment-Focused,0.9999976004657011,0.0,2.3995342990555976e-06
C16587,0.0,High Risk,0.9973708237043377,0.0,0.0026291762956628323
C16588,0.0,High Risk,0.999982209643532,0.0,1.7790356467321448e-05
C16589,0.0,High Risk,1.823954013100408e-13,0.9999995951878102,4.048120071702675e-07
C16590,1.0,Installment-Focused,0.6788293439873099,0.0,0.321170656012689
C16591,0.0,High Risk,0.9999995015802775,0.0,4.984197223336151e-07
C16592,0.0,High Risk,0.9999997320000954,0.0,2.6799990368485196e-07
C16593,0.0,High Risk,0.9999975844298754,0.0,2.4155701241481014e-06
C16594,0.0,High Risk,0.9999998477140739,0.0,1.5228592578288578e-07
C16595,0.0,High Risk,9.509386644782863e-13,0.9999993731791889,6.268198605214922e-07
C16596,1.0,Installment-Focused,0.999999924873671,0.0,7.512632866881096e-08
C16597,0.0,High Risk,0.9999969215612543,0.0,3.0784387456685405e-06
C16598,0.0,High Risk,0.002029848103783132,0.9979701353242816,1.6571935369711363e-08
C16599,1.0,Installment-Focused,0.9999999151325429,0.0,8.486745661442255e-08
C16600,0.0,High Risk,0.9999965422830646,0.0,3.457716936068731e-06
C16601,0.0,High Risk,3.5472541895483206e-112,0.9999999741881153,2.5811884740429304e-08
C16602,1.0,Installment-Focused,7.53282037369986e-18,0.9999987078011516,1.2921988483844767e-06
C16603,1.0,Installment-Focused,0.00026130256872930257,0.9997386899842783,7.4469926629785504e-09
C16604,1.0,Installment-Focused,0.00033119153034378554,0.9996688029979416,5.471714843571266e-09
C16605,1.0,Installment-Focused,0.9999999183777513,0.0,8.162224907267495e-08
C16606,0.0,High Risk,1.143713260375881e-06,0.9999985430489859,3.13237753663652e-07
C16607,1.0,Installment-Focused,8.722861642224484e-131,0.0,1.0
C16608,2.0,Low Engagement,0.9999955999041845,0.0,4.400095815676868e-06
C16609,0.0,High Risk,0.9999959391397363,0.0,4.060860263640618e-06
C16610,0.0,High Risk,1.4690302140481223e-110,0.9999999609259581,3.907404146809849e-08
C16611,1.0,Installment-Focused,5.641271225721056e-09,0.0,0.9999999943587277
C16612,2.0,Low Engagement,0.9999956216286686,0.0,4.378371331649235e-06
C16613,0.0,High Risk,7.049886898850878e-09,0.0,0.9999999929501122
C16614,2.0,Low Engagement,1.2586482053501085e-09,0.9999999616184748,3.712287702737115e-08
C16615,1.0,Installment-Focused,0.0011564303073432383,0.9988435478205102,2.1872146816927496e-08
C16616,1.0,Installment-Focused,5.195574337018621e-81,0.9999986823552772,1.317644722982883e-06
C16617,1.0,Installment-Focused,7.4026728536200205e-16,0.9999999025926115,9.740738765340402e-08
C16618,1.0,Installment-Focused,0.9999995508403107,0.0,4.491596894476441e-07
C16619,0.0,High Risk,0.9999997209075459,0.0,2.790924539329776e-07
C16620,0.0,High Risk,0.9999999771116876,0.0,2.2888312699500295e-08
C16621,0.0,High Risk,2.645701534594606e-148,0.9999999678529928,3.214700747867621e-08
C16622,1.0,Installment-Focused,1.1423940203317079e-184,0.9999999876655448,1.2334454914933536e-08
C16623,1.0,Installment-Focused,0.9999946946238859,0.0,5.3053761147231565e-06
C16625,0.0,High Risk,0.9999999448843615,0.0,5.511563877083304e-08
C16626,0.0,High Risk,0.9996300700905477,9.147883850317251e-38,0.00036992990945284193
C16627,0.0,High Risk,0.9999996768516126,0.0,3.231483873877051e-07
C16628,0.0,High Risk,0.00039652730197045806,0.9996002989615357,3.1737364938832698e-06
C16629,1.0,Installment-Focused,0.00027015317369092186,0.9997297697114584,7.711485021728301e-08
C16630,1.0,Installment-Focused,3.2140380482162743e-11,0.0,0.9999999999678586
C16631,2.0,Low Engagement,0.9999888218698874,0.0,1.1178130112250838e-05
C16632,0.0,High Risk,3.5874326367157586e-75,0.0,1.0
C16633,2.0,Low Engagement,0.9999994096855539,0.0,5.903144465023801e-07
C16634,0.0,High Risk,0.0006890755720641435,0.9993109168386213,7.589314699360325e-09
C16635,1.0,Installment-Focused,0.9999999686671512,0.0,3.133284837871068e-08
C16636,0.0,High Risk,1.1237429075450028e-06,6.563276159081198e-181,0.999998876257094
C16637,2.0,Low Engagement,0.9999984993857899,0.0,1.5006142103651118e-06
C16638,0.0,High Risk,0.9996145505690817,0.0,0.0003854494309179489
C16639,0.0,High Risk,1.1591618186826584e-14,0.9999817379847087,1.8262015279181775e-05
C16640,1.0,Installment-Focused,0.9999999407156999,0.0,5.928429997427508e-08
C16641,0.0,High Risk,0.9999782489041398,0.0,2.1751095860818692e-05
C16642,0.0,High Risk,0.9999918925584936,0.0,8.107441506405878e-06
C16643,0.0,High Risk,0.009487377955693444,0.9905126054218164,1.6622490021591732e-08
C16644,1.0,Installment-Focused,0.99999977524261,0.0,2.2475739012540497e-07
C16645,0.0,High Risk,0.9999999737294644,0.0,2.627053581481804e-08
C16646,0.0,High Risk,0.9999997169122069,0.0,2.830877931214978e-07
C16647,0.0,High Risk,7.635269927444256e-33,0.9999973404876952,2.6595123046821883e-06
C16648,1.0,Installment-Focused,0.9999978873815096,0.0,2.112618489894973e-06
C16650,0.0,High Risk,5.185061034230084e-07,0.9999989404096556,5.410842407241737e-07
C16651,1.0,Installment-Focused,0.9999999429172836,0.0,5.7082716287609664e-08
C16652,0.0,High Risk,0.9999994476781795,0.0,5.523218204601758e-07
C16653,0.0,High Risk,0.0022428456430994546,0.9977570365191583,1.1783774246690836e-07
C16654,1.0,Installment-Focused,0.999998292029675,0.0,1.7079703244624327e-06
C16655,0.0,High Risk,0.9999973811140697,0.0,2.6188859300671617e-06
C16656,0.0,High Risk,0.9999977654820719,0.0,2.2345179282404953e-06
C16657,0.0,High Risk,9.468042887702913e-17,0.99999987648209,1.2351790991216821e-07
C16658,1.0,Installment-Focused,0.01104415004347974,1.392985628607743e-172,0.9889558499565189
C16659,2.0,Low Engagement,0.9566260073896504,0.0,0.043373992610348536
C16660,0.0,High Risk,0.008202789492904297,0.9917971836654196,2.684167573929052e-08
C16661,1.0,Installment-Focused,0.9999997046555579,0.0,2.9534444208232225e-07
C16662,0.0,High Risk,0.9999996660508923,0.0,3.3394910771916627e-07
C16663,0.0,High Risk,4.3099587009313767e-13,1.642567386087285e-08,0.9999999835738934
C16664,2.0,Low Engagement,2.05538397385257e-144,0.9999999211598571,7.884014311487589e-08
C16665,1.0,Installment-Focused,0.9999997393017817,0.0,2.6069821849721855e-07
C16666,0.0,High Risk,1.6715994636004676e-15,0.9999996777183555,3.222816428536181e-07
C16667,1.0,Installment-Focused,7.948245443944813e-31,0.0,1.0
C16668,2.0,Low Engagement,0.007121129423773788,0.9928788443836638,2.6192562570932024e-08
C16669,1.0,Installment-Focused,0.9999993732683806,0.0,6.267316193316567e-07
C16670,0.0,High Risk,1.9321067209677374e-156,0.9999999390186317,6.098136846928898e-08
C16671,1.0,Installment-Focused,0.9999992006884192,0.0,7.993115806334047e-07
C16672,0.0,High Risk,2.5543541617199083e-146,0.9999999018901903,9.810980928754687e-08
C16673,1.0,Installment-Focused,6.18030867659978e-111,0.9999997385488695,2.614511303716549e-07
C16674,1.0,Installment-Focused,0.0008652628748274832,0.9991347325333251,4.591847194832733e-09
C16675,1.0,Installment-Focused,0.9999994087715194,0.0,5.912284803036953e-07
C16676,0.0,High Risk,0.0004552182806718587,0.9995447723857552,9.333572984793605e-09
C16677,1.0,Installment-Focused,2.002590400682789e-08,0.9999997253494941,2.546246019326294e-07
C16678,1.0,Installment-Focused,0.9999997793934975,0.0,2.2060650290926155e-07
C16679,0.0,High Risk,0.00038482788773109466,0.9996151699610649,2.151203538383192e-09
C16680,1.0,Installment-Focused,0.0010324427857780689,0.9989675255285173,3.168570461658814e-08
C16681,1.0,Installment-Focused,0.0006114142659016817,0.9993884991465922,8.658750597189251e-08
C16682,1.0,Installment-Focused,0.9999994676912372,0.0,5.32308762389678e-07
C16683,0.0,High Risk,9.059860426017607e-17,0.0,1.0
C16684,2.0,Low Engagement,3.4403002080396195e-10,0.9999989568722749,1.042783694950915e-06
C16685,1.0,Installment-Focused,0.999766531119214,8.046353102046399e-45,0.0002334688807855972
C16686,0.0,High Risk,0.9999979049536795,0.0,2.0950463212464667e-06
C16687,0.0,High Risk,0.6855976352092283,0.0,0.3144023647907723
C16688,0.0,High Risk,6.682938746521201e-08,0.9999995037316106,4.294390010735764e-07
C16689,1.0,Installment-Focused,1.2707574069274304e-05,0.9999872907451234,1.680807451415235e-09
C16690,1.0,Installment-Focused,0.9999590087721745,0.0,4.099122782642712e-05
C16691,0.0,High Risk,1.8236792751577083e-28,0.5432870218656847,0.45671297813431494
C16692,1.0,Installment-Focused,8.603690616727522e-72,0.9999999593664562,4.06335434439448e-08
C16693,1.0,Installment-Focused,0.9999741228954694,0.0,2.5877104531341163e-05
C16694,0.0,High Risk,0.999945294111753,0.0,5.470588824717458e-05
C16695,0.0,High Risk,9.080837202033473e-21,0.0,1.0
C16697,2.0,Low Engagement,0.9999980036570012,0.0,1.996342998718797e-06
C16698,0.0,High Risk,0.0006941865958934893,0.9993056603217635,1.530823431838733e-07
C16699,1.0,Installment-Focused,0.9999991949686214,0.0,8.050313790329436e-07
C16700,0.0,High Risk,3.776093205402071e-31,0.8649794211592097,0.13502057884079002
C16701,1.0,Installment-Focused,7.88324334535599e-05,0.9999211589511379,8.615408456590064e-09
C16702,1.0,Installment-Focused,6.394526830599398e-121,0.9999998352032142,1.647967853792171e-07
C16703,1.0,Installment-Focused,0.9999999643185429,0.0,3.5681456834570704e-08
C16704,0.0,High Risk,5.2688719211159565e-27,9.119824967573306e-20,1.0
C16705,2.0,Low Engagement,2.2921837927819464e-175,0.9999998541205866,1.4587941341908426e-07
C16706,1.0,Installment-Focused,2.952215215396561e-06,0.9999970314036424,1.6381142145849818e-08
C16707,1.0,Installment-Focused,1.3922207491224017e-07,0.9999997445891873,1.1618873776033417e-07
C16708,1.0,Installment-Focused,0.9999940673925064,0.0,5.932607493851419e-06
C16709,0.0,High Risk,0.008655654093133177,0.0,0.9913443459068676
C16710,2.0,Low Engagement,0.9999998624308729,0.0,1.375691274191347e-07
C16711,0.0,High Risk,0.00021084736177671488,0.999788887364046,2.6527417711869124e-07
C16712,1.0,Installment-Focused,0.9999996545514637,0.0,3.454485365978629e-07
C16713,0.0,High Risk,1.399816973811179e-115,0.0,1.0
C16714,2.0,Low Engagement,6.865922434687456e-08,0.9999994725126357,4.588281399641403e-07
C16715,1.0,Installment-Focused,9.414830867652077e-05,0.9999000445225802,5.807168743320828e-06
C16716,1.0,Installment-Focused,0.9999999337004559,0.0,6.629954374894849e-08
C16717,0.0,High Risk,4.9122946275376756e-18,0.9999997247067297,2.7529327040541276e-07
C16718,1.0,Installment-Focused,0.9999998385223231,0.0,1.6147767666106877e-07
C16719,0.0,High Risk,2.515734271774757e-08,0.9999997233213708,2.515212863287512e-07
C16720,1.0,Installment-Focused,0.999999928358723,0.0,7.164127665045362e-08
C16721,0.0,High Risk,1.2285405358355457e-115,0.0,1.0
C16722,2.0,Low Engagement,1.0349423744498805e-09,0.9999912671961954,8.731768862020505e-06
C16723,1.0,Installment-Focused,0.9994613786408509,0.0,0.0005386213591489251
C16724,0.0,High Risk,0.9999992146496315,0.0,7.853503692818793e-07
C16725,0.0,High Risk,2.973130349694088e-12,0.9999998844277314,1.1556929536066859e-07
C16726,1.0,Installment-Focused,1.486749194738319e-42,4.296797891460066e-187,1.0
C16727,2.0,Low Engagement,0.9999991335329611,0.0,8.664670387467258e-07
C16728,0.0,High Risk,0.9999959274018587,0.0,4.072598141404719e-06
C16729,0.0,High Risk,0.9140799138346949,0.0,0.08592008616530668
C16730,0.0,High Risk,0.9999999490637053,0.0,5.093629478839408e-08
C16731,0.0,High Risk,0.9999991603453128,0.0,8.396546874150947e-07
C16732,0.0,High Risk,8.931998978070398e-81,0.9999999009712011,9.902879875331311e-08
C16733,1.0,Installment-Focused,5.195923704317848e-06,0.9999947642298997,3.9846395894547553e-08
C16734,1.0,Installment-Focused,9.930483225825326e-166,0.9999999605376412,3.946235894876817e-08
C16735,1.0,Installment-Focused,0.9999985473538578,0.0,1.4526461419143287e-06
C16736,0.0,High Risk,9.631348919750033e-19,0.9999993467119144,6.532880859913768e-07
C16737,1.0,Installment-Focused,3.805137447973673e-124,0.9999998984155567,1.0158444309584516e-07
C16738,1.0,Installment-Focused,0.9999893616454473,0.0,1.0638354553346264e-05
C16739,0.0,High Risk,0.9999901795107892,0.0,9.82048921100211e-06
C16740,0.0,High Risk,0.999999905587833,0.0,9.441216730938304e-08
C16741,0.0,High Risk,0.9999951859742285,0.0,4.81402577227548e-06
C16742,0.0,High Risk,0.9999997531250193,0.0,2.468749809560809e-07
C16743,0.0,High Risk,0.9980728640869,0.0,0.0019271359131016992
C16744,0.0,High Risk,0.9999999641694675,0.0,3.583053269389348e-08
C16745,0.0,High Risk,0.9999999700914226,0.0,2.9908577756928e-08
C16746,0.0,High Risk,0.9999998854771451,0.0,1.1452285460904451e-07
C16747,0.0,High Risk,1.4135192251368797e-27,0.9999998225744562,1.7742554385572628e-07
C16748,1.0,Installment-Focused,1.044280848947372e-18,0.9999987670493053,1.2329506947234783e-06
C16749,1.0,Installment-Focused,5.4112962597365355e-34,0.9999993472933822,6.527066180745513e-07
C16750,1.0,Installment-Focused,0.9999996808876993,0.0,3.1911230107542086e-07
C16751,0.0,High Risk,1.0307465426576406e-12,0.9999986978248933,1.3021740762169825e-06
C16752,1.0,Installment-Focused,3.3793846240371454e-107,0.999999892398773,1.0760122679292804e-07
C16753,1.0,Installment-Focused,1.4212176662127085e-135,0.9999999222033663,7.779663394478503e-08
C16755,1.0,Installment-Focused,0.04066560567837681,0.0,0.9593343943216225
C16757,2.0,Low Engagement,3.301004741572259e-98,0.9999999363566021,6.364339807077476e-08
C16758,1.0,Installment-Focused,2.2810259226380323e-118,0.9999999306986458,6.93013544451272e-08
C16759,1.0,Installment-Focused,9.110016314955844e-05,0.9999088812321792,1.8604671211535382e-08
C16760,1.0,Installment-Focused,8.716768478510966e-10,0.9997945103624211,0.0002054887659020893
C16761,1.0,Installment-Focused,0.0007117150400268624,0.9992882485961196,3.636385355420863e-08
C16762,1.0,Installment-Focused,3.848270214511567e-05,0.9999615058723639,1.1425490832972934e-08
C16763,1.0,Installment-Focused,4.802648561275026e-137,0.9999998383348927,1.6166510745227314e-07
C16764,1.0,Installment-Focused,0.9999981285602747,0.0,1.8714397246928883e-06
C16765,0.0,High Risk,2.2694190687930674e-164,0.9999999533666035,4.663339629926087e-08
C16766,1.0,Installment-Focused,0.9999996108558344,0.0,3.891441659806655e-07
C16767,0.0,High Risk,0.0003887543070341637,0.9996112421233059,3.569659682590981e-09
C16768,1.0,Installment-Focused,1.0564503792941715e-139,0.9999996207054327,3.792945669032545e-07
C16769,1.0,Installment-Focused,0.9999998051047511,0.0,1.9489524904594225e-07
C16770,0.0,High Risk,2.8931322277870575e-15,0.0,0.9999999999999964
C16771,2.0,Low Engagement,0.9999999427679124,0.0,5.723208752999327e-08
C16772,0.0,High Risk,9.374775392288513e-118,0.9997461757235192,0.00025382427648155097
C16773,1.0,Installment-Focused,0.9609733530103614,0.0,0.039026646989640104
C16774,0.0,High Risk,6.597997563645644e-09,0.9997234128936286,0.0002765805083740752
C16775,1.0,Installment-Focused,0.9999999465953483,0.0,5.340465140045155e-08
C16776,0.0,High Risk,0.999999913770565,0.0,8.622943521337496e-08
C16777,0.0,High Risk,6.410038493443844e-29,0.9999998367711012,1.63228899122e-07
C16778,1.0,Installment-Focused,0.9999999336072185,0.0,6.639278150224313e-08
C16779,0.0,High Risk,0.9999998411221995,0.0,1.588778003455173e-07
C16780,0.0,High Risk,0.9999996350050342,0.0,3.649949658368489e-07
C16781,0.0,High Risk,0.3816796065872955,0.0,0.618320393412704
C16782,2.0,Low Engagement,0.0007391024940905588,0.9992608913110606,6.19484928156897e-09
C16784,1.0,Installment-Focused,0.0003521934889023224,0.9996477911681927,1.534290510631989e-08
C16785,1.0,Installment-Focused,0.9999996891529136,0.0,3.1084708644010273e-07
C16786,0.0,High Risk,2.0158178742425835e-13,0.9999995887317719,4.1126802643555915e-07
C16787,1.0,Installment-Focused,0.9999999361188341,0.0,6.388116580792282e-08
C16789,0.0,High Risk,0.10166843862577142,0.8983315291062914,3.2267937308255894e-08
C16790,1.0,Installment-Focused,0.00012787180490778812,0.9998721187087894,9.486302795882254e-09
C16791,1.0,Installment-Focused,0.04692266357529599,0.9527359416133104,0.00034139481139333134
C16792,1.0,Installment-Focused,0.9999980437102569,0.0,1.956289742327335e-06
C16793,0.0,High Risk,2.0163267138563023e-05,0.9999797457351378,9.099772342538792e-08
C16794,1.0,Installment-Focused,0.9999604443329092,0.0,3.9555667090110415e-05
C16795,0.0,High Risk,0.9999912741211519,0.0,8.725878847665878e-06
C16796,0.0,High Risk,0.9999999784929587,0.0,2.15070413838754e-08
C16797,0.0,High Risk,0.001561359547088441,0.9984386389014055,1.5515063087290259e-09
C16798,1.0,Installment-Focused,6.582900148454423e-06,0.9999933866141821,3.048566926691136e-08
C16799,1.0,Installment-Focused,8.250145939892291e-22,0.0,1.0
C16800,2.0,Low Engagement,0.0004813237650641896,0.9995186730708027,3.1641331061737647e-09
C16801,1.0,Installment-Focused,0.9999999382279833,0.0,6.177201651378709e-08
C16802,0.0,High Risk,0.9999991795318941,0.0,8.204681060784201e-07
C16803,0.0,High Risk,0.9999996731207689,0.0,3.268792315503016e-07
C16804,0.0,High Risk,2.4079635141408433e-127,0.0,1.0
C16805,2.0,Low Engagement,7.126168077560434e-20,0.9991921977764487,0.00080780222355017
C16806,1.0,Installment-Focused,0.00045015765327459026,0.9995498283512807,1.3995445041787762e-08
C16807,1.0,Installment-Focused,1.0734062213122112e-133,0.9999998500133161,1.4998668360494386e-07
C16808,1.0,Installment-Focused,0.9999839502191791,0.0,1.6049780820200013e-05
C16809,0.0,High Risk,0.00029073064390599656,0.9997092570789604,1.2277133925820632e-08
C16810,1.0,Installment-Focused,0.9999985985729835,0.0,1.4014270167180758e-06
C16811,0.0,High Risk,0.9999997319209961,0.0,2.6807900324860484e-07
C16812,0.0,High Risk,4.3292365785598453e-159,0.9999999779829782,2.2017021596669256e-08
C16813,1.0,Installment-Focused,0.0011875753508580138,0.9988124144576414,1.0191500654744524e-08
C16814,1.0,Installment-Focused,7.585805252010427e-144,0.999999691501349,3.08498651418596e-07
C16815,1.0,Installment-Focused,2.2738703632734807e-73,0.0,1.0
C16816,2.0,Low Engagement,2.6501801090516473e-10,0.999999917548167,8.218681519685188e-08
C16817,1.0,Installment-Focused,3.2170821969014114e-16,0.9999218874002499,7.811259974970696e-05
C16818,1.0,Installment-Focused,6.239766057594756e-16,0.9999997184411807,2.815588188793774e-07
C16819,1.0,Installment-Focused,8.13554992395815e-29,0.9999994813791971,5.186208025173027e-07
C16820,1.0,Installment-Focused,0.9999982787044717,0.0,1.72129552881873e-06
C16821,0.0,High Risk,0.9999991043156214,0.0,8.95684378025795e-07
C16822,0.0,High Risk,3.2727224895334026e-79,0.9999981272577244,1.8727422761354072e-06
C16823,1.0,Installment-Focused,0.9999998275089126,0.0,1.724910871054716e-07
C16824,0.0,High Risk,1.5404920697065782e-25,0.0,1.0
C16825,2.0,Low Engagement,0.9999988433386423,0.0,1.1566613580355511e-06
C16826,0.0,High Risk,0.9999995129126975,0.0,4.87087302436068e-07
C16827,0.0,High Risk,0.9999999323246295,0.0,6.767537043740897e-08
C16828,0.0,High Risk,0.9999989380881144,0.0,1.0619118853651667e-06
C16829,0.0,High Risk,0.0010870713881366882,0.9989129207114179,7.900445629561009e-09
C16831,1.0,Installment-Focused,6.8149756144508195e-06,0.9999931417353264,4.3289059275453156e-08
C16832,1.0,Installment-Focused,4.637099416687946e-05,0.9999533018198874,3.271859455694043e-07
C16833,1.0,Installment-Focused,4.369806666026025e-20,0.9999982390379347,1.7609620652525555e-06
C16834,1.0,Installment-Focused,0.9999993700880404,0.0,6.299119588701413e-07
C16835,0.0,High Risk,1.0749556011610785e-28,0.9890729741537859,0.010927025846215669
C16836,1.0,Installment-Focused,0.9999999730986667,0.0,2.6901333617888917e-08
C16837,0.0,High Risk,0.9999932142380175,0.0,6.7857619830603e-06
C16838,0.0,High Risk,6.271175189113824e-21,0.999999164094547,8.359054534154599e-07
C16839,1.0,Installment-Focused,3.775702252547258e-08,0.9999835184250834,1.6443817894969306e-05
C16840,1.0,Installment-Focused,0.9999688913430422,0.0,3.110865695725417e-05
C16841,0.0,High Risk,0.0077192544799813126,0.0,0.992280745520019
C16842,2.0,Low Engagement,0.9997518560418661,0.0,0.00024814395813426213
C16843,0.0,High Risk,0.9999986096043829,0.0,1.390395617414415e-06
C16844,0.0,High Risk,8.497483607415761e-17,0.9999992286610436,7.713389565708191e-07
C16845,1.0,Installment-Focused,0.9989986044170086,0.0,0.0010013955829896518
C16847,0.0,High Risk,0.9998218860366546,0.0,0.00017811396334439035
C16849,0.0,High Risk,6.15434115229081e-28,0.9999999352869365,6.471306345495659e-08
C16850,1.0,Installment-Focused,2.1195848677865837e-21,3.5292988384850266e-14,0.9999999999999645
C16851,2.0,Low Engagement,0.00086807850000758,0.9991319132011812,8.298811368422851e-09
C16852,1.0,Installment-Focused,0.9999995451687966,0.0,4.548312032200268e-07
C16854,0.0,High Risk,4.276679996068962e-23,0.9999974734635226,2.5265364772356127e-06
C16855,1.0,Installment-Focused,0.9999991779651584,0.0,8.220348416080487e-07
C16856,0.0,High Risk,0.9999998698804382,0.0,1.3011956153062744e-07
C16857,0.0,High Risk,0.9999991125997394,0.0,8.874002611064686e-07
C16858,0.0,High Risk,8.96957930860781e-09,0.9999997565818205,2.3444859997247436e-07
C16859,1.0,Installment-Focused,1.8246704525235278e-105,0.9999962847947279,3.7152052718828215e-06
C16860,1.0,Installment-Focused,0.9999999754544587,0.0,2.4545541716601156e-08
C16861,0.0,High Risk,0.9999994088364044,2.419334927493149e-288,5.911635957415391e-07
C16862,0.0,High Risk,0.9999994671185196,0.0,5.328814800790814e-07
C16863,0.0,High Risk,0.9999992572543969,0.0,7.427456030126894e-07
C16864,0.0,High Risk,0.9999997848306076,0.0,2.1516939278503678e-07
C16865,0.0,High Risk,0.9999998881351031,0.0,1.1186489717531655e-07
C16866,0.0,High Risk,1.3529494268481959e-48,0.9999998481985957,1.518014050982348e-07
C16867,1.0,Installment-Focused,0.9999911311786672,0.0,8.868821332288126e-06
C16868,0.0,High Risk,0.9999999428326339,0.0,5.716736599395994e-08
C16869,0.0,High Risk,0.9999754337927707,0.0,2.456620722989398e-05
C16870,0.0,High Risk,1.610086551158757e-15,0.9999302118040637,6.978819593489159e-05
C16871,1.0,Installment-Focused,0.9999853284234216,0.0,1.4671576579225315e-05
C16872,0.0,High Risk,0.00026503417738020106,0.9997349597575074,6.065112009725608e-09
C16873,1.0,Installment-Focused,0.0005777358136127146,0.9994222509340309,1.3252356437861764e-08
C16874,1.0,Installment-Focused,1.2527350473625244e-06,0.9999985643089507,1.8295600210209423e-07
C16875,1.0,Installment-Focused,1.2798622668956786e-09,0.9999999456105902,5.3109547448510366e-08
C16876,1.0,Installment-Focused,3.4879202516211723e-10,0.0,0.9999999996512088
C16877,2.0,Low Engagement,0.00011607321372194318,0.999883916504849,1.0281428849302764e-08
C16878,1.0,Installment-Focused,0.9999990300178766,0.0,9.6998212369558e-07
C16880,0.0,High Risk,0.0012107849041398861,0.998789208142387,6.953473254344963e-09
C16881,1.0,Installment-Focused,7.525362751495872e-20,0.9999996681354517,3.318645484618732e-07
C16882,1.0,Installment-Focused,0.9999999831393486,0.0,1.6860651626702455e-08
C16883,0.0,High Risk,0.9999812317599374,0.0,1.8768240063060614e-05
C16884,0.0,High Risk,0.0014578377478322814,0.9985421218158446,4.043632336114106e-08
C16885,1.0,Installment-Focused,5.90451634748189e-30,0.9999999473167067,5.2683293256742244e-08
C16886,1.0,Installment-Focused,1.4268854070324614e-08,0.9999992004229553,7.853081908529691e-07
C16887,1.0,Installment-Focused,0.00024268277443123364,0.9997573085461908,8.679378195128028e-09
C16888,1.0,Installment-Focused,0.9999729558078188,0.0,2.704419218192369e-05
C16889,0.0,High Risk,0.9999986843498373,0.0,1.3156501630313158e-06
C16890,0.0,High Risk,7.51589346023008e-15,0.9999995340945211,4.659054712772819e-07
C16891,1.0,Installment-Focused,0.9999632706413307,0.0,3.672935867012333e-05
C16892,0.0,High Risk,4.389293236900557e-22,0.9489587015439297,0.05104129845606873
C16893,1.0,Installment-Focused,4.797376520351187e-112,0.9999996477285692,3.522714310993394e-07
C16894,1.0,Installment-Focused,0.9999998453073036,0.0,1.5469269683790358e-07
C16895,0.0,High Risk,0.0008922081112537394,0.9991077888817902,3.0069564033621056e-09
C16896,1.0,Installment-Focused,0.9903374068237967,2.519590250209687e-182,0.009662593176203878
C16897,0.0,High Risk,4.956115347339043e-06,0.9999950182001847,2.5684467850239136e-08
C16898,1.0,Installment-Focused,1.694785530373038e-16,0.9999898166876202,1.0183312379668293e-05
C16899,1.0,Installment-Focused,0.9998984078308628,0.0,0.00010159216913639907
C16900,0.0,High Risk,0.9999996191387016,0.0,3.8086129863814915e-07
C16901,0.0,High Risk,0.9990768522788115,0.0,0.0009231477211891467
C16902,0.0,High Risk,1.5966092116823968e-150,0.9999999016616665,9.833833343841394e-08
C16903,1.0,Installment-Focused,0.9999999579741159,0.0,4.202588407731134e-08
C16904,0.0,High Risk,4.2363884112960565e-124,0.999999942300306,5.7699693793542875e-08
C16905,1.0,Installment-Focused,0.999999797596387,0.0,2.0240361259635867e-07
C16906,0.0,High Risk,7.831506799224938e-15,0.9999996085252205,3.914747720320425e-07
C16907,1.0,Installment-Focused,0.9999993286035795,0.0,6.713964200252326e-07
C16908,0.0,High Risk,1.4144499954677794e-06,0.9999982179725782,3.6757742599567684e-07
C16909,1.0,Installment-Focused,0.0005559195887643894,0.9994440724338369,7.977398777756563e-09
C16910,1.0,Installment-Focused,0.00024130280733457407,0.9997586794260678,1.7766597511143647e-08
C16911,1.0,Installment-Focused,8.343576398712416e-145,0.999999762521609,2.374783909564152e-07
C16912,1.0,Installment-Focused,1.1702385756582209e-33,0.0,1.0
C16913,2.0,Low Engagement,0.9999997995001731,0.0,2.0049982694873313e-07
C16914,0.0,High Risk,0.0006016529875995897,0.9993983409660897,6.04631043382612e-09
C16915,1.0,Installment-Focused,0.9999995066980452,0.0,4.933019552327335e-07
C16916,0.0,High Risk,0.9999999307575933,0.0,6.924240652361923e-08
C16917,0.0,High Risk,1.4302401629241055e-07,0.999999689917428,1.6705855554755562e-07
C16918,1.0,Installment-Focused,2.8689038628484906e-17,0.9999918924002072,8.107599793542558e-06
C16919,1.0,Installment-Focused,0.999997935680148,0.0,2.0643198528417897e-06
C16920,0.0,High Risk,0.006877642470928065,0.9931222941350772,6.339399475941961e-08
C16921,1.0,Installment-Focused,8.849999868970392e-09,0.9999998418718797,1.4927811973663835e-07
C16922,1.0,Installment-Focused,7.167536623430049e-135,0.9999987615997122,1.2384002881049159e-06
C16923,1.0,Installment-Focused,0.9999991824019906,0.0,8.175980091116395e-07
C16924,0.0,High Risk,0.011747439164013732,0.9882518993568692,6.614791165890945e-07
C16925,1.0,Installment-Focused,0.9999987630734017,0.0,1.2369265980697763e-06
C16926,0.0,High Risk,0.0008532686815980177,0.9991467161929235,1.5125478409222586e-08
C16927,1.0,Installment-Focused,0.8968625649283957,0.0,0.10313743507160263
C16928,0.0,High Risk,2.250859636331976e-39,0.9997153865987604,0.0002846134012390827
C16929,1.0,Installment-Focused,0.9999988056988451,0.0,1.194301154535363e-06
C16930,0.0,High Risk,0.00010608621528583423,0.0,0.9998939137847133
C16931,2.0,Low Engagement,0.008038446050932933,0.991961541272473,1.2676594110892828e-08
C16932,1.0,Installment-Focused,8.844935256153173e-120,0.9999999504277021,4.9572297739923183e-08
C16933,1.0,Installment-Focused,0.1102419623630301,0.0,0.8897580376369706
C16934,2.0,Low Engagement,0.0001486921643281382,0.9998512992886247,8.547046876607718e-09
C16935,1.0,Installment-Focused,1.1731770520370669e-68,0.999999930302981,6.969701980225095e-08
C16936,1.0,Installment-Focused,0.9999989876304882,0.0,1.0123695116252743e-06
C16937,0.0,High Risk,3.99008107593664e-05,0.9999599842159181,1.1497332234371108e-07
C16938,1.0,Installment-Focused,0.0007613227198128269,0.9992383972069443,2.8007324292979505e-07
C16939,1.0,Installment-Focused,0.0009698054089440841,0.999030190670606,3.920449620037264e-09
C16940,1.0,Installment-Focused,7.107336748410564e-105,0.9999999090810473,9.091895247699547e-08
C16941,1.0,Installment-Focused,0.9999958731264279,0.0,4.126873572352404e-06
C16942,0.0,High Risk,0.9999979426159448,0.0,2.057384055109436e-06
C16943,0.0,High Risk,0.9999996146062206,0.0,3.853937791692122e-07
C16944,0.0,High Risk,4.010615287311757e-18,0.9999999174707458,8.252925432914205e-08
C16945,1.0,Installment-Focused,0.9999987645332908,0.0,1.2354667092162197e-06
C16946,0.0,High Risk,0.9993441507192872,0.0,0.0006558492807132155
C16947,0.0,High Risk,0.030321539483419258,0.9696781620695685,2.984470122708656e-07
C16948,1.0,Installment-Focused,0.9999996336537387,0.0,3.6634626158625817e-07
C16949,0.0,High Risk,0.01378653809638394,0.9862134599748801,1.9287361978704716e-09
C16950,1.0,Installment-Focused,9.316051354382277e-162,0.9999999671803043,3.2819696012636806e-08
C16951,1.0,Installment-Focused,0.0024746439527306295,0.9975252139985847,1.4204868441441288e-07
C16952,1.0,Installment-Focused,0.005638067867033217,0.9943619308198499,1.3131166470435943e-09
C16953,1.0,Installment-Focused,1.9829039302473478e-08,0.9999998701086388,1.1006232173667019e-07
C16954,1.0,Installment-Focused,0.9999995604097112,0.0,4.3959028855645223e-07
C16955,0.0,High Risk,0.9999999809712012,0.0,1.9028798852557637e-08
C16956,0.0,High Risk,8.890170731689398e-07,0.9999990253297495,8.565317772572144e-08
C16957,1.0,Installment-Focused,0.9999998441911636,0.0,1.5580883625376589e-07
C16958,0.0,High Risk,0.999998752950757,0.0,1.2470492429211468e-06
C16959,0.0,High Risk,1.3853274954530476e-11,0.0,0.999999999986148
C16960,2.0,Low Engagement,0.007613533622495279,0.9923864646335334,1.7439708560690862e-09
C16961,1.0,Installment-Focused,0.003363610997572001,0.996636387716224,1.2862037770220597e-09
C16962,1.0,Installment-Focused,9.094496506851831e-14,4.1638621870631255e-44,0.9999999999999076
C16963,2.0,Low Engagement,1.3017999637031205e-42,0.9999996420548652,3.579451340832657e-07
C16964,1.0,Installment-Focused,0.0003007385341443315,0.99969896586775,2.955981053425546e-07
C16965,1.0,Installment-Focused,2.216444596015945e-07,0.9999997259244207,5.24311198867546e-08
C16966,1.0,Installment-Focused,1.7490475328106715e-33,0.9999998000027586,1.9999724183429637e-07
C16967,1.0,Installment-Focused,0.9999999374128044,0.0,6.258719581064173e-08
C16968,0.0,High Risk,0.9999996681406502,0.0,3.318593496012368e-07
C16969,0.0,High Risk,4.643736844109592e-15,1.7548456844520502e-38,0.9999999999999964
C16970,2.0,Low Engagement,1.8809248225739113e-05,0.9999811550324194,3.571935474389712e-08
C16971,1.0,Installment-Focused,4.306006081227125e-28,0.9999998464570046,1.5354299558940178e-07
C16972,1.0,Installment-Focused,0.9999975477897813,0.0,2.452210218346367e-06
C16973,0.0,High Risk,0.9881890668769389,0.0,0.011810933123060297
C16974,0.0,High Risk,0.9999987040354017,0.0,1.2959645981006562e-06
C16975,0.0,High Risk,0.9999999875851255,0.0,1.2414873983309944e-08
C16976,0.0,High Risk,0.23689748459926382,0.0,0.7631025154007356
C16977,2.0,Low Engagement,3.0411208543524946e-14,0.9999976292438006,2.370756168895673e-06
C16978,1.0,Installment-Focused,0.9999992846847174,0.0,7.153152824636547e-07
C16979,0.0,High Risk,0.9999999125327499,0.0,8.746724971572962e-08
C16980,0.0,High Risk,1.1210524008860567e-138,0.0,1.0
C16981,2.0,Low Engagement,0.9999984802222335,0.0,1.519777766210459e-06
C16982,0.0,High Risk,7.7262011270326e-68,0.0,1.0
C16983,2.0,Low Engagement,8.587488050704068e-28,0.9999991026976895,8.97302310398905e-07
C16984,1.0,Installment-Focused,7.997825400336851e-10,6.450040009766126e-05,0.9999354988001204
C16985,2.0,Low Engagement,0.9999982732664674,0.0,1.7267335322263738e-06
C16986,0.0,High Risk,0.9999878211105976,3.075280219818126e-41,1.2178889401506452e-05
C16987,0.0,High Risk,8.122718286347289e-08,0.0,0.9999999187728184
C16988,2.0,Low Engagement,5.282964353486434e-170,0.9999999689341812,3.106581880197955e-08
C16989,1.0,Installment-Focused,0.9999999867280023,0.0,1.3271997430182294e-08
C16990,0.0,High Risk,0.0534373883713193,0.0,0.9465626116286796
C16991,2.0,Low Engagement,1.8884410748594177e-26,0.9999986920323299,1.307967670005053e-06
C16992,1.0,Installment-Focused,0.0007464172079644536,0.9992535745972839,8.194751223892667e-09
C16993,1.0,Installment-Focused,0.999999968215422,0.0,3.1784578406927705e-08
C16994,0.0,High Risk,0.0004358474836678228,0.9995641358868387,1.6629493945220207e-08
C16995,1.0,Installment-Focused,0.9991640743420239,0.0,0.0008359256579761346
C16996,0.0,High Risk,9.370254157901835e-07,0.9999990132083215,4.976626229193118e-08
C16997,1.0,Installment-Focused,9.389839202538765e-37,0.9998322633386848,0.00016773666131606482
C16998,1.0,Installment-Focused,1.2502665169851237e-19,0.9998907263334877,0.00010927366651274008
C16999,1.0,Installment-Focused,3.675726357324789e-09,0.999999893504313,1.0281996086748361e-07
C17000,1.0,Installment-Focused,1.454915219372022e-50,0.9953040498299623,0.004695950170037166
C17001,1.0,Installment-Focused,4.4853851452489075e-11,0.0,0.999999999955147
C17002,2.0,Low Engagement,0.002722640039950963,0.9972773475700827,1.2389966414444069e-08
C17003,1.0,Installment-Focused,8.057764710294254e-29,0.999999565489418,4.3451058178396725e-07
C17004,1.0,Installment-Focused,0.9999996407172663,0.0,3.592827337886008e-07
C17005,0.0,High Risk,9.05486539002078e-119,0.9999998677447158,1.3225528417972693e-07
C17006,1.0,Installment-Focused,2.4949048024965726e-34,0.9999994662796267,5.337203729674979e-07
C17007,1.0,Installment-Focused,1.5643239646401293e-136,0.999999939705841,6.02941590557448e-08
C17008,1.0,Installment-Focused,0.00025355348899114456,0.9997463500912603,9.641974857659606e-08
C17009,1.0,Installment-Focused,0.9999986703985801,0.0,1.3296014202386374e-06
C17010,0.0,High Risk,0.016857214430949265,0.9831427628184367,2.2750614289630822e-08
C17011,1.0,Installment-Focused,0.0007334274809925398,0.007152345379281619,0.9921142271397259
C17012,2.0,Low Engagement,0.9999950835348677,0.0,4.916465132643826e-06
C17013,0.0,High Risk,0.9999999765157412,0.0,2.3484258877772372e-08
C17014,0.0,High Risk,0.0002546162256065019,0.999745320934309,6.28400848938963e-08
C17015,1.0,Installment-Focused,2.5626390951019804e-121,0.9999998843502964,1.156497032813483e-07
C17016,1.0,Installment-Focused,0.9999993023548157,0.0,6.976451841989759e-07
C17017,0.0,High Risk,0.0019798114376032017,0.9980201734853725,1.5077024228508453e-08
C17018,1.0,Installment-Focused,1.006592172344796e-07,0.9999996126960844,2.86644698776514e-07
C17019,1.0,Installment-Focused,0.9999984221651981,0.0,1.577834802318913e-06
C17020,0.0,High Risk,0.000977824671933819,0.9990221672654944,8.062572019110097e-09
C17021,1.0,Installment-Focused,0.004149848464705765,0.9958496541905969,4.973446981748401e-07
C17022,1.0,Installment-Focused,0.00032637414672804664,0.9996736204443657,5.408906646051386e-09
C17023,1.0,Installment-Focused,5.134967773227764e-17,0.9999994457095758,5.542904239438649e-07
C17024,1.0,Installment-Focused,0.9996395429611428,1.370269854436735e-183,0.0003604570388565547
C17025,0.0,High Risk,0.9999997328086858,0.0,2.67191314881248e-07
C17026,0.0,High Risk,0.9999982261229862,0.0,1.773877013220928e-06
C17027,0.0,High Risk,4.714014763455382e-22,0.9999962763477598,3.723652239862583e-06
C17028,1.0,Installment-Focused,0.9999988404682786,0.0,1.159531721962145e-06
C17029,0.0,High Risk,0.9999943594729116,0.0,5.640527089123422e-06
C17030,0.0,High Risk,0.9924611355848487,0.0,0.007538864415150921
C17031,0.0,High Risk,0.9562309188195227,0.0,0.043769081180477815
C17032,0.0,High Risk,8.200854883693692e-156,7.370452127096902e-42,1.0
C17033,2.0,Low Engagement,4.6197992980112674e-114,0.999999925620478,7.437952236780454e-08
C17034,1.0,Installment-Focused,0.9999985252613207,0.0,1.4747386792286348e-06
C17035,0.0,High Risk,0.9999999150557386,0.0,8.494426153193864e-08
C17036,0.0,High Risk,0.0009993823238558432,0.9990006086151778,9.060966118631628e-09
C17037,1.0,Installment-Focused,3.128723278650054e-138,0.9999996677768507,3.322231494866228e-07
C17038,1.0,Installment-Focused,0.9999999225688047,0.0,7.743119534917835e-08
C17039,0.0,High Risk,6.633535759334965e-107,0.9999362425187784,6.37574812208128e-05
C17040,1.0,Installment-Focused,2.546414679810336e-28,1.2064614347676738e-184,1.0
C17041,2.0,Low Engagement,4.229783861163082e-10,0.0,0.999999999577021
C17042,2.0,Low Engagement,0.056873441434122395,0.9431265401222219,1.844365553847882e-08
C17043,1.0,Installment-Focused,4.0462333516795075e-86,0.9999998150836122,1.8491638747443918e-07
C17044,1.0,Installment-Focused,9.631990157613798e-99,0.9999982616287533,1.7383712459155085e-06
C17045,1.0,Installment-Focused,0.01202907969841804,0.0,0.9879709203015817
C17046,2.0,Low Engagement,0.011581345671057118,0.9884185419009132,1.1242802975160204e-07
C17047,1.0,Installment-Focused,3.566539948026643e-131,0.9999999353180348,6.468196532337197e-08
C17048,1.0,Installment-Focused,0.00013422961388727278,0.9998657536023712,1.6783741725351744e-08
C17049,1.0,Installment-Focused,6.780251737207581e-32,0.9999986714871835,1.3285128164310851e-06
C17050,1.0,Installment-Focused,0.999999832771995,0.0,1.672280047719966e-07
C17051,0.0,High Risk,0.9999995292625943,0.0,4.7073740603618033e-07
C17052,0.0,High Risk,0.9999986392966635,1.7203089223286845e-286,1.3607033366196863e-06
C17053,0.0,High Risk,0.9999986933366404,0.0,1.3066633594391702e-06
C17054,0.0,High Risk,0.9999989022219612,0.0,1.0977780391187228e-06
C17055,0.0,High Risk,0.9999990961699065,0.0,9.038300941931982e-07
C17056,0.0,High Risk,0.002196704507715068,0.9978031230279292,1.724643557386059e-07
C17057,1.0,Installment-Focused,2.0392906818945904e-41,0.9999752031745784,2.4796825421137583e-05
C17058,1.0,Installment-Focused,1.250809716333738e-14,0.9999998577783197,1.4222166787458979e-07
C17059,1.0,Installment-Focused,0.9999969147332696,0.0,3.085266730554212e-06
C17060,0.0,High Risk,2.3849315594519495e-109,0.0,1.0
C17062,2.0,Low Engagement,0.9999977205396435,0.0,2.2794603558183823e-06
C17063,0.0,High Risk,0.9999990952047203,0.0,9.047952799416304e-07
C17064,0.0,High Risk,8.285884801650807e-23,0.9999973565502447,2.643449755182096e-06
C17065,1.0,Installment-Focused,0.9999999856227486,0.0,1.4377251164170049e-08
C17066,0.0,High Risk,9.361491436147618e-26,0.0,1.0
C17067,2.0,Low Engagement,0.00030892383548577487,0.9996904604248066,6.157397073007743e-07
C17068,1.0,Installment-Focused,3.054484973696526e-11,0.9999995636365384,4.36332916451102e-07
C17069,1.0,Installment-Focused,6.084776688047387e-14,0.9999985028178989,1.4971820398541391e-06
C17070,1.0,Installment-Focused,0.9999995677132827,0.0,4.322867173721122e-07
C17071,0.0,High Risk,0.9999999633648844,0.0,3.663511598462258e-08
C17072,0.0,High Risk,0.9999964311522264,0.0,3.5688477731999265e-06
C17073,0.0,High Risk,0.9999977848299991,0.0,2.215169999991522e-06
C17074,0.0,High Risk,1.4622862505440078e-42,1.6431233819558532e-175,1.0
C17075,2.0,Low Engagement,4.816981826744162e-17,0.9999947453999042,5.254600095012928e-06
C17076,1.0,Installment-Focused,0.1326244734231062,5.856085891071326e-38,0.8673755265768939
C17077,2.0,Low Engagement,0.9999990939245863,0.0,9.060754132827225e-07
C17078,0.0,High Risk,1.7958486003434137e-157,0.9999998933254769,1.0667452334378157e-07
C17079,1.0,Installment-Focused,0.9999998341027347,0.0,1.6589726556459868e-07
C17080,0.0,High Risk,3.004442297667109e-121,0.0,1.0
C17081,2.0,Low Engagement,0.9999997829074085,0.0,2.1709259142283532e-07
C17082,0.0,High Risk,2.3089935625229885e-70,0.0,1.0
C17083,2.0,Low Engagement,0.999999533028652,0.0,4.669713482055895e-07
C17084,0.0,High Risk,1.5834679378548014e-26,0.9999998223721358,1.776278641899011e-07
C17085,1.0,Installment-Focused,0.0005554086544499252,0.9994445527953084,3.8550241452585584e-08
C17086,1.0,Installment-Focused,0.9999980614854436,0.0,1.938514556480425e-06
C17087,0.0,High Risk,6.026006052112296e-15,0.9998097872196257,0.0001902127803687444
C17088,1.0,Installment-Focused,0.9999981262937524,0.0,1.873706247733087e-06
C17089,0.0,High Risk,2.507726517904204e-12,0.0,0.9999999999974918
C17090,2.0,Low Engagement,0.00012336855930803207,0.9998765062183953,1.2522229664865166e-07
C17091,1.0,Installment-Focused,0.9999994756143102,0.0,5.243856898270327e-07
C17092,0.0,High Risk,7.641017547423115e-133,0.9999999290653213,7.093467843939856e-08
C17093,1.0,Installment-Focused,0.9999919328055593,0.0,8.067194441136251e-06
C17094,0.0,High Risk,7.476533380312502e-15,0.999916268652182,8.373134781036597e-05
C17095,1.0,Installment-Focused,0.014522433269718945,0.9854774383170871,1.284131935920834e-07
C17096,1.0,Installment-Focused,0.9999999667704961,0.0,3.322950383384478e-08
C17097,0.0,High Risk,0.9999997940012156,0.0,2.0599878475141082e-07
C17098,0.0,High Risk,0.9999998103421046,0.0,1.8965789532651914e-07
C17099,0.0,High Risk,2.6118573567367415e-05,0.999584538155794,0.00038934327063778573
C17100,1.0,Installment-Focused,0.0005913133603801555,0.9994086835034939,3.1361262143395527e-09
C17101,1.0,Installment-Focused,0.0024010270909953124,0.9975989198577994,5.30512054048578e-08
C17102,1.0,Installment-Focused,0.9999994285220603,0.0,5.714779397836167e-07
C17103,0.0,High Risk,0.9825277869567431,0.0,0.01747221304325768
C17104,0.0,High Risk,0.000244184601038151,0.9997558084653743,6.933587450670748e-09
C17105,1.0,Installment-Focused,0.9999983874864318,0.0,1.612513567742246e-06
C17106,0.0,High Risk,2.4755411744872316e-17,0.9999997374010084,2.625989912402578e-07
C17107,1.0,Installment-Focused,1.8454166130723228e-26,0.999999627773998,3.7222600165267763e-07
C17108,1.0,Installment-Focused,9.846701125435856e-62,0.9999998769019194,1.230980808110881e-07
C17109,1.0,Installment-Focused,3.239518996156314e-05,1.5069056011216467e-172,0.999967604810038
C17110,2.0,Low Engagement,4.183443802985371e-30,0.9999517034081518,4.829659184853599e-05
C17111,1.0,Installment-Focused,6.217170612147251e-13,0.9999965232190178,3.476780360309772e-06
C17112,1.0,Installment-Focused,0.9999987835527042,0.0,1.2164472954337076e-06
C17113,0.0,High Risk,4.528870140878394e-05,0.9999543692867979,3.420117934299707e-07
C17114,1.0,Installment-Focused,0.9999990974008167,0.0,9.025991836795781e-07
C17115,0.0,High Risk,0.9999997774490995,0.0,2.2255090066367287e-07
C17116,0.0,High Risk,0.0034888532495824546,0.9965110934957856,5.325463170720368e-08
C17117,1.0,Installment-Focused,0.00013379530209500212,0.9998661672205885,3.7477316609400726e-08
C17118,1.0,Installment-Focused,1.3664955371156758e-05,0.9999824549617218,3.880082906944728e-06
C17119,1.0,Installment-Focused,6.881025791835977e-26,0.9999984716218373,1.5283781622812423e-06
C17120,1.0,Installment-Focused,0.9999994084302104,0.0,5.915697899163555e-07
C17121,0.0,High Risk,0.006719361383281554,0.9932804526593553,1.859573631572154e-07
C17122,1.0,Installment-Focused,0.9999998350667084,0.0,1.649332917945943e-07
C17123,0.0,High Risk,0.9999995241863568,0.0,4.7581364286084006e-07
C17124,0.0,High Risk,0.008229584436836232,0.0,0.991770415563165
C17125,2.0,Low Engagement,0.9999916305350884,0.0,8.369464911693623e-06
C17126,0.0,High Risk,1.3185774744655086e-117,0.0,1.0
C17127,2.0,Low Engagement,0.9999935471749601,0.0,6.452825039846762e-06
C17128,0.0,High Risk,0.9616179410121869,0.0,0.03838205898781441
C17129,0.0,High Risk,0.8695833151296346,0.0,0.13041668487036637
C17130,0.0,High Risk,0.999999027314313,0.0,9.726856866408164e-07
C17131,0.0,High Risk,0.9999999545534292,0.0,4.544657104686363e-08
C17132,0.0,High Risk,0.000763698217395482,0.9992362755494124,2.6233192444536277e-08
C17133,1.0,Installment-Focused,0.9999998174715088,0.0,1.8252849130785062e-07
C17134,0.0,High Risk,0.12225030619565498,0.8777496139901776,7.981416806640135e-08
C17135,1.0,Installment-Focused,2.2409165679949235e-08,0.9999993606065357,6.169842992235027e-07
C17136,1.0,Installment-Focused,2.7497084346336025e-134,0.999999945787034,5.4212966381267456e-08
C17137,1.0,Installment-Focused,0.9999963272377632,0.0,3.6727622364066106e-06
C17138,0.0,High Risk,0.9999858704818296,5.760826070741486e-163,1.4129518170595973e-05
C17139,0.0,High Risk,2.1786456406954255e-14,0.0,0.9999999999999787
C17140,2.0,Low Engagement,8.401165690366956e-99,9.914531712279491e-190,1.0
C17141,2.0,Low Engagement,1.1097977011068846e-07,0.9925169147392394,0.00748297428099088
C17142,1.0,Installment-Focused,1.472005095995051e-16,0.9999997188577896,2.8114220981663877e-07
C17143,1.0,Installment-Focused,0.9999998034309268,0.0,1.9656907326811832e-07
C17144,0.0,High Risk,0.00017013484723530815,0.0,0.9998298651527642
C17145,2.0,Low Engagement,0.9999992836265424,0.0,7.163734570773942e-07
C17146,0.0,High Risk,0.9999998780537934,0.0,1.219462061627606e-07
C17147,0.0,High Risk,0.0015334068183451518,0.0,0.9984665931816532
C17148,2.0,Low Engagement,0.018393711576379538,0.9816062603591842,2.8064436658940876e-08
C17149,1.0,Installment-Focused,2.396059267883967e-106,1.0422459726644681e-42,1.0
C17150,2.0,Low Engagement,7.574077870543563e-05,0.9999241863118012,7.290949370958826e-08
C17151,1.0,Installment-Focused,0.9999990795066838,0.0,9.204933166612797e-07
C17152,0.0,High Risk,0.9999994845512369,0.0,5.154487628763499e-07
C17153,0.0,High Risk,0.9999996263484864,0.0,3.736515136934574e-07
C17154,0.0,High Risk,0.9999918797517904,0.0,8.12024820922028e-06
C17156,0.0,High Risk,1.6642062831257222e-82,4.1819597383277964e-184,1.0
C17157,2.0,Low Engagement,0.9996973737620276,0.0,0.00030262623797320485
C17158,0.0,High Risk,0.9999994685009694,0.0,5.314990297656008e-07
C17159,0.0,High Risk,5.043983136978255e-05,0.999949528343959,3.182467139791095e-08
C17160,1.0,Installment-Focused,1.265321147639277e-10,0.9999994178301879,5.820432801965629e-07
C17161,1.0,Installment-Focused,3.677409722287337e-26,6.837989516484318e-26,1.0
C17162,2.0,Low Engagement,0.9999934686913313,0.0,6.531308668197202e-06
C17163,0.0,High Risk,0.9912817274888777,0.0,0.008718272511120664
C17164,0.0,High Risk,2.250694049912604e-30,0.9999724361798662,2.7563820133734976e-05
C17165,1.0,Installment-Focused,0.9998738948863172,0.0,0.00012610511368228434
C17166,0.0,High Risk,1.402131869497797e-20,0.9999996686408934,3.3135910618846325e-07
C17167,1.0,Installment-Focused,0.9999991741895452,0.0,8.258104539063644e-07
C17168,0.0,High Risk,1.0469215215220576e-36,0.9999994482982476,5.517017527199919e-07
C17169,1.0,Installment-Focused,2.0525897864832036e-156,0.9999999062376919,9.376230838533498e-08
C17170,1.0,Installment-Focused,5.113594236406469e-25,0.9999998270680418,1.729319581806765e-07
C17172,1.0,Installment-Focused,1.6753874267172872e-150,0.9999998636928189,1.3630718119812024e-07
C17173,1.0,Installment-Focused,0.999997044943118,0.0,2.9550568813242837e-06
C17174,0.0,High Risk,7.052737779267037e-105,0.9999998128569174,1.8714308236856548e-07
C17175,1.0,Installment-Focused,8.718431812434271e-59,0.9999998633460305,1.3665396892110303e-07
C17176,1.0,Installment-Focused,0.9999998511406223,0.0,1.4885937800845304e-07
C17177,0.0,High Risk,1.0262412566380476e-21,0.9999999154965029,8.45034969315474e-08
C17178,1.0,Installment-Focused,4.518518539521998e-13,0.9999998559228868,1.4407666140022809e-07
C17179,1.0,Installment-Focused,6.965694668557194e-28,0.9999965618538984,3.4381461014259034e-06
C17180,1.0,Installment-Focused,4.995394311726605e-65,0.0,1.0
C17181,2.0,Low Engagement,1.4517780030754845e-13,0.0,0.9999999999998543
C17182,2.0,Low Engagement,0.00045066278747267003,0.999549325697921,1.1514606100364452e-08
C17183,1.0,Installment-Focused,0.999999363269245,0.0,6.36730755408657e-07
C17184,0.0,High Risk,0.03673260913370543,0.9632673369061518,5.396014276107656e-08
C17185,1.0,Installment-Focused,0.9999999308129233,0.0,6.918707683067778e-08
C17186,0.0,High Risk,1.270676734848548e-16,0.9999991590448661,8.40955133736866e-07
C17187,1.0,Installment-Focused,0.9999689714866926,0.0,3.1028513307754885e-05
C17188,0.0,High Risk,0.9999990042986245,0.0,9.957013749838908e-07
C17189,0.0,High Risk,3.7713645446912997e-84,0.9999939516174554,6.048382545114311e-06
C17190,1.0,Installment-Focused,0.004273703739748873,0.9957262811743577,1.508589383020372e-08
C17191,1.0,Installment-Focused,1.0140365635719453e-14,0.0,0.9999999999999893
C17192,2.0,Low Engagement,1.8325808683184162e-11,0.9999992419825783,7.579990957827222e-07
C17193,1.0,Installment-Focused,0.9999998339807452,0.0,1.6601925466283583e-07
C17194,0.0,High Risk,0.9999994279733395,0.0,5.720266602727959e-07
C17195,0.0,High Risk,1.4956598301209513e-11,0.9999994133468044,5.866382389876389e-07
C17196,1.0,Installment-Focused,2.037046884898907e-06,0.999919171843487,7.879110962881984e-05
C17197,1.0,Installment-Focused,0.0010612265126249592,0.9989387460306242,2.745675067709692e-08
C17198,1.0,Installment-Focused,0.9999983545634575,0.0,1.6454365428080338e-06
C17199,0.0,High Risk,1.328568322424029e-135,0.9999997986285613,2.0137143870612765e-07
C17200,1.0,Installment-Focused,0.15911219283992434,0.0,0.840887807160077
C17201,2.0,Low Engagement,0.9999988549725957,0.0,1.1450274048637518e-06
C17202,0.0,High Risk,0.9998754352171895,0.0,0.0001245647828110757
C17203,0.0,High Risk,0.0002381404378449721,0.9997616473476242,2.122145310789713e-07
C17204,1.0,Installment-Focused,8.96519396678897e-137,0.9999999443633223,5.5636677486333857e-08
C17205,1.0,Installment-Focused,0.9999996314661073,0.0,3.6853389188531784e-07
C17206,0.0,High Risk,1.885925417697806e-05,0.9997474619086878,0.00023367883713605486
C17207,1.0,Installment-Focused,1.3138571499865155e-90,0.9999998765246613,1.2347533900751654e-07
C17208,1.0,Installment-Focused,1.2686288400946838e-14,0.9999998740978987,1.25902088566153e-07
C17209,1.0,Installment-Focused,0.00029734657512559096,0.9997026443998538,9.025020605362196e-09
C17210,1.0,Installment-Focused,0.9999996439611042,0.0,3.5603889607718733e-07
C17211,0.0,High Risk,0.9998564455157047,0.0,0.00014355448429567263
C17212,0.0,High Risk,2.3659913910060868e-21,0.9999998894515166,1.1054848315286518e-07
C17213,1.0,Installment-Focused,0.00022376339338326542,0.9997760973218836,1.392847334812212e-07
C17214,1.0,Installment-Focused,0.9999998443643158,0.0,1.5563568409252294e-07
C17215,0.0,High Risk,9.137181286762409e-117,0.9999999247972539,7.520274632875692e-08
C17216,1.0,Installment-Focused,0.01694940095502613,0.9830505726695068,2.637546622178297e-08
C17217,1.0,Installment-Focused,0.9999999067213919,0.0,9.327860820029936e-08
C17218,0.0,High Risk,2.9374411328155154e-06,0.9999969902690986,7.228976860266615e-08
C17219,1.0,Installment-Focused,3.153972872752724e-91,0.9999999504560456,4.9543954486940205e-08
C17220,1.0,Installment-Focused,0.060085626241935614,0.0,0.9399143737580629
C17221,2.0,Low Engagement,0.00013905842392416672,0.999860553758002,3.8781807405942046e-07
C17222,1.0,Installment-Focused,1.6242822143877918e-05,0.9999836924683141,6.470954229140609e-08
C17223,1.0,Installment-Focused,0.9999995307179326,0.0,4.6928206773565464e-07
C17224,0.0,High Risk,0.9999999778106468,0.0,2.2189353020325192e-08
C17225,0.0,High Risk,0.00040829895486279606,0.9995916553121288,4.573300885130369e-08
C17226,1.0,Installment-Focused,2.8040618132922965e-26,0.9999991438396357,8.561603641010848e-07
C17227,1.0,Installment-Focused,5.9777032078680536e-133,0.9999999556278364,4.437216334462446e-08
C17228,1.0,Installment-Focused,3.4684952298093923e-128,0.9999999295241373,7.047586264960278e-08
C17229,1.0,Installment-Focused,8.642732858708813e-27,0.0,1.0
C17230,2.0,Low Engagement,0.9999956173028519,0.0,4.382697148816276e-06
C17231,0.0,High Risk,0.9999989234085791,0.0,1.076591421273941e-06
C17232,0.0,High Risk,0.9792481963152097,0.0,0.020751803684789263
C17233,0.0,High Risk,0.0003442016342143159,0.0,0.9996557983657864
C17234,2.0,Low Engagement,0.4859990407590485,0.0,0.5140009592409505
C17235,2.0,Low Engagement,0.05371583907556384,0.9462836362992405,5.246251963557075e-07
C17236,1.0,Installment-Focused,4.373458485841387e-117,0.9994619058869133,0.0005380941130862929
C17237,1.0,Installment-Focused,6.23634192808896e-32,0.9999928642711928,7.1357288068479814e-06
C17239,1.0,Installment-Focused,1.7496927073344235e-06,0.9999982316665273,1.8640765157254468e-08
C17240,1.0,Installment-Focused,0.037368379178776875,0.9626310421940523,5.786271707591869e-07
C17241,1.0,Installment-Focused,0.9999988695053736,0.0,1.1304946268221048e-06
C17242,0.0,High Risk,6.035095833137452e-15,1.6085547022767617e-38,0.9999999999999929
C17243,2.0,Low Engagement,1.3483338367076833e-54,0.9999864298913161,1.3570108683689388e-05
C17244,1.0,Installment-Focused,0.9999956649383227,0.0,4.335061677992887e-06
C17245,0.0,High Risk,0.9999966984566575,0.0,3.301543343324358e-06
C17246,0.0,High Risk,0.9986692890770705,0.0,0.0013307109229287923
C17247,0.0,High Risk,0.9999999578654126,0.0,4.213458700281318e-08
C17248,0.0,High Risk,0.999995830733679,0.0,4.169266320503689e-06
C17249,0.0,High Risk,1.9271558630489454e-11,0.9999995985481387,4.0143259000233473e-07
C17250,1.0,Installment-Focused,8.72804376590201e-05,0.9999127102145784,9.347762115186946e-09
C17251,1.0,Installment-Focused,0.9999996374830342,0.0,3.6251696668056503e-07
C17252,0.0,High Risk,0.005276005972430662,0.0,0.9947239940275697
C17253,2.0,Low Engagement,0.9999887727854221,0.0,1.1227214577154769e-05
C17254,0.0,High Risk,0.9999989643526266,0.0,1.0356473729528697e-06
C17255,0.0,High Risk,0.9999993958623654,0.0,6.041376347606002e-07
C17256,0.0,High Risk,0.9999942332951698,0.0,5.7667048294804615e-06
C17257,0.0,High Risk,5.4152323270683055e-65,0.0,1.0
C17258,2.0,Low Engagement,5.3886776231866477e-129,0.9999998208111497,1.791888501663635e-07
C17259,1.0,Installment-Focused,0.9999989140363005,0.0,1.0859636991524867e-06
C17260,0.0,High Risk,3.908016007958243e-05,0.9999604764326764,4.434072437575647e-07
C17261,1.0,Installment-Focused,0.802860653907645,0.0,0.1971393460923556
C17262,0.0,High Risk,0.001583020553089118,0.9984161341639155,8.452829957309414e-07
C17263,1.0,Installment-Focused,1.5455465796869008e-108,1.0809496394709514e-253,1.0
C17264,2.0,Low Engagement,0.9999990148642318,0.0,9.851357687615144e-07
C17265,0.0,High Risk,0.0002558292683656075,0.9997440992821058,7.144952843832492e-08
C17266,1.0,Installment-Focused,4.717608012092118e-33,0.0,1.0
C17267,2.0,Low Engagement,0.9999999607137261,0.0,3.9286273607364726e-08
C17268,0.0,High Risk,0.9999983350314686,0.0,1.6649685309906092e-06
C17269,0.0,High Risk,0.9877855481621538,0.0,0.012214451837847662
C17270,0.0,High Risk,1.0685450796824026e-118,0.9999999367708698,6.322913052315485e-08
C17271,1.0,Installment-Focused,0.9999945624771419,0.0,5.437522857237421e-06
C17272,0.0,High Risk,0.9999988566600669,0.0,1.1433399328911326e-06
C17273,0.0,High Risk,2.620479860986335e-27,1.9557526055608897e-25,1.0
C17274,2.0,Low Engagement,1.1334922152754778e-36,0.9999996903957564,3.096042433191848e-07
C17275,1.0,Installment-Focused,8.207611600499709e-34,0.9999996687670263,3.312329734500126e-07
C17276,1.0,Installment-Focused,0.9999986465501289,0.0,1.3534498713772117e-06
C17277,0.0,High Risk,0.9999993302823245,0.0,6.697176757971604e-07
C17278,0.0,High Risk,2.0163777333896567e-118,0.9999991448006378,8.551993626127855e-07
C17279,1.0,Installment-Focused,5.823807884395024e-06,0.9999939629255343,2.1326658086713496e-07
C17280,1.0,Installment-Focused,2.953255176119146e-122,0.9999997170702289,2.829297715252891e-07
C17281,1.0,Installment-Focused,0.999999544014277,0.0,4.559857227963975e-07
C17282,0.0,High Risk,0.001071427879184605,0.9989285551686354,1.6952180243050883e-08
C17283,1.0,Installment-Focused,0.9999987554177316,0.0,1.2445822685545058e-06
C17284,0.0,High Risk,8.122665388914527e-22,8.045893044783044e-05,0.9999195410695507
C17285,2.0,Low Engagement,1.2294227759583078e-06,0.9999987429520334,2.76251905100161e-08
C17286,1.0,Installment-Focused,1.2864033830900843e-06,0.0,0.9999987135966176
C17287,2.0,Low Engagement,2.514205782976926e-18,0.9999995883859775,4.116140223576031e-07
C17288,1.0,Installment-Focused,1.5111314449757438e-14,0.0,0.9999999999999858
C17289,2.0,Low Engagement,9.851402952028459e-123,0.9999999541180565,4.5881943710082945e-08
C17290,1.0,Installment-Focused,0.005937868939189582,0.9940621280459496,3.014860710261474e-09
C17291,1.0,Installment-Focused,4.152934338227597e-25,0.9999586504814589,4.134951854073993e-05
C17292,1.0,Installment-Focused,1.682960543742907e-117,0.9999998465265929,1.5347340679372784e-07
C17293,1.0,Installment-Focused,0.9999971477720881,0.0,2.852227911834643e-06
C17294,0.0,High Risk,0.9380240420976583,0.0,0.06197595790234068
C17295,0.0,High Risk,4.730822608177018e-41,0.9999950132681221,4.986731878393625e-06
C17296,1.0,Installment-Focused,0.9999998920424962,0.0,1.0795750354482615e-07
C17297,0.0,High Risk,0.0009020439273621341,0.9990979505160948,5.5565429228661114e-09
C17298,1.0,Installment-Focused,2.566189631406658e-39,0.9999998693943534,1.3060564631399502e-07
C17299,1.0,Installment-Focused,6.623559273869868e-08,0.0,0.9999999337644057
C17300,2.0,Low Engagement,0.9999998744610926,0.0,1.255389074658006e-07
C17302,0.0,High Risk,0.0009785137493030782,0.9990214816644538,4.586243007123118e-09
C17303,1.0,Installment-Focused,0.9999998169190983,0.0,1.8308090123096226e-07
C17304,0.0,High Risk,0.9998832442956844,0.0,0.00011675570431579181
C17305,0.0,High Risk,0.9999961317826283,0.0,3.868217372593809e-06
C17306,0.0,High Risk,1.5713251545896455e-94,0.9999999320680889,6.793191110297494e-08
C17307,1.0,Installment-Focused,0.0010540382577942078,0.998945927822829,3.3919377236580404e-08
C17308,1.0,Installment-Focused,0.0005524993720042759,0.9994474986483414,1.9796543615964113e-09
C17309,1.0,Installment-Focused,0.99999835544754,0.0,1.6445524608397174e-06
C17310,0.0,High Risk,6.297875247071995e-05,0.9999370173558815,3.891647387540462e-09
C17311,1.0,Installment-Focused,0.0014746944112459623,0.9985253040767741,1.5119803144951254e-09
C17312,1.0,Installment-Focused,8.874793546278654e-140,0.9999999459435204,5.4056479461864846e-08
C17313,1.0,Installment-Focused,1.4249621299885203e-126,0.9999999238734658,7.6126534352908e-08
C17314,1.0,Installment-Focused,0.00017430556624766197,0.9998256918106061,2.623146200405351e-09
C17315,1.0,Installment-Focused,0.006420137575302005,0.9935798044581482,5.79665499210123e-08
C17316,1.0,Installment-Focused,4.5616342431144725e-97,0.0,1.0
C17317,2.0,Low Engagement,6.397879954026754e-125,0.0,1.0
C17318,2.0,Low Engagement,2.747161311225596e-24,0.9999997910778126,2.0892218757642796e-07
C17319,1.0,Installment-Focused,0.0004968125659322795,0.999503183000311,4.43375663405891e-09
C17320,1.0,Installment-Focused,2.2127639890343183e-14,0.9997885781929668,0.00021142180701102262
C17321,1.0,Installment-Focused,0.7087457994542523,0.0,0.2912542005457469
C17322,0.0,High Risk,7.466525301984698e-16,0.9999996749521247,3.250478743207711e-07
C17323,1.0,Installment-Focused,0.9999999697203887,0.0,3.02796119082393e-08
C17324,0.0,High Risk,1.0071767122714134e-16,0.0,1.0
C17325,2.0,Low Engagement,0.9999999286315172,0.0,7.13684827359697e-08
C17326,0.0,High Risk,9.504783749852163e-10,0.9999998707952903,1.2825423137564413e-07
C17327,1.0,Installment-Focused,1.5732157867009719e-29,0.0,1.0
C17328,2.0,Low Engagement,1.1524788122790167e-109,3.2918708650682938e-189,1.0
C17329,2.0,Low Engagement,2.8168745690023394e-102,0.9999997716633832,2.2833661646107839e-07
C17330,1.0,Installment-Focused,0.0019207154425883077,0.9980792785338475,6.023564396969103e-09
C17331,1.0,Installment-Focused,1.530434522152742e-11,0.9999846610649915,1.5338919703958717e-05
C17332,1.0,Installment-Focused,2.4121329544227837e-08,0.9999998879159452,8.796272557915692e-08
C17334,1.0,Installment-Focused,7.619134028839024e-23,0.9999991836920953,8.163079051300506e-07
C17335,1.0,Installment-Focused,1.9104013429250177e-29,0.9999996323184438,3.6768155634792233e-07
C17336,1.0,Installment-Focused,0.9999994341141412,0.0,5.658858588126899e-07
C17337,0.0,High Risk,0.999999956001891,0.0,4.399810873999086e-08
C17338,0.0,High Risk,1.0946823797915509e-10,0.9995358740485121,0.00046412584201930147
C17339,1.0,Installment-Focused,7.241151185726429e-36,0.9999993388951909,6.611048093596544e-07
C17340,1.0,Installment-Focused,2.5916441246984566e-47,0.9999998986932652,1.013067347920849e-07
C17341,1.0,Installment-Focused,2.3998867644379266e-12,0.9999992263248618,7.736727384840445e-07
C17342,1.0,Installment-Focused,1.9566619389920846e-20,0.9990617049050042,0.0009382950949953291
C17343,1.0,Installment-Focused,1.847047126705462e-14,0.9999999638952561,3.6104725607441095e-08
C17344,1.0,Installment-Focused,3.61444261877833e-18,0.999999761401801,2.385981987727834e-07
C17345,1.0,Installment-Focused,0.0008537163462529071,0.999146232948676,5.070507094290578e-08
C17346,1.0,Installment-Focused,4.3503480880124703e-16,0.9998794870166638,0.00012051298333558074
C17347,1.0,Installment-Focused,0.0001722712532701152,0.9998277184954346,1.0251294939283633e-08
C17348,1.0,Installment-Focused,0.000312404098086827,0.9996874487071907,1.4719472285046453e-07
C17349,1.0,Installment-Focused,0.9999998798976241,0.0,1.2010237578094366e-07
C17350,0.0,High Risk,0.999998596049268,0.0,1.4039507320883803e-06
C17351,0.0,High Risk,0.9999981816405906,0.0,1.8183594095893486e-06
C17352,0.0,High Risk,1.4306089464193328e-110,0.9999999302461158,6.975388442702302e-08
C17353,1.0,Installment-Focused,0.9987400478703106,0.0,0.0012599521296891378
C17354,0.0,High Risk,0.999998721930567,0.0,1.278069433080901e-06
C17355,0.0,High Risk,0.9999998116949014,0.0,1.8830509836262802e-07
C17356,0.0,High Risk,0.999776624692016,1.2378453929045057e-184,0.00022337530798484788
C17357,0.0,High Risk,1.700968529316911e-14,0.9968961042544513,0.0031038957455312185
C17358,1.0,Installment-Focused,0.9999935412760298,0.0,6.458723970417711e-06
C17359,0.0,High Risk,1.4144539696568108e-48,0.9999998992197676,1.0078023204177208e-07
C17360,1.0,Installment-Focused,0.9999729389750033,0.0,2.7061024996227138e-05
C17361,0.0,High Risk,0.00017095660785514498,0.9998290111464928,3.224565168987447e-08
C17362,1.0,Installment-Focused,0.9999998774018839,0.0,1.225981159064654e-07
C17363,0.0,High Risk,0.9999998253158556,0.0,1.746841442959934e-07
C17364,0.0,High Risk,0.0005131086078035559,0.9994857655749807,1.1258172156754357e-06
C17365,1.0,Installment-Focused,4.311266444276807e-08,0.9999998527373972,1.0414993826530364e-07
C17366,1.0,Installment-Focused,0.9999994852593065,0.0,5.147406931607376e-07
C17367,0.0,High Risk,0.9999881592527142,0.0,1.1840747286191401e-05
C17368,0.0,High Risk,0.00019962752337974877,0.9998003604956298,1.1980990080604651e-08
C17369,1.0,Installment-Focused,4.315970527056464e-20,2.2772192158003678e-179,1.0
C17370,2.0,Low Engagement,9.224356660416233e-06,0.9999896460836984,1.129559641284394e-06
C17371,1.0,Installment-Focused,0.9999997876103567,0.0,2.123896430785612e-07
C17372,0.0,High Risk,1.4407204562378941e-15,0.9999988789179706,1.1210820271792911e-06
C17373,1.0,Installment-Focused,0.999998096318823,2.0510153596377123e-35,1.9036811767139638e-06
C17374,0.0,High Risk,0.9999996731835951,0.0,3.26816404595814e-07
C17376,0.0,High Risk,1.920004021833429e-59,0.0,1.0
C17377,2.0,Low Engagement,2.714484782911451e-14,0.9999992852923865,7.147075859505638e-07
C17378,1.0,Installment-Focused,1.5006672652412378e-117,0.9999998427782976,1.5722170261177604e-07
C17379,1.0,Installment-Focused,0.9999978691158359,3.406850188243449e-30,2.1308841645239246e-06
C17380,0.0,High Risk,4.4097994604200944e-27,0.0010836851192337913,0.9989163148807649
C17381,2.0,Low Engagement,0.00016837641420180225,0.9998315766075087,4.6978289338807324e-08
C17382,1.0,Installment-Focused,0.9999998365626537,0.0,1.6343734629468985e-07
C17383,0.0,High Risk,0.006097143647752183,0.9939028005478935,5.580435367535658e-08
C17384,1.0,Installment-Focused,0.999996638287179,0.0,3.361712821567101e-06
C17385,0.0,High Risk,3.113126151000459e-47,0.9999996324371168,3.6756288302454666e-07
C17386,1.0,Installment-Focused,0.99999979555994,0.0,2.04440060147475e-07
C17387,0.0,High Risk,0.9999997578035131,0.0,2.4219648716839417e-07
C17388,0.0,High Risk,0.000487552055580693,0.9995124424372605,5.507158694951506e-09
C17389,1.0,Installment-Focused,0.999999779051723,0.0,2.2094827678143326e-07
C17390,0.0,High Risk,9.219513807888202e-05,0.9999071634816041,6.413803171739449e-07
C17391,1.0,Installment-Focused,3.0721043059432074e-72,0.0,1.0
C17392,2.0,Low Engagement,0.9999998123508725,0.0,1.8764912780029105e-07
C17393,0.0,High Risk,0.9999896104921151,0.0,1.0389507885502257e-05
C17394,0.0,High Risk,0.9999976854153497,0.0,2.314584649795835e-06
C17395,0.0,High Risk,2.231955049809959e-12,0.9999998730254879,1.2697228037608222e-07
C17396,1.0,Installment-Focused,0.9999997668725756,0.0,2.331274247105436e-07
C17397,0.0,High Risk,0.9999750782253002,0.0,2.492177470036605e-05
C17398,0.0,High Risk,0.9999984171279013,0.0,1.5828720990472727e-06
C17399,0.0,High Risk,0.0018842227097616271,0.9981157723014171,4.988820937792061e-09
C17400,1.0,Installment-Focused,6.2205007393913275e-121,0.9999998764377264,1.2356227335541983e-07
C17401,1.0,Installment-Focused,6.287734313017772e-14,0.9999998993996149,1.0060032272324556e-07
C17402,1.0,Installment-Focused,0.0003063363015175946,0.9996936603662089,3.3322735328013827e-09
C17403,1.0,Installment-Focused,0.0007922594927034837,0.9992077345775401,5.9297566883464076e-09
C17404,1.0,Installment-Focused,0.9999997576185901,0.0,2.4238140954935244e-07
C17405,0.0,High Risk,0.9999998125171314,0.0,1.874828681541085e-07
C17406,0.0,High Risk,0.9999993562808271,0.0,6.437191723605134e-07
C17407,0.0,High Risk,0.9999979921727973,0.0,2.00782720256737e-06
C17408,0.0,High Risk,0.0005515850336785713,0.9994483969769453,1.798937617156927e-08
C17409,1.0,Installment-Focused,0.999991683512878,0.0,8.316487121917777e-06
C17410,0.0,High Risk,0.999996066292698,0.0,3.933707302019078e-06
C17411,0.0,High Risk,0.9999979993463974,0.0,2.0006536024641772e-06
C17412,0.0,High Risk,0.9999999571522409,0.0,4.284775913343919e-08
C17413,0.0,High Risk,0.9999998790141709,0.0,1.209858292416285e-07
C17414,0.0,High Risk,5.457668398113015e-11,0.9999964832985758,3.516646847697492e-06
C17415,1.0,Installment-Focused,0.00033069778451905456,0.9996692999874294,2.2280519123540444e-09
C17416,1.0,Installment-Focused,0.9999999058882887,0.0,9.41117109793768e-08
C17417,0.0,High Risk,0.0007840752598497527,0.0,0.9992159247401506
C17418,2.0,Low Engagement,0.0009130934086157427,0.9990867422252807,1.6436610340280653e-07
C17419,1.0,Installment-Focused,0.9999999864291356,0.0,1.3570864017120165e-08
C17420,0.0,High Risk,2.5980025905170677e-05,0.9999739809682905,3.900580415492208e-08
C17421,1.0,Installment-Focused,0.9999998328760327,0.0,1.671239677793239e-07
C17422,0.0,High Risk,0.9999999202965789,0.0,7.970342043712269e-08
C17423,0.0,High Risk,1.162255488603253e-20,0.0,1.0
C17424,2.0,Low Engagement,0.9999997965370861,0.0,2.0346291398887267e-07
C17425,0.0,High Risk,0.9999999305174627,0.0,6.948253758905488e-08
C17426,0.0,High Risk,0.00017076179407256,0.9998292227664001,1.5439527163356487e-08
C17427,1.0,Installment-Focused,0.9999978327180872,0.0,2.1672819128520275e-06
C17428,0.0,High Risk,0.9999999078611761,0.0,9.21388230647022e-08
C17429,0.0,High Risk,6.461733490999246e-107,0.0,1.0
C17430,2.0,Low Engagement,0.9999997465210894,0.0,2.5347891000310234e-07
C17431,0.0,High Risk,4.3879921257659084e-23,0.999998485071675,1.5149283251332006e-06
C17432,1.0,Installment-Focused,0.9999988894275255,0.0,1.1105724745703567e-06
C17433,0.0,High Risk,0.9990514518231104,0.0,0.0009485481768900034
C17434,0.0,High Risk,0.9999999651479433,0.0,3.485205658446851e-08
C17435,0.0,High Risk,0.9999978796884709,0.0,2.1203115285261855e-06
C17436,0.0,High Risk,6.159939668221304e-110,0.9999996714918351,3.2850816458760923e-07
C17437,1.0,Installment-Focused,0.9999993001965632,0.0,6.998034366246737e-07
C17438,0.0,High Risk,0.9999956109660162,0.0,4.389033984623699e-06
C17439,0.0,High Risk,0.9999996991781943,0.0,3.0082180591099574e-07
C17440,0.0,High Risk,2.700784013922955e-07,0.9999996884655343,4.145606422259085e-08
C17441,1.0,Installment-Focused,0.9999999119323361,0.0,8.806766371020115e-08
C17442,0.0,High Risk,2.0396523287894287e-123,0.999999959074457,4.0925543272116443e-08
C17443,1.0,Installment-Focused,1.9198522277626642e-05,0.999980787790606,1.3687116360459309e-08
C17444,1.0,Installment-Focused,0.9999996505003235,0.0,3.4949967599399955e-07
C17445,0.0,High Risk,0.9993065210047739,5.3720942999622514e-207,0.0006934789952266023
C17446,0.0,High Risk,3.4098035110257354e-12,0.9999236540650948,7.634593149580919e-05
C17448,1.0,Installment-Focused,1.3614310186429192e-134,0.9999999031111433,9.68888558211116e-08
C17449,1.0,Installment-Focused,0.9999995060938088,0.0,4.939061919664879e-07
C17450,0.0,High Risk,0.9939270216122589,0.0,0.00607297838774184
C17451,0.0,High Risk,0.9999996287439418,0.0,3.7125605821628944e-07
C17452,0.0,High Risk,1.5986716846603781e-28,8.848759011397263e-24,1.0
C17453,2.0,Low Engagement,0.9999999353358934,0.0,6.466410644693281e-08
C17454,0.0,High Risk,0.9999989580908305,0.0,1.0419091687948023e-06
C17455,0.0,High Risk,1.7473629524196388e-17,0.9999994530965134,5.469034862007093e-07
C17456,1.0,Installment-Focused,4.1764265788514974e-27,0.9999994865076672,5.134923328565265e-07
C17457,1.0,Installment-Focused,3.5957779045620166e-159,0.9999999625222038,3.747779653896281e-08
C17458,1.0,Installment-Focused,0.10446319606829714,0.0,0.8955368039317029
C17459,2.0,Low Engagement,1.0218127526786287e-25,0.9999830607455615,1.693925443907152e-05
C17460,1.0,Installment-Focused,0.0006303139111535968,0.999369677428101,8.660745463300599e-09
C17461,1.0,Installment-Focused,0.0024307946106410724,0.9975691874703314,1.791902746102573e-08
C17462,1.0,Installment-Focused,1.4055428447261902e-08,0.999999841423696,1.445208758327592e-07
C17463,1.0,Installment-Focused,1.1726467298486014e-129,0.9999996037141935,3.9628580619836664e-07
C17464,1.0,Installment-Focused,2.11284168465543e-98,0.9999850423434812,1.4957656519396612e-05
C17465,1.0,Installment-Focused,0.9078017073346011,1.1513241281885582e-187,0.09219829266539863
C17466,0.0,High Risk,0.9999928248875918,0.0,7.175112408101704e-06
C17467,0.0,High Risk,0.9999954086406818,0.0,4.591359318208053e-06
C17468,0.0,High Risk,0.9999217719926926,0.0,7.822800730795408e-05
C17469,0.0,High Risk,4.1317849165853215e-09,0.0,0.9999999958682153
C17470,2.0,Low Engagement,4.055600291073153e-102,0.9999997226466546,2.77353345227088e-07
C17471,1.0,Installment-Focused,0.9999999378598173,0.0,6.214018258582658e-08
C17472,0.0,High Risk,3.5218693096714274e-69,0.0,1.0
C17473,2.0,Low Engagement,0.006953147825486109,0.0,0.9930468521745122
C17474,2.0,Low Engagement,0.9985777427208654,0.0,0.001422257279135457
C17476,0.0,High Risk,0.9999996993127426,0.0,3.006872575453949e-07
C17477,0.0,High Risk,0.013561921558441645,0.9864338052932542,4.2731483033793685e-06
C17478,1.0,Installment-Focused,6.347729732533449e-07,0.9999990573708575,3.0785616881186856e-07
C17479,1.0,Installment-Focused,0.9999991819702803,0.0,8.18029719273666e-07
C17480,0.0,High Risk,3.5766424898964004e-31,0.9999998993938772,1.006061228895407e-07
C17481,1.0,Installment-Focused,1.715732905871594e-17,1.0785112344360494e-41,1.0
C17482,2.0,Low Engagement,0.00014303989180178365,0.9998569543969716,5.7112267634160665e-09
C17483,1.0,Installment-Focused,0.0036415999154860938,0.9963583744976489,2.5586865333020505e-08
C17484,1.0,Installment-Focused,0.9999999883060653,0.0,1.1693934259459666e-08
C17485,0.0,High Risk,1.182773519877408e-18,0.9994880411408597,0.0005119588591411362
C17486,1.0,Installment-Focused,0.99998098697105,0.0,1.9013028950657344e-05
C17487,0.0,High Risk,0.9999999026132892,0.0,9.738671044196067e-08
C17488,0.0,High Risk,0.9869256885251085,0.0,0.013074311474891038
C17489,0.0,High Risk,0.00020682846210037998,0.9997914807245228,1.6908133768681455e-06
C17490,1.0,Installment-Focused,3.00372814481769e-124,0.9999998856835463,1.1431645407721269e-07
C17491,1.0,Installment-Focused,0.8865174785590013,0.0,0.11348252144099974
C17492,0.0,High Risk,0.9999999645974487,0.0,3.540255173972835e-08
C17493,0.0,High Risk,0.9999976499167352,0.0,2.3500832651254845e-06
C17494,0.0,High Risk,0.0009480485301886445,0.9990519276852735,2.3784538089693625e-08
C17495,1.0,Installment-Focused,0.00021314945468337294,0.9997868340252556,1.6520061327628815e-08
C17496,1.0,Installment-Focused,1.6551183342076932e-19,6.671501313738698e-14,0.9999999999999325
C17497,2.0,Low Engagement,4.752480583649158e-18,0.9999997973456766,2.026543231992749e-07
C17498,1.0,Installment-Focused,0.9999851626040319,0.0,1.4837395967857809e-05
C17499,0.0,High Risk,0.9999997421554413,0.0,2.5784455929013605e-07
C17500,0.0,High Risk,4.782407212772867e-25,0.9999977990313688,2.2009686312865872e-06
C17501,1.0,Installment-Focused,4.659186135952361e-11,0.9999990936388694,9.063145388103292e-07
C17502,1.0,Installment-Focused,0.00013829213163308007,0.9993698949153762,0.0004918129529915651
C17503,1.0,Installment-Focused,0.9999985544025115,0.0,1.4455974893085509e-06
C17504,0.0,High Risk,0.9999307665006042,2.584756707522936e-195,6.923349939559816e-05
C17505,0.0,High Risk,0.013911657017962289,0.9860883147894371,2.8192600363334685e-08
C17506,1.0,Installment-Focused,2.860738249222972e-128,0.9999996685362741,3.314637259610866e-07
C17507,1.0,Installment-Focused,1.5252515882625329e-05,0.9999846710949687,7.638914855275683e-08
C17508,1.0,Installment-Focused,0.00032366096051953747,0.9996763297547664,9.284713666196487e-09
C17509,1.0,Installment-Focused,4.408207240852772e-07,0.9999988112347711,7.479445040627495e-07
C17510,1.0,Installment-Focused,0.7235346164423188,0.0,0.276465383557681
C17511,0.0,High Risk,0.9999994502030499,0.0,5.497969504280528e-07
C17512,0.0,High Risk,1.6378748449134017e-10,0.9999994612676758,5.385685370207962e-07
C17513,1.0,Installment-Focused,5.100757071397046e-126,0.0,1.0
C17514,2.0,Low Engagement,1.8772046741435962e-16,0.9999997780093588,2.219906411722225e-07
C17515,1.0,Installment-Focused,0.9999984558813948,0.0,1.5441186050924524e-06
C17516,0.0,High Risk,0.005038318670067379,0.9949616354588967,4.587103547350246e-08
C17517,1.0,Installment-Focused,9.678050484783747e-08,0.9999996509011565,2.523183391041145e-07
C17518,1.0,Installment-Focused,6.679095322382663e-118,0.9999999203817419,7.96182582072867e-08
C17519,1.0,Installment-Focused,0.9985733566141608,0.0,0.0014266433858397707
C17521,0.0,High Risk,0.9999999595963399,0.0,4.040365978450792e-08
C17522,0.0,High Risk,0.9673136214678023,0.0,0.03268637853219725
C17523,0.0,High Risk,0.9999998586209611,0.0,1.4137903887308375e-07
C17524,0.0,High Risk,1.2381610999950674e-13,0.0,0.9999999999998757
C17525,2.0,Low Engagement,8.178901571561157e-119,4.511340294759756e-192,1.0
C17526,2.0,Low Engagement,0.9999998204309258,0.0,1.7956907382041553e-07
C17527,0.0,High Risk,0.9999992312164927,0.0,7.687835076873972e-07
C17528,0.0,High Risk,2.830778168002797e-122,0.9999999052955202,9.470447955748829e-08
C17529,1.0,Installment-Focused,2.2176098200933958e-141,0.9999999855305024,1.4469497065439969e-08
C17530,1.0,Installment-Focused,0.9999998990049777,0.0,1.0099502278999493e-07
C17531,0.0,High Risk,0.9999982827205224,0.0,1.7172794772297027e-06
C17532,0.0,High Risk,0.9999999802037227,0.0,1.979627687513482e-08
C17533,0.0,High Risk,0.19368107689630054,0.8063139768861135,4.946217585906128e-06
C17534,1.0,Installment-Focused,0.0002957569168431527,0.9997042393851717,3.6979853468623924e-09
C17535,1.0,Installment-Focused,0.9999741973764534,0.0,2.5802623545693928e-05
C17536,0.0,High Risk,0.999999520698727,0.0,4.793012729423316e-07
C17538,0.0,High Risk,2.4932809439254354e-07,0.9999996195189511,1.3115295486737556e-07
C17539,1.0,Installment-Focused,2.1338226400138258e-116,0.9999997236871598,2.7631284048050966e-07
C17540,1.0,Installment-Focused,2.035958992276778e-11,0.9999999533414983,4.6638142326261715e-08
C17541,1.0,Installment-Focused,0.9063070440467105,0.0,0.09369295595329122
C17542,0.0,High Risk,0.9999979831370424,0.0,2.016862957222772e-06
C17543,0.0,High Risk,6.520005312555022e-05,0.9999347886340069,1.1312867586498266e-08
C17544,1.0,Installment-Focused,0.0007241302696268919,0.9992756813014257,1.8842894735261314e-07
C17545,1.0,Installment-Focused,1.976109505551275e-158,0.9999999320242946,6.797570539669417e-08
C17546,1.0,Installment-Focused,0.0009770480643438502,0.9990229369534381,1.4982218103638767e-08
C17547,1.0,Installment-Focused,3.871533539311646e-25,0.9993587060105676,0.0006412939894328347
C17548,1.0,Installment-Focused,0.003339871057310659,0.9966600135244394,1.1541825005802978e-07
C17549,1.0,Installment-Focused,9.947438017318652e-06,0.0,0.999990052561981
C17550,2.0,Low Engagement,0.9999993884911711,0.0,6.11508829666448e-07
C17551,0.0,High Risk,1.3893802504811995e-05,0.9999859780686864,1.281288084282013e-07
C17553,1.0,Installment-Focused,4.242398165376727e-146,0.9999999476288344,5.2371165936827435e-08
C17554,1.0,Installment-Focused,0.0027763818794808003,0.9972235656474251,5.247309439114553e-08
C17555,1.0,Installment-Focused,0.00019376636955773,0.9998061890736379,4.455680438218418e-08
C17556,1.0,Installment-Focused,8.087489551844912e-29,4.492721029505298e-27,1.0
C17557,2.0,Low Engagement,0.004986736088951669,0.9950132610072983,2.9037498319925783e-09
C17558,1.0,Installment-Focused,0.9997709413779783,0.0,0.00022905862202158092
C17559,0.0,High Risk,0.001571710729832903,0.9984282878325642,1.4376024715179113e-09
C17560,1.0,Installment-Focused,0.999981815267419,7.734818066900941e-31,1.818473258117169e-05
C17561,0.0,High Risk,6.8502506157461524e-124,0.9999997963959201,2.0360407998987012e-07
C17562,1.0,Installment-Focused,0.9999960070169728,0.0,3.992983026378016e-06
C17563,0.0,High Risk,1.7801166073464134e-19,0.9999960534449813,3.946555018579233e-06
C17565,1.0,Installment-Focused,0.9999770368766673,2.885039098394475e-48,2.2963123333461953e-05
C17566,0.0,High Risk,4.756240308040939e-13,0.9999999516918282,4.830769642056955e-08
C17567,1.0,Installment-Focused,0.9999998995368268,0.0,1.0046317310526601e-07
C17568,0.0,High Risk,1.5336858702320672e-05,0.999984618972882,4.416841543290775e-08
C17569,1.0,Installment-Focused,0.0001606344317265011,0.9998391657072574,1.998610162963852e-07
C17570,1.0,Installment-Focused,0.000872849075809619,0.9991270548263089,9.609788130036742e-08
C17571,1.0,Installment-Focused,4.141653256606722e-31,0.9999999302287284,6.977127147370687e-08
C17572,1.0,Installment-Focused,0.0013734690217692344,0.9986265259650337,5.013196827806042e-09
C17573,1.0,Installment-Focused,1.822271973807124e-11,0.9999998799349,1.200468771359138e-07
C17574,1.0,Installment-Focused,1.441963972442812e-36,0.9999992567833447,7.432166561801514e-07
C17575,1.0,Installment-Focused,0.999999796378478,0.0,2.0362152201868053e-07
C17576,0.0,High Risk,0.0026082692654158966,0.9973916983359888,3.2398595387377116e-08
C17577,1.0,Installment-Focused,2.2239126017149124e-15,0.9999784729327095,2.1527067288630274e-05
C17578,1.0,Installment-Focused,0.9992436374702421,0.0,0.0007563625297574782
C17579,0.0,High Risk,0.00020418004920298342,0.999795745347403,7.460339418048371e-08
C17580,1.0,Installment-Focused,1.026904245766996e-15,0.0,1.0
C17581,2.0,Low Engagement,8.672583534028503e-10,0.0,0.99999999913274
C17582,2.0,Low Engagement,0.9999977163866267,1.1324029275373395e-275,2.28361337270445e-06
C17583,0.0,High Risk,1.1406507907622614e-08,0.9999995579399572,4.3065353501901723e-07
C17584,1.0,Installment-Focused,0.9999991710623578,0.0,8.289376422645828e-07
C17585,0.0,High Risk,7.668269612694931e-11,0.999998837824242,1.1620990748775567e-06
C17586,1.0,Installment-Focused,0.9999999660299684,0.0,3.397003174196099e-08
C17587,0.0,High Risk,1.193651928449012e-05,0.9999636548402208,2.4408640495097624e-05
C17588,1.0,Installment-Focused,1.1138768034198209e-10,0.9999997203600639,2.7952854872537105e-07
C17589,1.0,Installment-Focused,0.9999963611643691,0.0,3.6388356317057864e-06
C17590,0.0,High Risk,0.999998166606906,0.0,1.8333930943896502e-06
C17591,0.0,High Risk,1.4701857816710495e-37,0.9999901992283947,9.800771605701587e-06
C17593,1.0,Installment-Focused,0.0003302386693308045,0.9996697508289534,1.0501715725666153e-08
C17594,1.0,Installment-Focused,0.9999999417060711,0.0,5.829392875358393e-08
C17595,0.0,High Risk,0.9999997426047564,0.0,2.573952433377388e-07
C17596,0.0,High Risk,7.68997027276489e-79,0.9999998182862934,1.8171370702217795e-07
C17597,1.0,Installment-Focused,0.999999751684604,0.0,2.483153961458092e-07
C17598,0.0,High Risk,0.9999987054751548,0.0,1.2945248454529592e-06
C17599,0.0,High Risk,0.9999999168485488,0.0,8.315145119230938e-08
C17600,0.0,High Risk,2.3848077788725514e-130,0.9999998585107523,1.414892474723562e-07
C17601,1.0,Installment-Focused,0.9999901912733703,0.0,9.808726629805027e-06
C17602,0.0,High Risk,5.37436561938567e-07,0.008379556511935341,0.9916199060515035
C17603,2.0,Low Engagement,0.9998419939368847,0.0,0.0001580060631150972
C17604,0.0,High Risk,0.9999995118816437,0.0,4.881183561656164e-07
C17605,0.0,High Risk,7.139410178110465e-16,0.0,1.0
C17606,2.0,Low Engagement,0.9999998077921981,0.0,1.9220780185463397e-07
C17607,0.0,High Risk,0.0011759164822970577,0.9988240816872069,1.8304959967722453e-09
C17608,1.0,Installment-Focused,0.9999991085276733,0.0,8.914723263631384e-07
C17609,0.0,High Risk,6.1629994951087375e-111,0.9999997690275606,2.3097243944326874e-07
C17610,1.0,Installment-Focused,1.385239999834106e-121,0.0,1.0
C17611,2.0,Low Engagement,0.999999908817547,0.0,9.118245316170722e-08
C17612,0.0,High Risk,7.877636232174859e-119,0.9999999227701591,7.722984078129042e-08
C17613,1.0,Installment-Focused,1.7640248635668583e-16,0.0,1.0
C17614,2.0,Low Engagement,6.129498301272151e-09,0.0,0.9999999938705031
C17615,2.0,Low Engagement,9.909922494234799e-05,0.999900528849005,3.7192605258565483e-07
C17616,1.0,Installment-Focused,1.797689074875052e-06,0.0,0.9999982023109262
C17617,2.0,Low Engagement,2.0854686824619536e-10,0.9999997473732635,2.524181894921819e-07
C17618,1.0,Installment-Focused,3.0290945757397394e-97,0.0,1.0
C17619,2.0,Low Engagement,8.530559277371775e-15,0.9999990380360586,9.619639329470706e-07
C17620,1.0,Installment-Focused,0.0008383168452175204,0.9991616585938671,2.4560915483381235e-08
C17621,1.0,Installment-Focused,0.9999998067581695,0.0,1.9324183028546924e-07
C17622,0.0,High Risk,0.002231135911641316,1.1811046317583644e-305,0.9977688640883574
C17623,2.0,Low Engagement,0.0020855302968084007,0.9979142281319122,2.4157127959578047e-07
C17624,1.0,Installment-Focused,3.00810359853548e-116,0.9999996918986134,3.08101386516563e-07
C17625,1.0,Installment-Focused,1.1897737909857654e-12,0.9999998630969675,1.3690184212166964e-07
C17626,1.0,Installment-Focused,0.9999825100175529,0.0,1.7489982446244e-05
C17628,0.0,High Risk,1.78256639207363e-24,0.0,1.0
C17629,2.0,Low Engagement,0.999999994422474,0.0,5.5775254887088685e-09
C17630,0.0,High Risk,0.9999996436584868,0.0,3.563415129858094e-07
C17631,0.0,High Risk,2.06107734936546e-11,0.0,0.9999999999793907
C17632,2.0,Low Engagement,1.7308169181203396e-48,0.0,1.0
C17633,2.0,Low Engagement,1.142945000236297e-13,0.9999997349219751,2.6507791014264107e-07
C17634,1.0,Installment-Focused,0.9567250300724591,0.0,0.04327496992754181
C17635,0.0,High Risk,0.999999520558663,0.0,4.794413365913197e-07
C17636,0.0,High Risk,0.9999976783349233,0.0,2.3216650764460773e-06
C17637,0.0,High Risk,2.5832930260067068e-28,0.11891008383617484,0.8810899161638248
C17638,2.0,Low Engagement,5.9294389052948584e-06,5.79884955743051e-301,0.9999940705610942
C17639,2.0,Low Engagement,0.9999979376515625,0.0,2.062348436944195e-06
C17640,0.0,High Risk,4.7981440939482125e-130,0.9999999373430237,6.26569762545794e-08
C17641,1.0,Installment-Focused,5.185703620008964e-35,0.9999992868368363,7.131631636748567e-07
C17642,1.0,Installment-Focused,1.285564080458606e-107,0.034954874373315736,0.9650451256266854
C17643,2.0,Low Engagement,0.9999975524458055,0.0,2.44755419528015e-06
C17644,0.0,High Risk,0.9999975256340466,0.0,2.474365952892147e-06
C17645,0.0,High Risk,0.9999986881744121,0.0,1.3118255887198532e-06
C17646,0.0,High Risk,1.2267350093533001e-113,0.999998435837186,1.5641628142542897e-06
C17647,1.0,Installment-Focused,0.9999965627240404,0.0,3.437275959920683e-06
C17648,0.0,High Risk,8.781428960652728e-07,0.9999990898163199,3.204078386037881e-08
C17649,1.0,Installment-Focused,0.9999982490681488,0.0,1.7509318511820702e-06
C17650,0.0,High Risk,0.0037888392239511168,0.9962110173689684,1.4340708045935865e-07
C17651,1.0,Installment-Focused,3.745326791137821e-09,0.999998477251958,1.5190027148331654e-06
C17652,1.0,Installment-Focused,1.38064291116761e-43,0.0,1.0
C17653,2.0,Low Engagement,0.999998901467959,0.0,1.09853204051708e-06
C17654,0.0,High Risk,1.009450783908292e-39,0.9999993595852396,6.404147605939121e-07
C17655,1.0,Installment-Focused,4.449812620925109e-09,0.9999980495428608,1.9460073266934318e-06
C17656,1.0,Installment-Focused,0.009400404776939894,0.9905995919388383,3.284222240654046e-09
C17657,1.0,Installment-Focused,2.2254768456467823e-139,0.9999078413835252,9.215861647437096e-05
C17658,1.0,Installment-Focused,5.71497673686765e-32,0.9999998788538711,1.21146129023365e-07
C17659,1.0,Installment-Focused,0.9999996523974826,0.0,3.47602517185376e-07
C17660,0.0,High Risk,0.9999995228054532,0.0,4.771945472878255e-07
C17661,0.0,High Risk,2.7031525671886695e-10,0.9999998623779268,1.3735175779418788e-07
C17662,1.0,Installment-Focused,0.9999999478931634,0.0,5.2106837030877834e-08
C17663,0.0,High Risk,0.999998457727826,0.0,1.5422721747975219e-06
C17664,0.0,High Risk,2.4493871314349923e-09,0.0,0.9999999975506135
C17665,2.0,Low Engagement,5.494369117124433e-09,0.999999281625962,7.128796686070065e-07
C17666,1.0,Installment-Focused,0.9934535484529491,0.0,0.006546451547050245
C17667,0.0,High Risk,0.9999949720408111,0.0,5.027959188013162e-06
C17668,0.0,High Risk,0.00926533207803209,0.9907340974370219,5.704849465823572e-07
C17669,1.0,Installment-Focused,0.9999981475773045,0.0,1.852422694581615e-06
C17670,0.0,High Risk,0.9999994539205862,0.0,5.460794140493038e-07
C17671,0.0,High Risk,0.9999999186782931,0.0,8.132170721595551e-08
C17672,0.0,High Risk,7.670484107884604e-17,0.9999999399511479,6.004885210122469e-08
C17673,1.0,Installment-Focused,0.009439569349070701,0.990560428623583,2.0273466966538735e-09
C17674,1.0,Installment-Focused,0.001622054257576646,0.9983779272858915,1.8456532194911265e-08
C17675,1.0,Installment-Focused,4.795647751808681e-132,0.9999999531133137,4.688668676387423e-08
C17676,1.0,Installment-Focused,0.9999995791185687,0.0,4.2088143135988164e-07
C17677,0.0,High Risk,9.213875833660451e-13,0.9999999464344788,5.356459975467892e-08
C17678,1.0,Installment-Focused,0.9999999232229516,0.0,7.677704811877836e-08
C17679,0.0,High Risk,0.9999983338726242,0.0,1.6661273759857872e-06
C17680,0.0,High Risk,0.9999999148056339,0.0,8.519436591045089e-08
C17681,0.0,High Risk,5.491026789493035e-103,0.9999989860077648,1.0139922353027362e-06
C17682,1.0,Installment-Focused,0.0017914839122930822,0.998208496816745,1.9270961623953412e-08
C17683,1.0,Installment-Focused,1.322953970996659e-06,0.0,0.9999986770460307
C17684,2.0,Low Engagement,0.9580266546885653,0.0,0.041973345311433395
C17685,0.0,High Risk,0.9999998010289268,0.0,1.9897107355603818e-07
C17686,0.0,High Risk,6.251121855835697e-119,0.9999999406339501,5.936604974709656e-08
C17687,1.0,Installment-Focused,1.4067154459845508e-116,0.9999999313978917,6.860210791392233e-08
C17688,1.0,Installment-Focused,0.9999973325899929,0.0,2.6674100072137276e-06
C17689,0.0,High Risk,0.9999999302443141,0.0,6.975568555132223e-08
C17690,0.0,High Risk,0.9999854299495234,0.0,1.4570050477421235e-05
C17691,0.0,High Risk,0.9562173701916487,0.0,0.0437826298083508
C17692,0.0,High Risk,0.99635438227819,0.0,0.0036456177218106324
C17693,0.0,High Risk,0.9999993264930745,0.0,6.735069251246802e-07
C17694,0.0,High Risk,3.373223016975973e-08,0.9999963224869605,3.6437808089882147e-06
C17695,1.0,Installment-Focused,1.628185957429964e-08,0.005708594099017633,0.9942913896191217
C17696,2.0,Low Engagement,1.649404715479782e-17,0.9999991492966783,8.507033218119478e-07
C17697,1.0,Installment-Focused,0.9999999089936248,0.0,9.100637473946592e-08
C17698,0.0,High Risk,0.9999994446033483,0.0,5.553966522781093e-07
C17699,0.0,High Risk,0.0005960031191588569,0.9994039689002152,2.7980625956310574e-08
C17700,1.0,Installment-Focused,0.9160538509623641,2.7809737023991118e-34,0.08394614903763646
C17701,0.0,High Risk,0.005696070547770304,0.9943039251345925,4.317637224794695e-09
C17702,1.0,Installment-Focused,0.9999999026817962,0.0,9.731820407343291e-08
C17703,0.0,High Risk,2.9426629910779996e-20,0.9999999029977198,9.700228027531995e-08
C17704,1.0,Installment-Focused,0.9999976847413011,0.0,2.3152586992557572e-06
C17705,0.0,High Risk,0.9999705737615637,0.0,2.942623843587873e-05
C17706,0.0,High Risk,0.0005424776715272676,0.9994566288948441,8.934336287400271e-07
C17707,1.0,Installment-Focused,1.936069667619135e-18,0.999999270387003,7.29612997310582e-07
C17708,1.0,Installment-Focused,0.9999982230483098,0.0,1.7769516906228055e-06
C17709,0.0,High Risk,5.226302218550484e-09,0.9999993253607935,6.694129040933736e-07
C17710,1.0,Installment-Focused,1.7767549912600268e-129,0.9999997471062496,2.5289375055699794e-07
C17711,1.0,Installment-Focused,5.475667431605294e-55,0.9999996984911902,3.0150881000854283e-07
C17712,1.0,Installment-Focused,0.0004992224524176617,0.9995007749695214,2.57806104857985e-09
C17713,1.0,Installment-Focused,1.0101296125332317e-33,0.9888919605524549,0.01110803944754479
C17714,1.0,Installment-Focused,1.0853442497126638e-06,0.9999988930778698,2.157788079930726e-08
C17715,1.0,Installment-Focused,0.0004109901751559493,0.999589005614983,4.209860874502086e-09
C17716,1.0,Installment-Focused,2.3631326256291183e-109,1.1433014631363878e-37,1.0
C17717,2.0,Low Engagement,3.263964338820034e-40,0.9999999288894242,7.111057599620317e-08
C17718,1.0,Installment-Focused,3.9327096828042736e-08,0.9999995024333795,4.582395235795336e-07
C17719,1.0,Installment-Focused,0.9999987175259014,0.0,1.282474097680129e-06
C17720,0.0,High Risk,7.756805750907701e-05,0.9999222935989771,1.383435135629752e-07
C17721,1.0,Installment-Focused,0.007961707157021837,0.992038285731064,7.111914336152102e-09
C17722,1.0,Installment-Focused,0.9999888524798777,0.0,1.1147520122609897e-05
C17723,0.0,High Risk,0.0003299707242771135,0.9996700172644813,1.2011241527240437e-08
C17724,1.0,Installment-Focused,0.9999893747506825,2.2823913652388424e-277,1.0625249317466704e-05
C17726,0.0,High Risk,0.010268610906696682,0.9897312759716544,1.1312164853615079e-07
C17727,1.0,Installment-Focused,1.6686041747531737e-123,0.9999984692050835,1.5307949166227668e-06
C17728,1.0,Installment-Focused,0.9999998788591375,0.0,1.21140862597411e-07
C17729,0.0,High Risk,1.5867342878210911e-09,0.9999997891397174,2.0927354840312394e-07
C17730,1.0,Installment-Focused,2.6508811782107768e-101,0.9999999426052496,5.739475048957495e-08
C17731,1.0,Installment-Focused,0.9999999044960913,0.0,9.550390831732122e-08
C17732,0.0,High Risk,2.8195086457104373e-18,0.0,1.0
C17733,2.0,Low Engagement,0.0005222967476106966,0.9994777002425645,3.009824440452675e-09
C17734,1.0,Installment-Focused,0.9999998500627211,0.0,1.4993727850181589e-07
C17735,0.0,High Risk,3.9466031125539513e-13,0.9999995006034309,4.993961741349494e-07
C17736,1.0,Installment-Focused,0.003989222548132407,0.9960107731050455,4.346821845929602e-09
C17737,1.0,Installment-Focused,0.9999856099734952,0.0,1.4390026505472922e-05
C17738,0.0,High Risk,0.9999965392539302,0.0,3.4607460691985868e-06
C17739,0.0,High Risk,0.0003445157283061235,0.999655477963734,6.307959985545045e-09
C17740,1.0,Installment-Focused,1.698709302703586e-09,0.0,0.9999999983012913
C17741,2.0,Low Engagement,0.9999997884936925,0.0,2.115063070742251e-07
C17742,0.0,High Risk,0.9999988208693684,0.0,1.1791306317760348e-06
C17743,0.0,High Risk,1.0536580023540443e-29,0.999999529174272,4.708257275246924e-07
C17744,1.0,Installment-Focused,0.9999999258273623,0.0,7.417263728334018e-08
C17745,0.0,High Risk,0.012926244226783127,0.9870736613528034,9.442041334398149e-08
C17746,1.0,Installment-Focused,0.0011345159132285889,0.9988653392248572,1.4486191460424953e-07
C17747,1.0,Installment-Focused,0.002678697382251445,0.9973212881809762,1.443677276176579e-08
C17748,1.0,Installment-Focused,0.0010769540453493328,0.9989230389982774,6.956373006612196e-09
C17749,1.0,Installment-Focused,0.9999999167247394,0.0,8.32752609648659e-08
C17750,0.0,High Risk,3.8677385849955835e-152,0.0,1.0
C17751,2.0,Low Engagement,1.5022072792130542e-07,0.0,0.9999998497792724
C17752,2.0,Low Engagement,0.9999994376612822,0.0,5.623387182888081e-07
C17753,0.0,High Risk,0.9999995090632648,0.0,4.909367353003833e-07
C17754,0.0,High Risk,0.9999732938361222,0.0,2.6706163878440174e-05
C17755,0.0,High Risk,2.7635579824426417e-05,0.0,0.9999723644201763
C17756,2.0,Low Engagement,2.1714756064595794e-10,0.9999999864010851,1.3381767613571895e-08
C17757,1.0,Installment-Focused,1.5473931753355038e-10,0.9999993455938913,6.542513692405003e-07
C17758,1.0,Installment-Focused,0.9999994264527566,0.0,5.735472431048529e-07
C17759,0.0,High Risk,6.238310161618149e-20,0.999999836451368,1.6354863200788563e-07
C17760,1.0,Installment-Focused,1.2431741938846423e-22,0.9999998173151494,1.826848502320579e-07
C17761,1.0,Installment-Focused,0.9999992139848295,0.0,7.860151702072593e-07
C17762,0.0,High Risk,9.310680758603832e-13,2.391662669847809e-173,0.9999999999990692
C17763,2.0,Low Engagement,0.9984345365098295,0.0,0.0015654634901694578
C17764,0.0,High Risk,0.9999995975816339,0.0,4.024183663279858e-07
C17765,0.0,High Risk,0.9999999171571518,0.0,8.284284848935005e-08
C17767,0.0,High Risk,0.9999970541365334,0.0,2.945863466628789e-06
C17768,0.0,High Risk,6.45411300112592e-17,0.9999988819355126,1.1180644872011082e-06
C17769,1.0,Installment-Focused,0.9999995467194825,0.0,4.5328051704217193e-07
C17770,0.0,High Risk,0.0007212607626369946,0.9992787351846825,4.052680656468065e-09
C17771,1.0,Installment-Focused,0.9999994685637938,0.0,5.314362060460734e-07
C17772,0.0,High Risk,0.0026070841831844467,0.9973919474094393,9.684073762981797e-07
C17773,1.0,Installment-Focused,0.9999992090325984,0.0,7.909674014571119e-07
C17774,0.0,High Risk,0.0006686247481372207,0.9993312471732766,1.2807858571835e-07
C17776,1.0,Installment-Focused,0.00017061459420141705,0.9998293822552461,3.150552626997106e-09
C17777,1.0,Installment-Focused,0.999996198668583,0.0,3.801331417274405e-06
C17778,0.0,High Risk,2.2285522545794387e-32,0.9999997355690485,2.6443095120267847e-07
C17779,1.0,Installment-Focused,1.4783977830508005e-80,0.9999999055057147,9.449428453578596e-08
C17780,1.0,Installment-Focused,4.841476567642918e-181,0.9999999117406281,8.82593714956434e-08
C17781,1.0,Installment-Focused,0.0007893418899292699,0.9992106553534021,2.7566684038778633e-09
C17782,1.0,Installment-Focused,1.2816083221235427e-12,0.9999999166123156,8.33864028825592e-08
C17783,1.0,Installment-Focused,0.999998069362188,0.0,1.9306378118408947e-06
C17784,0.0,High Risk,4.175028125949713e-05,0.9999582381100016,1.1608739245665875e-08
C17785,1.0,Installment-Focused,1.612926015897451e-13,0.9999994161119518,5.838878869770237e-07
C17786,1.0,Installment-Focused,0.011688030861582443,0.9883117394787772,2.2965964078707945e-07
C17787,1.0,Installment-Focused,0.9994401225970266,0.0,0.0005598774029730695
C17788,0.0,High Risk,0.9999999390174806,0.0,6.09825194348577e-08
C17789,0.0,High Risk,0.9999999276895357,0.0,7.231046410908053e-08
C17790,0.0,High Risk,0.9999999608687301,0.0,3.913127031700532e-08
C17791,0.0,High Risk,0.001083776104432981,0.9989161856379,3.825766703732508e-08
C17792,1.0,Installment-Focused,2.8836704489684017e-82,0.9999998741609825,1.258390171460901e-07
C17793,1.0,Installment-Focused,0.015519836852939974,0.9844801513815674,1.1765492708864059e-08
C17794,1.0,Installment-Focused,0.9999997670862393,0.0,2.329137601947247e-07
C17795,0.0,High Risk,4.892774144334851e-101,0.0,1.0
C17796,2.0,Low Engagement,0.999132489274086,0.0,0.0008675107259141837
C17797,0.0,High Risk,0.9999964006704217,0.0,3.5993295784451827e-06
C17798,0.0,High Risk,0.9999995004801456,0.0,4.995198543440788e-07
C17799,0.0,High Risk,1.501004685999058e-22,0.9999998372355202,1.627644799432379e-07
C17800,1.0,Installment-Focused,1.9707280601084704e-139,0.9999998955299542,1.0447004596043003e-07
C17801,1.0,Installment-Focused,0.9999997084949345,0.0,2.915050656784033e-07
C17802,0.0,High Risk,0.999997141468782,0.0,2.858531217115163e-06
C17803,0.0,High Risk,0.9999961476033803,0.0,3.852396620000947e-06
C17804,0.0,High Risk,0.9999951164390984,0.0,4.88356090214827e-06
C17805,0.0,High Risk,0.9999999549591908,0.0,4.504080917941748e-08
C17806,0.0,High Risk,0.9999572587167336,0.0,4.274128326689941e-05
C17807,0.0,High Risk,9.968731230907529e-128,0.9999997625640347,2.3743596534443845e-07
C17808,1.0,Installment-Focused,0.9999998129771528,0.0,1.8702284735388544e-07
C17809,0.0,High Risk,1.5300155249230889e-121,4.510972982829139e-179,1.0
C17810,2.0,Low Engagement,8.754476674823103e-41,0.9999995745091929,4.2549080679438217e-07
C17811,1.0,Installment-Focused,0.0007405879127203972,0.9992593994161232,1.2671156349525199e-08
C17812,1.0,Installment-Focused,7.081550170861308e-85,0.9999392728415533,6.072715844656725e-05
C17813,1.0,Installment-Focused,0.9999994257133104,0.0,5.742866893793744e-07
C17814,0.0,High Risk,5.443925902966666e-119,0.9999978725249541,2.1274750457968314e-06
C17815,1.0,Installment-Focused,0.0004134769115297391,0.9995864979458744,2.5142595868087922e-08
C17816,1.0,Installment-Focused,0.9999998974704133,0.0,1.0252958667073737e-07
C17817,0.0,High Risk,0.9999965570779041,0.0,3.4429220952146647e-06
C17818,0.0,High Risk,3.105353744783539e-109,0.999999758677397,2.413226027505022e-07
C17819,1.0,Installment-Focused,3.951269936821576e-05,0.9999604761020624,1.1198569409860215e-08
C17820,1.0,Installment-Focused,0.9999995586232459,0.0,4.4137675440947804e-07
C17821,0.0,High Risk,0.04727498877531068,0.9527239472991039,1.0639255853388624e-06
C17822,1.0,Installment-Focused,0.9999987550548934,0.0,1.2449451068499665e-06
C17823,0.0,High Risk,2.0998954675814001e-16,0.0,1.0
C17824,2.0,Low Engagement,6.214809802901091e-07,0.0,0.999999378519019
C17825,2.0,Low Engagement,0.9999998801011653,0.0,1.1989883461307558e-07
C17826,0.0,High Risk,0.9999999455637593,0.0,5.4436241435885477e-08
C17827,0.0,High Risk,0.9999999269970647,0.0,7.300293499331155e-08
C17828,0.0,High Risk,0.9999998060699636,0.0,1.9393003619365938e-07
C17829,0.0,High Risk,0.9999988624013585,0.0,1.137598641086462e-06
C17830,0.0,High Risk,8.442346258425782e-27,0.9999998457297145,1.5427028558188828e-07
C17831,1.0,Installment-Focused,0.9999991352237716,0.0,8.64776228124947e-07
C17832,0.0,High Risk,0.9999966273110289,0.0,3.372688971362347e-06
C17833,0.0,High Risk,1.4415650548628512e-37,0.9999998669053882,1.3309461201588045e-07
C17834,1.0,Installment-Focused,1.363567876358958e-83,0.9999999153119603,8.468803922380321e-08
C17835,1.0,Installment-Focused,2.2234786129400408e-139,0.9999999133597071,8.66402929951464e-08
C17836,1.0,Installment-Focused,0.9999999823972213,0.0,1.7602778471731307e-08
C17837,0.0,High Risk,7.02803315390233e-154,0.9999997112296981,2.887703023854525e-07
C17838,1.0,Installment-Focused,0.9997828672917264,0.0,0.00021713270827358053
C17839,0.0,High Risk,0.9999938320051909,0.0,6.167994809097899e-06
C17840,0.0,High Risk,0.9999997170121616,0.0,2.829878386642179e-07
C17841,0.0,High Risk,3.709391421241458e-20,0.9999998230683614,1.7693163844705742e-07
C17842,1.0,Installment-Focused,0.903257478161479,0.0,0.09674252183851997
C17843,0.0,High Risk,2.9312309422432117e-76,0.9999998250702149,1.7492978515571555e-07
C17844,1.0,Installment-Focused,2.230739774170963e-88,0.9999999605906095,3.940938987097376e-08
C17845,1.0,Installment-Focused,0.017413454074893652,0.9825865415240688,4.401038383712019e-09
C17846,1.0,Installment-Focused,2.9598554503983424e-33,0.999999594160627,4.058393727091569e-07
C17847,1.0,Installment-Focused,0.9999999760737385,0.0,2.392626185272219e-08
C17848,0.0,High Risk,3.751832567287351e-23,5.720471538712578e-16,1.0
C17849,2.0,Low Engagement,2.786712488205515e-10,0.9999998756468809,1.2407444789729052e-07
C17850,1.0,Installment-Focused,0.9999943120388625,0.0,5.687961137094254e-06
C17851,0.0,High Risk,3.811616108448739e-06,0.9999954113214664,7.770624247344113e-07
C17852,1.0,Installment-Focused,9.841103093249725e-168,0.9999999821949787,1.7805021271431896e-08
C17853,1.0,Installment-Focused,0.9999994150120349,0.0,5.849879657896161e-07
C17854,0.0,High Risk,0.9999997527804968,0.0,2.472195036755219e-07
C17855,0.0,High Risk,0.9999991988462144,0.0,8.011537855513545e-07
C17856,0.0,High Risk,4.8731690414963365e-25,0.997317860279227,0.002682139720773102
C17857,1.0,Installment-Focused,7.069772255149633e-15,0.9999989408723144,1.05912767805147e-06
C17858,1.0,Installment-Focused,2.2193419261717993e-130,0.9999999265066553,7.34933445462424e-08
C17859,1.0,Installment-Focused,0.9999996742379904,0.0,3.257620098802944e-07
C17860,0.0,High Risk,6.247744523274162e-119,0.9999999470434991,5.295650098484847e-08
C17861,1.0,Installment-Focused,0.9999996057912548,0.0,3.9420874548553345e-07
C17862,0.0,High Risk,0.9999995075699712,0.0,4.924300290093368e-07
C17863,0.0,High Risk,1.6867782185830123e-51,0.0,1.0
C17864,2.0,Low Engagement,2.3111131826187291e-07,0.9999986809634644,1.0879252172461775e-06
C17865,1.0,Installment-Focused,7.484540756629254e-29,0.9999999024554803,9.75445195541025e-08
C17866,1.0,Installment-Focused,0.13863962788495218,0.8613390455288336,2.132658621376354e-05
C17867,1.0,Installment-Focused,4.52593621896851e-13,0.9999999101820829,8.981746432779401e-08
C17868,1.0,Installment-Focused,5.9436090847995944e-08,0.008981112224759204,0.9910188283391508
C17869,2.0,Low Engagement,2.9360181874927655e-26,0.196988014733707,0.8030119852662914
C17870,2.0,Low Engagement,4.221142914844851e-06,0.9999956825350174,9.632206763246212e-08
C17871,1.0,Installment-Focused,0.9999982803914481,0.0,1.7196085519378067e-06
C17872,0.0,High Risk,0.999999305689783,0.0,6.943102175662877e-07
C17873,0.0,High Risk,0.999999525519091,0.0,4.744809096989782e-07
C17874,0.0,High Risk,2.905640033376472e-14,0.0,0.9999999999999716
C17875,2.0,Low Engagement,0.9999635617339541,0.0,3.643826604624428e-05
C17876,0.0,High Risk,0.9999929127789041,0.0,7.0872210964486835e-06
C17877,0.0,High Risk,0.9999981590500563,0.0,1.8409499435562593e-06
C17878,0.0,High Risk,1.1229886781610393e-55,0.9999980750012939,1.924998706131008e-06
C17879,1.0,Installment-Focused,0.9999999315861935,0.0,6.841380674879283e-08
C17880,0.0,High Risk,0.9999996716638841,0.0,3.283361159702837e-07
C17881,0.0,High Risk,0.9999996701440079,0.0,3.2985599284930785e-07
C17882,0.0,High Risk,0.9999983406222751,0.0,1.6593777252759567e-06
C17883,0.0,High Risk,1.8738180513525875e-20,0.17384630959348488,0.8261536904065158
C17884,2.0,Low Engagement,0.004722923833099048,0.995277008407048,6.775985289441446e-08
C17885,1.0,Installment-Focused,1.025218864701462e-106,0.9999997812145773,2.187854226453967e-07
C17886,1.0,Installment-Focused,0.999983400500338,0.0,1.6599499661576923e-05
C17887,0.0,High Risk,0.9998081525315369,0.0,0.0001918474684622664
C17888,0.0,High Risk,0.9999993318636842,0.0,6.681363157434014e-07
C17889,0.0,High Risk,0.9999999501046476,0.0,4.989535253088813e-08
C17890,0.0,High Risk,0.9999999491141858,0.0,5.088581445955846e-08
C17891,0.0,High Risk,0.9999999033854376,0.0,9.661456275485252e-08
C17892,0.0,High Risk,1.7654016883481e-155,0.9999999056563071,9.434369283060729e-08
C17893,1.0,Installment-Focused,0.9999986341949346,0.0,1.3658050649837941e-06
C17894,0.0,High Risk,8.242490452484453e-05,0.9999174419185934,1.3317688199750421e-07
C17895,1.0,Installment-Focused,1.0892434661390755e-19,0.9999996254848913,3.745151090070508e-07
C17896,1.0,Installment-Focused,1.4051111324837374e-23,0.0,1.0
C17897,2.0,Low Engagement,1.8023893029827474e-06,0.9999981860851259,1.1525571147924971e-08
C17898,1.0,Installment-Focused,0.9999993411304672,0.0,6.588695329920042e-07
C17899,0.0,High Risk,2.1453368298784845e-96,0.9999977832879792,2.2167120210932496e-06
C17900,1.0,Installment-Focused,0.9999981504735584,0.0,1.849526441954445e-06
C17901,0.0,High Risk,0.9999980694489389,0.0,1.9305510615463905e-06
C17902,0.0,High Risk,1.6348078344228392e-20,0.9999996794972849,3.205027149738342e-07
C17903,1.0,Installment-Focused,2.514906836672934e-97,0.999980811214286,1.9188785713785067e-05
C17904,1.0,Installment-Focused,0.9999985617311711,0.0,1.4382688285090304e-06
C17905,0.0,High Risk,4.28054955314302e-10,0.9999968969565854,3.102615359394318e-06
C17906,1.0,Installment-Focused,4.676322278580272e-44,0.9999997263266042,2.736733954028085e-07
C17907,1.0,Installment-Focused,4.220977329661578e-09,0.9999929927969329,7.002982089850828e-06
C17908,1.0,Installment-Focused,0.0019204984445924242,0.9980794985085817,3.0468261119994276e-09
C17909,1.0,Installment-Focused,2.1489022651485495e-10,0.9999998538998813,1.458852284266917e-07
C17910,1.0,Installment-Focused,0.9999854016713369,0.0,1.4598328662559426e-05
C17911,0.0,High Risk,0.003447466228918233,0.9965524926858308,4.1085250714588004e-08
C17912,1.0,Installment-Focused,5.3635574372941165e-18,0.9999863337780545,1.366622194464585e-05
C17913,1.0,Installment-Focused,9.082985451569138e-21,0.9999989942629502,1.0057370500489823e-06
C17914,1.0,Installment-Focused,0.9999998095050907,0.0,1.9049490935689627e-07
C17915,0.0,High Risk,0.999999899336659,0.0,1.0066334071309968e-07
C17916,0.0,High Risk,1.7766285048353948e-07,0.9999998107727804,1.1564369099983885e-08
C17917,1.0,Installment-Focused,0.9999933581851898,0.0,6.641814810382575e-06
C17919,0.0,High Risk,1.0701758500084217e-12,0.0,0.9999999999989306
C17920,2.0,Low Engagement,0.9999998386623773,0.0,1.6133762226939985e-07
C17921,0.0,High Risk,2.394021117142642e-95,0.9999998924611568,1.0753884320937304e-07
C17922,1.0,Installment-Focused,5.756659613203255e-177,0.9999999897383045,1.0261694809661264e-08
C17923,1.0,Installment-Focused,0.001410117892613331,0.9985898658018773,1.6305510025917838e-08
C17924,1.0,Installment-Focused,1.5686137371010103e-10,0.9999998065431744,1.932999643470495e-07
C17925,1.0,Installment-Focused,0.9999998163859569,0.0,1.836140426821576e-07
C17926,0.0,High Risk,0.00035329065901454224,0.9996466864200116,2.292097391099461e-08
C17927,1.0,Installment-Focused,0.9967760330042061,0.0,0.0032239669957940917
C17928,0.0,High Risk,0.9991975208934756,0.0,0.0008024791065251463
C17929,0.0,High Risk,0.041603325455593726,0.0,0.9583966745444076
C17930,2.0,Low Engagement,0.9999994244037347,0.0,5.75596265185102e-07
C17931,0.0,High Risk,1.2483350379541313e-08,3.697324930651641e-40,0.9999999875166488
C17933,2.0,Low Engagement,0.9999995863220587,0.0,4.136779421568438e-07
C17934,0.0,High Risk,7.773893995909023e-108,0.9999994013258424,5.986741574511535e-07
C17935,1.0,Installment-Focused,0.0004256432440053397,0.0,0.999574356755996
C17937,2.0,Low Engagement,0.9999601905067553,1.1051825908218987e-26,3.980949324463457e-05
C17938,0.0,High Risk,3.517349233155251e-119,0.9999998555864236,1.4441357649474658e-07
C17939,1.0,Installment-Focused,0.9999996059590787,0.0,3.940409211346881e-07
C17940,0.0,High Risk,0.9999996893241313,0.0,3.1067586911325765e-07
C17941,0.0,High Risk,9.723756873549054e-41,0.9999998402717803,1.5972821973970846e-07
C17942,1.0,Installment-Focused,0.9996265068566953,0.0,0.00037349314330557907
C17943,0.0,High Risk,5.870823008946299e-134,0.9999998605685434,1.3943145627782875e-07
C17944,1.0,Installment-Focused,0.9999979301432446,0.0,2.0698567555166276e-06
C17945,0.0,High Risk,0.9999993688784345,0.0,6.311215654820196e-07
C17946,0.0,High Risk,8.150713825149862e-06,2.3261978300012474e-27,0.9999918492861746
C17947,2.0,Low Engagement,0.0009428432441870442,0.9990571517735156,4.982297347984538e-09
C17948,1.0,Installment-Focused,1.6948853021461995e-70,0.9999993251164131,6.748835858744993e-07
C17950,1.0,Installment-Focused,0.9999995323903753,0.0,4.676096243967565e-07
C17951,0.0,High Risk,1.5403541853670852e-120,0.9999998430381963,1.5696180409166345e-07
C17952,1.0,Installment-Focused,0.9999962515524174,0.0,3.7484475818314256e-06
C17953,0.0,High Risk,2.5784095699012936e-21,2.105577141484562e-301,1.0
C17954,2.0,Low Engagement,1.3836585120755275e-16,5.624016230973611e-183,1.0
C17955,2.0,Low Engagement,0.9999996382651576,0.0,3.617348423855043e-07
C17956,0.0,High Risk,1.5092731506747643e-07,0.9999994507575501,3.983151344109627e-07
C17957,1.0,Installment-Focused,0.9999991474453697,0.0,8.525546302069747e-07
C17958,0.0,High Risk,8.47221565552696e-10,0.9999995126522359,4.865005423171289e-07
C17959,1.0,Installment-Focused,0.9999999363579308,0.0,6.364206968189605e-08
C17960,0.0,High Risk,0.9999998614440926,0.0,1.3855590735542198e-07
C17962,0.0,High Risk,1.991443784035507e-116,1.346229186362117e-29,1.0
C17963,2.0,Low Engagement,0.9999917894985089,0.0,8.210501491055487e-06
C17964,0.0,High Risk,4.694281175720253e-12,0.9999991353469485,8.646483571540403e-07
C17965,1.0,Installment-Focused,0.999999199899276,0.0,8.001007242763187e-07
C17966,0.0,High Risk,0.9999999428383627,0.0,5.716163725952142e-08
C17967,0.0,High Risk,2.1672296278463688e-60,0.9999997664100906,2.335899102924129e-07
C17968,1.0,Installment-Focused,2.03580462208813e-99,0.9999998556962282,1.4430377144583532e-07
C17969,1.0,Installment-Focused,0.9999988860210008,2.9377613045025356e-271,1.113978999689918e-06
C17970,0.0,High Risk,0.01595640642471092,0.9840400784353284,3.5151399614036515e-06
C17971,1.0,Installment-Focused,0.00018279788535283697,0.9998171977849916,4.3296553970374476e-09
C17972,1.0,Installment-Focused,1.0714746487984314e-151,0.9999997840830528,2.1591694763103492e-07
C17973,1.0,Installment-Focused,8.4825616117894e-05,0.4986870082764008,0.5012281661074808
C17974,2.0,Low Engagement,0.9999996458372428,0.0,3.541627568796479e-07
C17975,0.0,High Risk,0.0013791256118314773,0.9986208340194539,4.0368714598340584e-08
C17976,1.0,Installment-Focused,0.0010935204804971553,0.998906468984443,1.0535059514119064e-08
C17977,1.0,Installment-Focused,0.9999998748506104,0.0,1.2514938943259191e-07
C17978,0.0,High Risk,0.00535209039456846,0.9946476791791083,2.30426323300241e-07
C17979,1.0,Installment-Focused,2.1130374446021155e-24,0.9999901544096963,9.845590302957238e-06
C17980,1.0,Installment-Focused,4.678942389306006e-08,0.9998968810702064,0.00010307214036896441
C17981,1.0,Installment-Focused,0.9999998126357335,0.0,1.8736426728197864e-07
C17982,0.0,High Risk,0.9999956494232383,0.0,4.350576760841387e-06
C17983,0.0,High Risk,0.9999999063404061,0.0,9.36595938326562e-08
C17984,0.0,High Risk,0.9999996290157527,0.0,3.7098424695846384e-07
C17985,0.0,High Risk,0.17885636399018318,0.0,0.8211436360098158
C17986,2.0,Low Engagement,0.9999999064997399,0.0,9.350026016770258e-08
C17988,0.0,High Risk,4.964536077688345e-58,0.9999999280481003,7.195189988454241e-08
C17989,1.0,Installment-Focused,3.434530877012347e-26,5.3594143077219427e-05,0.9999464058569218
C17990,2.0,Low Engagement,0.9999999293258337,0.0,7.067416600996878e-08
C17991,0.0,High Risk,8.84395755590687e-24,0.9999998956728341,1.0432716599104188e-07
C17992,1.0,Installment-Focused,2.613310027626979e-170,0.9999999905087211,9.49127851488249e-09
C17993,1.0,Installment-Focused,0.9999972953029108,0.0,2.704697089476157e-06
C17994,0.0,High Risk,0.9999999091376118,0.0,9.086238787084356e-08
C17995,0.0,High Risk,3.829750621587658e-10,0.9999999282887221,7.132830272925564e-08
C17996,1.0,Installment-Focused,0.9999994134652518,0.0,5.865347477632364e-07
C17997,0.0,High Risk,0.0004756899114267506,0.9995243047618171,5.326756089295584e-09
C17998,1.0,Installment-Focused,1.760102399912208e-30,3.0425785146825516e-05,0.999969574214853
C17999,2.0,Low Engagement,2.2643704357031977e-08,0.9999998862007244,9.115557133511411e-08
C18000,1.0,Installment-Focused,4.96029587620759e-15,0.9985017285180269,0.0014982714819678237
C18001,1.0,Installment-Focused,8.119524507269917e-13,0.9999998167272873,1.8327190098940006e-07
C18002,1.0,Installment-Focused,0.9999981178127676,0.0,1.8821872320209463e-06
C18003,0.0,High Risk,1.3283702092411707e-06,0.9999984965238604,1.751059305985499e-07
C18004,1.0,Installment-Focused,3.1071669107958424e-19,0.9999999341804928,6.581950701895779e-08
C18005,1.0,Installment-Focused,2.3441973703511817e-113,0.9999999198656037,8.013439600626967e-08
C18006,1.0,Installment-Focused,0.9999995329819693,0.0,4.670180305770739e-07
C18007,0.0,High Risk,6.124246583346785e-116,0.999999835043979,1.6495602099768414e-07
C18008,1.0,Installment-Focused,1.6381321580765348e-98,0.9999996594756262,3.405243739175791e-07
C18009,1.0,Installment-Focused,0.99999994124805,0.0,5.875195006307173e-08
C18010,0.0,High Risk,0.0006385939740640049,0.9993613634227925,4.260314369934644e-08
C18011,1.0,Installment-Focused,5.833435350718715e-05,0.9999219693342076,1.969631228566115e-05
C18012,1.0,Installment-Focused,3.963157786011871e-10,2.228746779941243e-283,0.9999999996036841
C18013,2.0,Low Engagement,0.009283580714134713,0.9907163957423246,2.354354104294485e-08
C18014,1.0,Installment-Focused,0.999755201004014,0.0,0.00024479899598644947
C18015,0.0,High Risk,5.140309882869785e-07,0.9999980784781628,1.4074908496869778e-06
C18016,1.0,Installment-Focused,0.9999985110138142,0.0,1.4889861858711495e-06
C18017,0.0,High Risk,2.6060033059230256e-15,0.0,0.9999999999999964
C18018,2.0,Low Engagement,0.9999980334121201,0.0,1.9665878805206026e-06
C18019,0.0,High Risk,0.9999921846349383,0.0,7.815365061367324e-06
C18020,0.0,High Risk,0.9577475818893518,0.0,0.04225241811064751
C18021,0.0,High Risk,1.3413424180073916e-93,0.9999999300379245,6.996207516274791e-08
C18022,1.0,Installment-Focused,0.999999152799548,0.0,8.472004519431967e-07
C18023,0.0,High Risk,0.999997495698548,0.0,2.504301452204809e-06
C18024,0.0,High Risk,0.00027167604627225875,0.9997283086869526,1.5266775243514344e-08
C18025,1.0,Installment-Focused,0.9995559160464532,0.0,0.0004440839535473215
C18026,0.0,High Risk,0.0008080840184968431,5.214477175371622e-30,0.9991919159815038
C18027,2.0,Low Engagement,1.8617453299338919e-122,0.9999999679841262,3.201587349248219e-08
C18028,1.0,Installment-Focused,0.0005873304534465868,0.9994126634816766,6.0648767741611454e-09
C18029,1.0,Installment-Focused,0.00017270046905819107,0.9998272913909736,8.139968127079147e-09
C18031,1.0,Installment-Focused,4.375150429042537e-123,0.9999999756496368,2.4350363589823574e-08
C18032,1.0,Installment-Focused,1.0999232681595155e-122,0.9999995706160634,4.293839367634172e-07
C18033,1.0,Installment-Focused,0.999999748388222,0.0,2.516117779052362e-07
C18034,0.0,High Risk,0.001481005818933333,0.998518882394438,1.1178662908649687e-07
C18035,1.0,Installment-Focused,2.4058008928362237e-45,0.9999998980867176,1.0191328229302168e-07
C18036,1.0,Installment-Focused,0.9999993663581126,0.0,6.336418879879805e-07
C18037,0.0,High Risk,7.760091481898386e-119,0.9999997439735874,2.5602641253117034e-07
C18038,1.0,Installment-Focused,0.9999988267681886,0.0,1.1732318117202636e-06
C18039,0.0,High Risk,4.302748817073749e-34,0.9997994953025441,0.00020050469745634165
C18040,1.0,Installment-Focused,0.9999994901614219,0.0,5.098385780580199e-07
C18041,0.0,High Risk,4.51325570372389e-122,0.9999997237155158,2.7628448413336793e-07
C18042,1.0,Installment-Focused,0.9999996063454788,0.0,3.936545214157468e-07
C18043,0.0,High Risk,1.0647403876975497e-24,1.695378849381956e-24,1.0
C18044,2.0,Low Engagement,2.778604447374802e-107,0.9999996094427742,3.905572260494828e-07
C18045,1.0,Installment-Focused,2.2951874911039213e-07,0.9999705353878295,2.9235093421470108e-05
C18046,1.0,Installment-Focused,5.472837140242097e-49,0.9998773914011924,0.0001226085988062038
C18047,1.0,Installment-Focused,0.009669849207912173,0.9903301361805162,1.4611571751049008e-08
C18048,1.0,Installment-Focused,0.9999995348596344,0.0,4.6514036519154993e-07
C18049,0.0,High Risk,2.6073911462180414e-18,0.0,1.0
C18050,2.0,Low Engagement,0.9999997721116316,0.0,2.2788836797158352e-07
C18051,0.0,High Risk,0.9999988305338742,0.0,1.1694661258007706e-06
C18052,0.0,High Risk,0.9999996998493186,0.0,3.0015068155905713e-07
C18053,0.0,High Risk,0.9999976582527071,0.0,2.341747292533212e-06
C18054,0.0,High Risk,0.9999981729069314,0.0,1.8270930681730966e-06
C18055,0.0,High Risk,2.3445250905753554e-14,0.9996652689642301,0.00033473103574596403
C18056,1.0,Installment-Focused,7.338143287155156e-147,0.9999999752260859,2.4773914208913827e-08
C18057,1.0,Installment-Focused,0.9993632546010381,0.0,0.0006367453989621186
C18058,0.0,High Risk,1.5991589288665203e-07,0.9999966641487466,3.1759353604471715e-06
C18059,1.0,Installment-Focused,0.0011411058160139419,0.9988588637519009,3.0432085571366705e-08
C18060,1.0,Installment-Focused,0.020369197385444366,0.9795975704273109,3.3232187244257476e-05
C18061,1.0,Installment-Focused,0.9999999701674,0.0,2.9832599599853726e-08
C18062,0.0,High Risk,1.6082137916247066e-133,0.9999998890714393,1.1092856027463309e-07
C18063,1.0,Installment-Focused,0.0034604599570608207,0.9965395389928471,1.0500917459527308e-09
C18064,1.0,Installment-Focused,0.9999997214026244,0.0,2.7859737528570207e-07
C18065,0.0,High Risk,7.663827309574084e-15,0.9999994634913829,5.365086093334514e-07
C18066,1.0,Installment-Focused,8.72994696388865e-06,0.9999912518234605,1.822957563356383e-08
C18067,1.0,Installment-Focused,2.2469298409415774e-122,1.068397221289421e-43,1.0
C18068,2.0,Low Engagement,0.9999999268123245,0.0,7.318767552278652e-08
C18069,0.0,High Risk,0.9999990337406569,8.908782398825725e-37,9.662593434157972e-07
C18070,0.0,High Risk,0.9999998396914154,0.0,1.6030858449442923e-07
C18071,0.0,High Risk,0.9999731751552033,0.0,2.6824844797411445e-05
C18072,0.0,High Risk,0.9999995175405827,0.0,4.824594167774026e-07
C18073,0.0,High Risk,0.9937637996540153,0.0,0.006236200345983895
C18074,0.0,High Risk,3.314733116043654e-16,0.0,1.0
C18075,2.0,Low Engagement,0.9999999529786721,0.0,4.7021327886483166e-08
C18076,0.0,High Risk,2.4527251014696504e-26,0.9999995789323248,4.2106767537325087e-07
C18077,1.0,Installment-Focused,6.36720919651781e-119,0.9999999584723689,4.1527631563158535e-08
C18078,1.0,Installment-Focused,2.1712096505011147e-45,0.9999999009014418,9.90985581701904e-08
C18079,1.0,Installment-Focused,0.005610876476594877,0.9943891220091136,1.5142917726347998e-09
C18080,1.0,Installment-Focused,1.9508453314261303e-07,0.9999791989706744,2.0605944792885166e-05
C18081,1.0,Installment-Focused,0.9999983722495923,0.0,1.627750407386219e-06
C18082,0.0,High Risk,0.9999999365547281,0.0,6.344527202248292e-08
C18083,0.0,High Risk,0.0003775365675204823,0.9996224572327467,6.19973295308273e-09
C18084,1.0,Installment-Focused,0.9999989112272635,0.0,1.088772737143997e-06
C18085,0.0,High Risk,0.9986616388459059,0.0,0.00133836115409447
C18086,0.0,High Risk,0.9999981194115009,0.0,1.880588499286215e-06
C18088,0.0,High Risk,0.9999987527078493,0.0,1.2472921503685947e-06
C18089,0.0,High Risk,5.108384543682642e-29,0.0007585966177758006,0.9992414033822251
C18090,2.0,Low Engagement,0.9999999068307347,0.0,9.316926452754687e-08
C18091,0.0,High Risk,1.4939247258269437e-35,0.9999940368999967,5.963100002785546e-06
C18092,1.0,Installment-Focused,1.2665197245354122e-26,0.9997439456100622,0.0002560543899374679
C18093,1.0,Installment-Focused,0.001604388276418388,0.9983956051436605,6.57992067709536e-09
C18094,1.0,Installment-Focused,0.999888912534246,0.0,0.00011108746575377176
C18095,0.0,High Risk,0.0027256997615461485,0.9972741060270375,1.9421141622753898e-07
C18096,1.0,Installment-Focused,0.9999936700470866,0.0,6.3299529125686274e-06
C18097,0.0,High Risk,0.00032751043956899317,0.9996724556414511,3.391898024783548e-08
C18098,1.0,Installment-Focused,0.00128114436561447,0.9987188383523132,1.7282072436948972e-08
C18099,1.0,Installment-Focused,7.366871210756409e-09,0.9999998296475278,1.6298560139769003e-07
C18100,1.0,Installment-Focused,3.1567273543089417e-27,0.9999968783618021,3.12163819789934e-06
C18101,1.0,Installment-Focused,0.0001405482367539276,0.9998593221161584,1.2964708810893275e-07
C18102,1.0,Installment-Focused,6.241259834236292e-105,0.99999984847783,1.5152217028778252e-07
C18103,1.0,Installment-Focused,0.00028419321081564946,0.9997157352966627,7.149252183847261e-08
C18104,1.0,Installment-Focused,0.9999999831145764,0.0,1.6885423825416625e-08
C18105,0.0,High Risk,3.168610773369711e-80,0.9999997821781708,2.178218296135373e-07
C18106,1.0,Installment-Focused,1.335124131789347e-22,0.016917969225528396,0.9830820307744726
C18107,2.0,Low Engagement,0.9999986359017483,0.0,1.3640982519603934e-06
C18108,0.0,High Risk,7.977887072729292e-09,0.9999998974618171,9.45602959999637e-08
C18109,1.0,Installment-Focused,1.0735759495803556e-97,0.9999998899452488,1.1005475088893568e-07
C18110,1.0,Installment-Focused,0.9999996958142338,0.0,3.041857663862685e-07
C18111,0.0,High Risk,0.0008096154631789524,0.9991903462284561,3.8308364956392635e-08
C18112,1.0,Installment-Focused,4.464156392268928e-06,0.9999954322675939,1.035760137691142e-07
C18113,1.0,Installment-Focused,0.0031825707252988262,0.9968174030282835,2.6246417272907328e-08
C18114,1.0,Installment-Focused,0.9999997996966267,0.0,2.003033730800439e-07
C18115,0.0,High Risk,9.344951324208495e-06,0.999990625857911,2.919076476082188e-08
C18116,1.0,Installment-Focused,1.7979422721505302e-08,0.9999622834567848,3.769856379299571e-05
C18117,1.0,Installment-Focused,0.9999965175297352,0.0,3.4824702642943777e-06
C18118,0.0,High Risk,1.4305545282083128e-07,0.9999997430822402,1.1386230713479218e-07
C18119,1.0,Installment-Focused,3.1140601801430416e-08,0.0,0.9999999688593992
C18120,2.0,Low Engagement,1.4090061836410765e-20,0.9999889705520358,1.1029447965019321e-05
C18121,1.0,Installment-Focused,1.1019570728127464e-26,0.9999975796992088,2.420300791244861e-06
C18122,1.0,Installment-Focused,0.9999997477824676,0.0,2.522175323541325e-07
C18123,0.0,High Risk,2.2615848244570464e-17,0.9999998985799576,1.0142004218667759e-07
C18124,1.0,Installment-Focused,2.905664508389132e-85,0.9999998398557151,1.6014428510936612e-07
C18125,1.0,Installment-Focused,1.258792854209364e-115,0.9999995255321295,4.7446787070213715e-07
C18126,1.0,Installment-Focused,0.9999971635288241,0.0,2.836471175284322e-06
C18127,0.0,High Risk,0.00023473237286345273,0.9997652596889657,7.938171239250105e-09
C18128,1.0,Installment-Focused,6.267584546386084e-79,0.9999991721532513,8.278467486920179e-07
C18129,1.0,Installment-Focused,3.920656344558072e-142,0.9999999366708636,6.332913629722026e-08
C18130,1.0,Installment-Focused,8.135128952483534e-05,0.9999183968134131,2.5189706223640717e-07
C18131,1.0,Installment-Focused,0.9999999539657065,0.0,4.603429354077465e-08
C18132,0.0,High Risk,1.8606496507961158e-28,2.037263925840779e-15,0.9999999999999964
C18134,2.0,Low Engagement,0.999999223112926,0.0,7.768870743874357e-07
C18135,0.0,High Risk,4.573470544766982e-19,0.9999998558713699,1.441286300211812e-07
C18136,1.0,Installment-Focused,0.9999985306978484,0.0,1.4693021514499694e-06
C18137,0.0,High Risk,3.00320226328593e-105,9.705669294581728e-190,1.0
C18138,2.0,Low Engagement,0.9999998980376635,0.0,1.0196233678792386e-07
C18139,0.0,High Risk,6.38812234282028e-17,0.9999984663512934,1.5336487068599867e-06
C18140,1.0,Installment-Focused,8.331052134204118e-05,0.999916642117664,4.7360993925583895e-08
C18141,1.0,Installment-Focused,9.821630801391744e-11,0.04658013736301671,0.9534198625387662
C18142,2.0,Low Engagement,9.135537688822634e-09,0.9999999424967626,4.836769950917831e-08
C18143,1.0,Installment-Focused,1.938149332925145e-84,0.9999998510799495,1.4892005073996577e-07
C18144,1.0,Installment-Focused,0.00205007932263752,0.9979498696872205,5.099014183694145e-08
C18145,1.0,Installment-Focused,0.0024704115479760366,0.9975295852342079,3.217816247624361e-09
C18146,1.0,Installment-Focused,0.9999408276351726,0.0,5.9172364826867496e-05
C18147,0.0,High Risk,8.749154028411565e-26,3.5809868282320835e-05,0.9999641901317189
C18148,2.0,Low Engagement,2.75739140399772e-16,0.9999998375226292,1.62477370305123e-07
C18149,1.0,Installment-Focused,1.9595737950178383e-150,0.9999998775685586,1.224314411349046e-07
C18150,1.0,Installment-Focused,0.9999992609172277,0.0,7.390827719192522e-07
C18151,0.0,High Risk,0.0015877281813086615,0.9984122675445317,4.274159975434555e-09
C18152,1.0,Installment-Focused,2.4058190065634647e-19,0.9999975969633084,2.4030366920210905e-06
C18153,1.0,Installment-Focused,5.889072843136235e-16,0.0,1.0
C18154,2.0,Low Engagement,0.9999673889349622,2.6321372384057046e-182,3.2611065036975456e-05
C18155,0.0,High Risk,0.0007221443095198471,0.9992778470796648,8.610814909215349e-09
C18156,1.0,Installment-Focused,7.281031770646795e-05,0.9999271796155572,1.00667359500284e-08
C18157,1.0,Installment-Focused,2.2494823224604672e-26,0.9999996553031901,3.4469680984177327e-07
C18158,1.0,Installment-Focused,2.3096805005638372e-98,1.5770116605355285e-191,1.0
C18159,2.0,Low Engagement,0.9999997332322739,0.0,2.667677259454782e-07
C18160,0.0,High Risk,8.337602552606526e-38,0.9999994787689337,5.212310665095781e-07
C18161,1.0,Installment-Focused,6.379225468607435e-14,0.9999994494233159,5.505766202176637e-07
C18162,1.0,Installment-Focused,0.00028297619877980663,0.9997169551177442,6.868347574955357e-08
C18163,1.0,Installment-Focused,3.3613077929210164e-20,0.9999945001798444,5.499820155471119e-06
C18164,1.0,Installment-Focused,3.619862352599812e-108,0.999999737464323,2.625356773530527e-07
C18165,1.0,Installment-Focused,0.9999852777832361,0.0,1.4722216763415045e-05
C18166,0.0,High Risk,2.6850250567236896e-21,2.4022872216491227e-15,0.9999999999999964
C18167,2.0,Low Engagement,0.005478283516298934,0.9945210584344346,6.580492661955696e-07
C18168,1.0,Installment-Focused,1.832759452951486e-109,0.9999998053408191,1.9465918088359599e-07
C18169,1.0,Installment-Focused,1.4659177724668096e-07,0.9999955540318096,4.299376413072268e-06
C18170,1.0,Installment-Focused,1.1943498032490304e-07,0.0,0.9999998805650208
C18171,2.0,Low Engagement,0.9999998576238797,0.0,1.423761205048314e-07
C18172,0.0,High Risk,0.9999998848887457,0.0,1.1511125393447823e-07
C18173,0.0,High Risk,2.3162825026077608e-21,0.9999998833965084,1.166034915925667e-07
C18174,1.0,Installment-Focused,0.9999996355743901,0.0,3.6442560945998187e-07
C18175,0.0,High Risk,2.9713046724787984e-28,0.00017236742515315374,0.9998276325748485
C18176,2.0,Low Engagement,0.999999529975906,0.0,4.700240933391265e-07
C18177,0.0,High Risk,0.9999991323606146,0.0,8.676393853899777e-07
C18179,0.0,High Risk,0.00015925024917097885,0.0,0.9998407497508275
C18180,2.0,Low Engagement,2.815168101105476e-106,0.9999998601698357,1.398301641916828e-07
C18181,1.0,Installment-Focused,0.9999998544079113,0.0,1.455920890294457e-07
C18182,0.0,High Risk,1.0601485345655295e-09,0.0,0.9999999989398525
C18183,2.0,Low Engagement,2.4323163214398724e-93,0.9999998033162381,1.9668376184990984e-07
C18184,1.0,Installment-Focused,2.4223683640770915e-70,0.9999985541869101,1.445813090203412e-06
C18185,1.0,Installment-Focused,1.749620653281397e-07,0.999999809922896,1.511503841953687e-08
C18186,1.0,Installment-Focused,2.497708819897724e-08,0.9570323048310319,0.04296767019188038
C18187,1.0,Installment-Focused,5.376682292092344e-24,0.9999979276208026,2.0723791975236003e-06
C18188,1.0,Installment-Focused,1.319666074561233e-36,0.9999999126971304,8.730286913542643e-08
C18189,1.0,Installment-Focused,2.8998512496358634e-19,0.9999298994239667,7.010057603304002e-05
C18190,1.0,Installment-Focused,5.095313905909337e-91,0.0,1.0
C18191,2.0,Low Engagement,1.626695994572696e-22,0.9999991852481507,8.14751849611247e-07
C18192,1.0,Installment-Focused,3.637095792166641e-39,0.9999997375533238,2.62446676117116e-07
C18193,1.0,Installment-Focused,8.927594139399e-50,0.999999763341513,2.3665848659726026e-07
C18194,1.0,Installment-Focused,0.0022587078109595864,0.9977412854267306,6.762309895998717e-09
C18195,1.0,Installment-Focused,2.838960907613313e-07,0.9999996166205036,9.948340545300721e-08
C18196,1.0,Installment-Focused,3.049499156289033e-05,0.9999694506028792,5.440555808349498e-08
C18197,1.0,Installment-Focused,0.9999997929886898,0.0,2.0701131017043546e-07
C18198,0.0,High Risk,1.1554767864501872e-14,2.3197690035098503e-38,0.9999999999999893
C18199,2.0,Low Engagement,0.001136197728256137,0.9988637892359007,1.3035843190401019e-08
C18200,1.0,Installment-Focused,0.9999938359507375,0.0,6.164049262759866e-06
C18201,0.0,High Risk,1.2782166560493997e-132,0.9999999308118743,6.918812562098126e-08
C18202,1.0,Installment-Focused,0.9999987485297283,0.0,1.2514702718226984e-06
C18203,0.0,High Risk,5.3348389619000233e-14,0.9999999051445513,9.485539539314054e-08
C18204,1.0,Installment-Focused,9.056828959863003e-33,0.001761413186457851,0.9982385868135429
C18205,2.0,Low Engagement,7.213120340743516e-12,0.9999996627406968,3.372520897787358e-07
C18206,1.0,Installment-Focused,0.9999968633009686,0.0,3.13669903207036e-06
C18207,0.0,High Risk,4.1949206326869005e-27,0.999999787346662,2.1265333839586283e-07
C18208,1.0,Installment-Focused,1.7993223282944232e-27,0.9999996507993357,3.4920066466939257e-07
C18209,1.0,Installment-Focused,3.199581345614202e-06,0.9999967670829116,3.333574258951748e-08
C18210,1.0,Installment-Focused,0.9999984269148597,0.0,1.5730851407995935e-06
C18211,0.0,High Risk,2.0000666133647837e-05,0.9999799668382477,3.249561883775063e-08
C18212,1.0,Installment-Focused,0.9999998273064612,0.0,1.726935386145076e-07
C18214,0.0,High Risk,0.9999992192477657,0.0,7.807522343692586e-07
C18215,0.0,High Risk,0.9999986984633328,0.0,1.3015366667113677e-06
C18216,0.0,High Risk,2.8402054425487596e-31,0.00020434981107671018,0.9997956501889248
C18217,2.0,Low Engagement,3.915654029282613e-106,0.0,1.0
C18218,2.0,Low Engagement,0.9999897485207349,0.0,1.025147926597649e-05
C18219,0.0,High Risk,3.2642922654865294e-21,0.9999997143997205,2.856002795920767e-07
C18220,1.0,Installment-Focused,2.563703997134573e-108,0.9999999304671838,6.95328162989891e-08
C18221,1.0,Installment-Focused,2.9976846865568406e-127,0.9999999446648935,5.533510666350248e-08
C18222,1.0,Installment-Focused,2.31993438336062e-08,0.9999996228876356,3.539130211138189e-07
C18223,1.0,Installment-Focused,0.9999337050047263,0.0,6.629499527389433e-05
C18224,0.0,High Risk,7.73615524496796e-28,0.9969471875743475,0.0030528124256519002
C18225,1.0,Installment-Focused,0.002286223681047565,0.9977137753550096,9.63942459211665e-10
C18226,1.0,Installment-Focused,2.31430139890864e-22,0.9999994478629898,5.521370106506736e-07
C18227,1.0,Installment-Focused,2.265169259628153e-07,0.9999992766428112,4.968402624753361e-07
C18228,1.0,Installment-Focused,0.9999990092085712,0.0,9.907914285069066e-07
C18229,0.0,High Risk,3.0783451937772777e-30,0.9999978028996312,2.197100368234714e-06
C18230,1.0,Installment-Focused,1.1012917485531813e-09,0.0034091188735478864,0.9965908800251605
C18231,2.0,Low Engagement,0.0003528387225611266,0.9996470954362537,6.584118519535633e-08
C18232,1.0,Installment-Focused,4.003632425600237e-96,0.9999998787110267,1.212889731445214e-07
C18233,1.0,Installment-Focused,6.9152425124483115e-37,0.9999982892089007,1.710791099587501e-06
C18234,1.0,Installment-Focused,0.9998621469268814,0.0,0.00013785307311842596
C18235,0.0,High Risk,0.9999921402975595,0.0,7.859702441345452e-06
C18236,0.0,High Risk,4.4594542818682445e-10,0.9999993059290226,6.936250320341782e-07
C18237,1.0,Installment-Focused,0.999864276867988,0.0,0.00013572313201253703
C18238,0.0,High Risk,2.634153750774232e-28,0.9999995462233214,4.537766783042255e-07
C18239,1.0,Installment-Focused,1.6958711524103301e-25,3.115638134735202e-05,0.9999688436186515
C18240,2.0,Low Engagement,0.0005802196831915817,0.9994176958101039,2.0845067051291367e-06
C18241,1.0,Installment-Focused,3.859192497077177e-09,0.9999996272803424,3.688604652354809e-07
C18242,1.0,Installment-Focused,3.1117416878737067e-15,0.999378274763572,0.0006217252364257862
C18243,1.0,Installment-Focused,0.9999980611319119,0.0,1.9388680884996745e-06
C18244,0.0,High Risk,0.9999976209627148,0.0,2.379037285447495e-06
C18245,0.0,High Risk,0.9999987258631718,0.0,1.27413682893442e-06
C18246,0.0,High Risk,2.847744548231391e-07,0.999999630015906,8.52096394310403e-08
C18247,1.0,Installment-Focused,4.485333922880169e-26,2.597990358946507e-18,1.0
C18248,2.0,Low Engagement,3.3194900836494515e-20,0.0,1.0
C18249,2.0,Low Engagement,2.407786971225589e-15,0.9999998741002244,1.2589977323272183e-07
C18250,1.0,Installment-Focused,0.9999998109714562,0.0,1.8902854302343457e-07
C18251,0.0,High Risk,8.434080178335895e-112,0.0,1.0
C18252,2.0,Low Engagement,0.9999999612333096,0.0,3.876669041770593e-08
C18253,0.0,High Risk,0.999930977467712,0.0,6.902253228819931e-05
C18254,0.0,High Risk,0.0034316772509684944,0.9965682886253051,3.4123726160386265e-08
C18255,1.0,Installment-Focused,8.113378499178027e-09,0.9999999298360669,6.205055460509982e-08
C18256,1.0,Installment-Focused,5.778679208270561e-149,0.9999999578698553,4.2130144512654205e-08
C18257,1.0,Installment-Focused,0.9999944488215211,0.0,5.551178478133817e-06
C18258,0.0,High Risk,2.102484313848428e-105,0.9999999555679492,4.4432050914787655e-08
C18259,1.0,Installment-Focused,2.991924891419052e-30,0.9999998550235584,1.4497644172321364e-07
C18260,1.0,Installment-Focused,9.555052347632011e-09,0.9999998050284015,1.8541654590754706e-07
C18261,1.0,Installment-Focused,5.111192499703575e-05,0.999948372933448,5.1514155537483e-07
C18262,1.0,Installment-Focused,0.9999992039555898,0.0,7.960444107731629e-07
C18263,0.0,High Risk,0.00018230864163930931,0.9998176867980536,4.5603066815360666e-09
C18264,1.0,Installment-Focused,0.999991062647157,0.0,8.93735284365599e-06
C18266,0.0,High Risk,0.9999998254775228,0.0,1.7452247709591146e-07
C18267,0.0,High Risk,6.539235168513431e-28,0.00031804040179163616,0.9996819595982074
C18268,2.0,Low Engagement,4.2686896632553044e-17,1.8419138101063803e-270,1.0
C18269,2.0,Low Engagement,0.9999796254262943,0.0,2.0374573705584675e-05
C18270,0.0,High Risk,0.999999973059689,0.0,2.6940311086953734e-08
C18271,0.0,High Risk,0.9999991628981184,0.0,8.371018811700987e-07
C18272,0.0,High Risk,0.9999969818922397,0.0,3.018107759401407e-06
C18273,0.0,High Risk,0.0014715658318301325,0.9985284227608653,1.1407304935452842e-08
C18274,1.0,Installment-Focused,0.0001359519037647704,0.9998640320433004,1.6052934817530744e-08
C18275,1.0,Installment-Focused,6.425711213950849e-41,0.9999998563677078,1.436322920348946e-07
C18276,1.0,Installment-Focused,3.179567766706349e-124,0.9999998490932772,1.509067224034093e-07
C18277,1.0,Installment-Focused,0.999989699032251,0.0,1.030096774887713e-05
C18278,0.0,High Risk,5.3995040322762556e-120,0.9999999468018551,5.3198144985780985e-08
C18279,1.0,Installment-Focused,0.001397397382594234,0.9986025632328842,3.938452180700041e-08
C18280,1.0,Installment-Focused,3.0798589423841867e-99,0.0,1.0
C18281,2.0,Low Engagement,0.9999984342641001,0.0,1.5657358999973618e-06
C18282,0.0,High Risk,1.0610092122745157e-11,0.9999809018499844,1.9098139404879837e-05
C18283,1.0,Installment-Focused,1.991022062647014e-32,0.9999994167910589,5.83208941119312e-07
C18284,1.0,Installment-Focused,8.217752877817676e-30,0.999999248357673,7.516423273078716e-07
C18285,1.0,Installment-Focused,3.4046127150149435e-34,0.9999990634009465,9.365990534577253e-07
C18286,1.0,Installment-Focused,0.9999982296506594,0.0,1.770349340289369e-06
C18287,0.0,High Risk,0.0006953690040154272,0.9993046015382169,2.9457767669036706e-08
C18288,1.0,Installment-Focused,2.3359838765275996e-07,0.9999997163783825,5.002322995407533e-08
C18289,1.0,Installment-Focused,0.9999993909465655,0.0,6.090534339260118e-07
C18290,0.0,High Risk,4.6905060693517915e-129,0.9999999736559259,2.6344073725662977e-08
C18291,1.0,Installment-Focused,0.9999988386994627,0.0,1.1613005382117354e-06
C18292,0.0,High Risk,0.998840995701621,0.0,0.0011590042983795406
C18293,0.0,High Risk,0.9999999270225981,0.0,7.297740150856295e-08
C18294,0.0,High Risk,0.06954360172325227,0.0,0.9304563982767466
C18296,2.0,Low Engagement,5.981995187639338e-06,0.9999936155751618,4.0242965048671724e-07
C18297,1.0,Installment-Focused,0.9999951567080382,3.0316452e-316,4.843291962517574e-06
C18298,0.0,High Risk,0.999998174330304,0.0,1.8256696957095752e-06
C18299,0.0,High Risk,6.352529527910804e-09,0.0,0.9999999936474708
C18300,2.0,Low Engagement,3.387881843294938e-09,0.0,0.999999996612118
C18301,2.0,Low Engagement,6.443435916804302e-26,0.00023513155121143765,0.9997648684487885
C18302,2.0,Low Engagement,0.9999140464204489,0.0,8.595357955166689e-05
C18303,0.0,High Risk,0.9999998764876731,0.0,1.235123278294041e-07
C18304,0.0,High Risk,0.9996157332217431,0.0,0.00038426677825728774
C18305,0.0,High Risk,1.6083778463135854e-19,0.999999329059872,6.709401276871164e-07
C18306,1.0,Installment-Focused,0.9999998360635277,0.0,1.6393647201864686e-07
C18307,0.0,High Risk,0.9999996663777134,0.0,3.336222868858426e-07
C18308,0.0,High Risk,4.120972499710841e-18,0.9999988418098341,1.158190165519707e-06
C18309,1.0,Installment-Focused,2.6798094644613884e-13,0.9999996350591216,3.649406108343076e-07
C18310,1.0,Installment-Focused,5.440047801434812e-28,6.029899931559277e-25,1.0
C18311,2.0,Low Engagement,5.171719520832318e-59,0.9999999111744962,8.882550409199484e-08
C18312,1.0,Installment-Focused,4.413052825481244e-78,0.9999999118755477,8.812445195912837e-08
C18313,1.0,Installment-Focused,4.27377535171549e-05,0.9999572510322706,1.1214212053887962e-08
C18314,1.0,Installment-Focused,0.002766246959711608,0.9972337426961704,1.0344117871833623e-08
C18315,1.0,Installment-Focused,1.3924546544471098e-12,0.0,0.9999999999986073
C18316,2.0,Low Engagement,0.9999181280933543,0.0,8.18719066462483e-05
C18317,0.0,High Risk,1.7146506408308303e-07,0.9999997729030499,5.563188611114855e-08
C18318,1.0,Installment-Focused,2.716124981134696e-22,0.0,1.0
C18319,2.0,Low Engagement,0.9999997085892927,0.0,2.914107068605262e-07
C18320,0.0,High Risk,0.9999942481723818,0.0,5.7518276180945405e-06
C18321,0.0,High Risk,9.481222409869401e-26,0.9999982298162955,1.770183704088569e-06
C18322,1.0,Installment-Focused,2.581200596572619e-24,0.9999274568987337,7.254310126680123e-05
C18323,1.0,Installment-Focused,0.9999982436285647,0.0,1.7563714361209785e-06
C18324,0.0,High Risk,0.000500428958950042,0.9994990651893667,5.058516832106939e-07
C18326,1.0,Installment-Focused,1.0892375494726508e-101,0.9999997274762016,2.725237979860837e-07
C18327,1.0,Installment-Focused,4.892813152562444e-13,0.9999998015163182,1.9848319211575123e-07
C18328,1.0,Installment-Focused,2.2536320616746763e-17,0.9999991789506377,8.210493622160539e-07
C18329,1.0,Installment-Focused,0.0004340806979158616,0.9995652220766231,6.972254605176718e-07
C18330,1.0,Installment-Focused,0.9998436405207058,0.0,0.00015635947929438653
C18331,0.0,High Risk,1.7642844548872912e-30,0.9999996294288629,3.7057113668552955e-07
C18332,1.0,Installment-Focused,0.9773473137945254,0.0,0.02265268620547373
C18333,0.0,High Risk,1.249591337092164e-139,1.2804113734710791e-39,1.0
C18334,2.0,Low Engagement,6.340962637789101e-122,0.9999998698210031,1.301789970610879e-07
C18335,1.0,Installment-Focused,3.2716066877259898e-130,0.9999999394204925,6.057950718919476e-08
C18336,1.0,Installment-Focused,0.0007988574617906849,0.999201137710769,4.827440237789955e-09
C18337,1.0,Installment-Focused,0.9999944570313705,0.0,5.5429686293851625e-06
C18338,0.0,High Risk,0.999999923148056,0.0,7.685194417074657e-08
C18339,0.0,High Risk,0.9999986339732803,0.0,1.366026719567092e-06
C18340,0.0,High Risk,0.9999999836900831,0.0,1.6309916789418717e-08
C18341,0.0,High Risk,0.9999992730333536,0.0,7.269666468457125e-07
C18342,0.0,High Risk,7.209776635258172e-07,0.9999992363640196,4.2658316778611266e-08
C18343,1.0,Installment-Focused,0.9999993592427511,0.0,6.407572487202918e-07
C18344,0.0,High Risk,0.0004031589019478982,7.499782406208193e-283,0.9995968410980514
C18345,2.0,Low Engagement,3.054442830987979e-158,0.9999999497942399,5.020575970974491e-08
C18346,1.0,Installment-Focused,0.9999983798189065,0.0,1.6201810935686142e-06
C18347,0.0,High Risk,0.9999996459502484,0.0,3.5404975154625654e-07
C18348,0.0,High Risk,3.1879702576748453e-146,0.9999998883901959,1.1160980393861347e-07
C18349,1.0,Installment-Focused,0.00036748392452058497,0.9996325107390716,5.3364081378339285e-09
C18350,1.0,Installment-Focused,0.9999999018613849,0.0,9.81386155048477e-08
C18351,0.0,High Risk,4.061645165944454e-09,0.9999992327083852,7.632299699024213e-07
C18352,1.0,Installment-Focused,0.9999996892632609,0.0,3.107367393293979e-07
C18353,0.0,High Risk,2.492563747572195e-15,0.9996079904542634,0.00039200954573500403
C18354,1.0,Installment-Focused,0.0011680346373742915,0.9988319623940765,2.968549340124559e-09
C18355,1.0,Installment-Focused,7.127212596974981e-127,0.9999997542266916,2.4577330824347114e-07
C18356,1.0,Installment-Focused,2.161215048486634e-05,0.0,0.9999783878495141
C18357,2.0,Low Engagement,0.999996916008641,0.0,3.0839913588388936e-06
C18358,0.0,High Risk,0.9999972160660784,0.0,2.7839339207812273e-06
C18359,0.0,High Risk,0.9999998936552238,0.0,1.0634477610946444e-07
C18360,0.0,High Risk,0.9999993508244984,0.0,6.491755016920633e-07
C18361,0.0,High Risk,0.979536969050128,0.0,0.02046303094987226
C18362,0.0,High Risk,0.9999999809443436,0.0,1.9055656022170116e-08
C18363,0.0,High Risk,4.483008381726365e-09,4.202951475373581e-39,0.9999999955169905
C18364,2.0,Low Engagement,0.9999997896976146,0.0,2.1030238564932118e-07
C18365,0.0,High Risk,0.9999991649994882,0.0,8.350005117198692e-07
C18366,0.0,High Risk,0.9999996376786678,0.0,3.623213313560985e-07
C18367,0.0,High Risk,0.9999995369693895,0.0,4.630306097793912e-07
C18368,0.0,High Risk,0.0015745499230876898,0.998425445396083,4.680829292488246e-09
C18369,1.0,Installment-Focused,0.9999968426153655,0.0,3.157384634809751e-06
C18370,0.0,High Risk,0.9999955831600346,0.0,4.416839965256383e-06
C18371,0.0,High Risk,6.18143077412518e-13,0.9999752505358479,2.4749463533960056e-05
C18372,1.0,Installment-Focused,1.1236768816325859e-17,0.9999981810915677,1.8189084319131954e-06
C18373,1.0,Installment-Focused,0.9995847866046998,0.0,0.000415213395301554
C18374,0.0,High Risk,6.555936311609683e-05,0.9999343719384695,6.869841445677683e-08
C18375,1.0,Installment-Focused,6.486783178332932e-41,0.999998914412655,1.08558734464916e-06
C18376,1.0,Installment-Focused,4.404705869870353e-23,0.0,1.0
C18377,2.0,Low Engagement,7.65914402569881e-127,0.0,1.0
C18378,2.0,Low Engagement,2.414697657804545e-101,0.9999992004766226,7.995233772886522e-07
C18379,1.0,Installment-Focused,0.9999569747675869,0.0,4.302523241343489e-05
C18380,0.0,High Risk,0.0002329690018925892,0.9997670279268954,3.0712122899260085e-09
C18381,1.0,Installment-Focused,0.9999976111984775,0.0,2.3888015220770166e-06
C18382,0.0,High Risk,0.999999624637573,2.9398611200450425e-259,3.75362426835691e-07
C18383,0.0,High Risk,0.9998206932579484,0.0,0.0001793067420513571
C18384,0.0,High Risk,0.0052152800082069534,0.994784713961864,6.029929534679336e-09
C18385,1.0,Installment-Focused,0.9998439544694713,0.0,0.00015604553052801762
C18386,0.0,High Risk,0.9998407150842108,0.0,0.00015928491578993592
C18387,0.0,High Risk,0.9647719048792956,0.0,0.0352280951207059
C18388,0.0,High Risk,2.726920418867728e-31,0.0024477110230679755,0.9975522889769323
C18389,2.0,Low Engagement,6.488726794999267e-11,0.0,0.9999999999351132
C18390,2.0,Low Engagement,0.9999993279705521,0.0,6.720294475943337e-07
C18391,0.0,High Risk,5.393101092646932e-38,0.999999920819886,7.918011412544383e-08
C18392,1.0,Installment-Focused,2.1728016985672818e-111,0.9999999140976029,8.590239722301531e-08
C18393,1.0,Installment-Focused,6.758699007616092e-67,0.0,1.0
C18394,2.0,Low Engagement,3.704220970280263e-07,0.9999994166486813,2.129292217425469e-07
C18395,1.0,Installment-Focused,1.8822821706285374e-13,0.9999999206382619,7.936154969946056e-08
C18396,1.0,Installment-Focused,1.2971938720446595e-05,0.9999869905464156,3.7514864000234375e-08
C18397,1.0,Installment-Focused,6.502720552971292e-19,0.9999996915602147,3.0843978515699956e-07
C18398,1.0,Installment-Focused,6.10237215397033e-06,0.9999938348443312,6.27835149208789e-08
C18399,1.0,Installment-Focused,0.9999975823001718,0.0,2.4176998278195913e-06
C18400,0.0,High Risk,0.0009073420145434139,0.9990926401265106,1.7858946484747897e-08
C18401,1.0,Installment-Focused,1.48892506020802e-88,0.0,1.0
C18402,2.0,Low Engagement,0.9999989966842155,0.0,1.0033157848243804e-06
C18403,0.0,High Risk,3.963136283246557e-07,0.9999976853931409,1.918293230439497e-06
C18404,1.0,Installment-Focused,6.137370277015767e-05,0.9999386204220642,5.87516566885757e-09
C18405,1.0,Installment-Focused,3.1680578346436424e-05,0.9999683067956033,1.2626050542791469e-08
C18406,1.0,Installment-Focused,0.9999998865252195,0.0,1.1347478089020884e-07
C18407,0.0,High Risk,0.9999986571714096,0.0,1.342828590382002e-06
C18408,0.0,High Risk,2.3334117221800218e-12,0.9999997826013219,2.1739634493435355e-07
C18409,1.0,Installment-Focused,2.4858210362533188e-23,3.1298424268503814e-32,1.0
C18410,2.0,Low Engagement,2.8029467246561863e-25,0.00023709424734055567,0.9997629057526579
C18411,2.0,Low Engagement,0.007243976576430083,0.992755898562954,1.2486061667963735e-07
C18412,1.0,Installment-Focused,0.999999795483212,0.0,2.0451678823394955e-07
C18413,0.0,High Risk,6.27307137032709e-29,0.1944973980306516,0.8055026019693489
C18414,2.0,Low Engagement,0.9998312888850717,0.0,0.00016871111492851185
C18415,0.0,High Risk,0.00013338085204640517,0.9998665761703812,4.297757272991566e-08
C18416,1.0,Installment-Focused,0.027924549909731224,0.9720753526518943,9.743837415683749e-08
C18417,1.0,Installment-Focused,0.000295353853802529,0.000717930669822929,0.9989867154763732
C18418,2.0,Low Engagement,0.9999991014839762,0.0,8.985160238854939e-07
C18419,0.0,High Risk,0.9999964019356824,0.0,3.5980643169169547e-06
C18420,0.0,High Risk,2.531743404058036e-37,0.9999995555134735,4.444865264943551e-07
C18421,1.0,Installment-Focused,5.618477091270708e-27,0.9999996578981917,3.4210180795512294e-07
C18422,1.0,Installment-Focused,0.9999995011101072,0.0,4.988898923588553e-07
C18423,0.0,High Risk,0.999993873176516,0.0,6.126823483263009e-06
C18424,0.0,High Risk,6.058786563972701e-05,0.9999393666817196,4.545264058001074e-08
C18425,1.0,Installment-Focused,0.9999998597098171,0.0,1.402901827671184e-07
C18426,0.0,High Risk,0.9999999292318326,0.0,7.076816719085108e-08
C18427,0.0,High Risk,0.6987461339749558,0.0,0.30125386602504284
C18428,0.0,High Risk,2.7208163099370237e-18,0.9999695217933666,3.0478206634255403e-05
C18429,1.0,Installment-Focused,0.00035056485318590115,0.9996493188511424,1.1629567128264708e-07
C18430,1.0,Installment-Focused,0.9996317013234179,0.0,0.00036829867658188804
C18431,0.0,High Risk,1.1516981834424145e-25,0.0,1.0
C18432,2.0,Low Engagement,2.3010819737921446e-84,0.0,1.0
C18433,2.0,Low Engagement,0.017848964746189383,5.912907802144721e-41,0.982151035253811
C18434,2.0,Low Engagement,0.9999991358738555,0.0,8.641261446991092e-07
C18435,0.0,High Risk,0.9999986308598763,0.0,1.3691401239823428e-06
C18436,0.0,High Risk,0.9999997369821356,0.0,2.6301786430610375e-07
C18437,0.0,High Risk,0.0010167590687447914,0.9989832383922451,2.539010117907348e-09
C18438,1.0,Installment-Focused,1.3245181734193171e-21,0.9999998397561698,1.6024383042438125e-07
C18439,1.0,Installment-Focused,0.023733821803841267,0.9762661752895052,2.9066539525656435e-09
C18440,1.0,Installment-Focused,5.51469000408646e-149,0.9999999452177748,5.478222497349208e-08
C18441,1.0,Installment-Focused,0.999820725994628,0.0,0.0001792740053728496
C18442,0.0,High Risk,0.9999914600360789,0.0,8.539963921597225e-06
C18443,0.0,High Risk,7.293088973946631e-156,0.99999994034631,5.965369021849006e-08
C18444,1.0,Installment-Focused,2.733128520419532e-06,0.9896745457904605,0.010322721081018556
C18445,1.0,Installment-Focused,4.8201551015659795e-06,0.0,0.9999951798448978
C18446,2.0,Low Engagement,0.9999999548465378,0.0,4.515346298059334e-08
C18447,0.0,High Risk,1.6025155293419095e-16,0.9999999043636502,9.563634950484137e-08
C18449,1.0,Installment-Focused,6.860601884382984e-13,0.0,0.9999999999993143
C18450,2.0,Low Engagement,1.129218754084719e-24,0.0,1.0
C18451,2.0,Low Engagement,2.861432579773627e-14,0.9999998922160249,1.0778394719410124e-07
C18452,1.0,Installment-Focused,0.001957759223160817,0.998042207618638,3.315820091101287e-08
C18453,1.0,Installment-Focused,6.448956615719592e-13,0.9999998427406463,1.5725870885700625e-07
C18454,1.0,Installment-Focused,2.4212990132465324e-96,0.0,1.0
C18455,2.0,Low Engagement,0.9999999422910449,0.0,5.7708955173540864e-08
C18456,0.0,High Risk,0.001532232973719262,0.9984677225377256,4.448855500441899e-08
C18457,1.0,Installment-Focused,0.9996011305022477,0.0,0.0003988694977528482
C18458,0.0,High Risk,0.9988583437222369,1.684471248193223e-32,0.0011416562777627514
C18459,0.0,High Risk,2.45573426168794e-06,0.9999975239576354,2.0308102749235646e-08
C18460,1.0,Installment-Focused,0.9999993824347946,0.0,6.175652062850589e-07
C18461,0.0,High Risk,1.1292404327261972e-129,0.0,1.0
C18462,2.0,Low Engagement,0.9999999019432421,0.0,9.805675793215048e-08
C18463,0.0,High Risk,0.999989151830361,0.0,1.0848169639456657e-05
C18464,0.0,High Risk,2.122735847820192e-07,0.0,0.9999997877264141
C18465,2.0,Low Engagement,4.349091396691099e-103,0.9999998987387151,1.0126128487160903e-07
C18466,1.0,Installment-Focused,7.711813116471005e-16,0.9999997708957271,2.2910427198527562e-07
C18467,1.0,Installment-Focused,1.7562771501933536e-121,0.9999993037679634,6.962320363774908e-07
C18468,1.0,Installment-Focused,7.211624464406872e-16,0.999999910869152,8.913084751592882e-08
C18469,1.0,Installment-Focused,2.1653280161358456e-21,0.9999997286670772,2.7133292266575344e-07
C18470,1.0,Installment-Focused,0.9999997653630652,0.0,2.3463693470007692e-07
C18471,0.0,High Risk,1.3560443468803934e-07,0.0,0.9999998643955642
C18472,2.0,Low Engagement,9.099264550735318e-102,0.9999999255468329,7.445316689794801e-08
C18473,1.0,Installment-Focused,4.920535990704261e-05,0.9999496243720103,1.1702680822886624e-06
C18474,1.0,Installment-Focused,0.9999998998699416,0.0,1.0013005791248278e-07
C18475,0.0,High Risk,1.7732040425734468e-158,0.999999865127583,1.3487241729047494e-07
C18476,1.0,Installment-Focused,1.8067983842221798e-129,0.9999998411611168,1.5883888386259957e-07
C18477,1.0,Installment-Focused,0.9994864302106468,0.0,0.0005135697893540637
C18478,0.0,High Risk,0.9999996692668637,0.0,3.307331360853852e-07
C18479,0.0,High Risk,1.7541548349914083e-13,0.9999979004289564,2.0995708674449134e-06
C18480,1.0,Installment-Focused,9.282958951960865e-21,0.9999860584564695,1.3941543530322578e-05
C18481,1.0,Installment-Focused,2.8210781520623765e-102,0.9999998841113285,1.1588867180575945e-07
C18482,1.0,Installment-Focused,9.602767596721973e-30,0.9999998024464531,1.9755354682397305e-07
C18483,1.0,Installment-Focused,2.1539322549429012e-99,0.9999998138426363,1.8615736341081033e-07
C18484,1.0,Installment-Focused,6.625024762746746e-09,0.0,0.9999999933749741
C18485,2.0,Low Engagement,0.999995201922367,0.0,4.7980776331175685e-06
C18486,0.0,High Risk,0.999998480454204,0.0,1.5195457963767407e-06
C18487,0.0,High Risk,0.9999999754539516,0.0,2.454604871608156e-08
C18488,0.0,High Risk,5.418021970244206e-06,0.0,0.9999945819780306
C18489,2.0,Low Engagement,0.999980686685434,0.0,1.9313314566497534e-05
C18490,0.0,High Risk,0.9999970830560779,0.0,2.9169439224076544e-06
C18491,0.0,High Risk,0.999988631264334,0.0,1.1368735666716312e-05
C18492,0.0,High Risk,0.05442776777863978,0.0,0.945572232221359
C18493,2.0,Low Engagement,1.4884395297162573e-111,0.9999999355064734,6.449352666335844e-08
C18494,1.0,Installment-Focused,6.571881651377077e-19,0.0,1.0
C18495,2.0,Low Engagement,0.9989581209012955,0.0,0.0010418790987046646
C18496,0.0,High Risk,0.9999999633292054,0.0,3.667079463026747e-08
C18497,0.0,High Risk,4.7077191132408826e-05,1.8500546005093472e-206,0.9999529228088659
C18498,2.0,Low Engagement,8.346606684313121e-11,0.9999999035774947,9.633903916553359e-08
C18499,1.0,Installment-Focused,0.9999988254517641,0.0,1.174548235880431e-06
C18500,0.0,High Risk,0.9999883094089171,0.0,1.1690591082907954e-05
C18501,0.0,High Risk,0.9999933909491374,0.0,6.609050863236853e-06
C18502,0.0,High Risk,0.9999998927216791,0.0,1.0727832083918883e-07
C18503,0.0,High Risk,0.9999969167778242,0.0,3.083222175788362e-06
C18504,0.0,High Risk,0.9999980397687277,0.0,1.9602312715647295e-06
C18505,0.0,High Risk,0.0007858509037911534,0.9992141298378697,1.9258339064462944e-08
C18506,1.0,Installment-Focused,1.8202066196313366e-11,0.9999998697026062,1.3027919140890315e-07
C18507,1.0,Installment-Focused,0.9999988310409977,0.0,1.1689590026571077e-06
C18508,0.0,High Risk,0.9999997845717844,0.0,2.154282158007793e-07
C18509,0.0,High Risk,3.788070038834137e-116,0.9999999168477202,8.315227951662792e-08
C18510,1.0,Installment-Focused,3.9315257235476266e-05,0.0,0.9999606847427641
C18511,2.0,Low Engagement,1.1379945505376019e-106,0.9999997782757802,2.2172421991309088e-07
C18512,1.0,Installment-Focused,0.9999992174656984,0.0,7.825343012655858e-07
C18513,0.0,High Risk,5.928475825074613e-25,0.9999997520055773,2.479944223935082e-07
C18514,1.0,Installment-Focused,2.7564489694373556e-109,0.9999698495499947,3.0150450004682793e-05
C18515,1.0,Installment-Focused,0.00019682596062545814,0.9998031354898708,3.854950411155874e-08
C18516,1.0,Installment-Focused,0.9999959586196536,0.0,4.04138034612014e-06
C18517,0.0,High Risk,0.0018582684483132415,0.0,0.9981417315516878
C18518,2.0,Low Engagement,0.9999999083164279,0.0,9.168357232194833e-08
C18519,0.0,High Risk,1.4352006462100522e-21,0.999999767141444,2.3285855626927816e-07
C18520,1.0,Installment-Focused,1.0674575834672989e-160,0.9999999118595685,8.81404317790599e-08
C18521,1.0,Installment-Focused,0.9999999067544704,0.0,9.324552967799619e-08
C18522,0.0,High Risk,0.999999687885979,0.0,3.1211402120887037e-07
C18523,0.0,High Risk,0.010804998210987314,3.5442795325615916e-38,0.9891950017890123
C18524,2.0,Low Engagement,0.057830433449426774,0.942169065815433,5.007351399467876e-07
C18525,1.0,Installment-Focused,0.9997048745730722,0.0,0.0002951254269268825
C18526,0.0,High Risk,0.9999999607196618,0.0,3.92803380064204e-08
C18527,0.0,High Risk,0.9999691382239393,0.0,3.086177606177816e-05
C18528,0.0,High Risk,0.999991326816399,0.0,8.673183600069069e-06
C18529,0.0,High Risk,0.9999999371698467,0.0,6.283015358100941e-08
C18530,0.0,High Risk,0.9999996864783472,0.0,3.135216526747242e-07
C18531,0.0,High Risk,0.9999603515348091,0.0,3.9648465191660235e-05
C18532,0.0,High Risk,2.4908601629504336e-14,0.999988071923085,1.1928076890537997e-05
C18533,1.0,Installment-Focused,2.1645460939896346e-80,0.9999993785195519,6.214804479909426e-07
C18534,1.0,Installment-Focused,0.9999383027763747,0.0,6.169722362633001e-05
C18535,0.0,High Risk,0.9999990305128953,0.0,9.694871050387866e-07
C18536,0.0,High Risk,0.9999287844001927,0.0,7.121559980673835e-05
C18537,0.0,High Risk,2.579946787571837e-08,0.0,0.9999999742005311
C18538,2.0,Low Engagement,0.9999997581607597,0.0,2.418392403529296e-07
C18539,0.0,High Risk,0.9991585627026426,0.0,0.0008414372973566888
C18540,0.0,High Risk,0.9999999108975035,0.0,8.910249688290171e-08
C18541,0.0,High Risk,7.275172485327758e-29,1.591506824387328e-41,1.0
C18542,2.0,Low Engagement,0.998113908304564,0.0,0.0018860916954365078
C18543,0.0,High Risk,1.3967655135060649e-14,0.0,0.9999999999999858
C18544,2.0,Low Engagement,0.9999160735657748,0.0,8.392643422580899e-05
C18545,0.0,High Risk,1.8520118200854778e-15,0.9999999611654474,3.883455101932853e-08
C18546,1.0,Installment-Focused,4.8164771671006846e-104,0.9999994654224621,5.345775377333198e-07
C18547,1.0,Installment-Focused,5.2445137928179993e-14,0.0,0.9999999999999467
C18548,2.0,Low Engagement,0.9896817453421999,0.0,0.0103182546578
C18549,0.0,High Risk,9.634761658439436e-30,0.0026032994884396246,0.9973967005115595
C18550,2.0,Low Engagement,0.9999947031308244,0.0,5.296869176416657e-06
C18551,0.0,High Risk,5.366099118909771e-158,0.9999997953867515,2.0461324835214758e-07
C18552,1.0,Installment-Focused,1.967778345394634e-13,0.0,0.9999999999998046
C18553,2.0,Low Engagement,3.520641325348877e-13,0.0,0.9999999999996483
C18554,2.0,Low Engagement,2.0821442853374357e-97,0.9999997163669623,2.8363303797227234e-07
C18555,1.0,Installment-Focused,0.0017307819263936938,0.9982692118349502,6.238656280732142e-09
C18556,1.0,Installment-Focused,0.00011510461925538322,0.0,0.9998848953807432
C18557,2.0,Low Engagement,2.443121217037093e-114,2.4570739717267157e-194,1.0
C18558,2.0,Low Engagement,0.9990772605691804,0.0,0.0009227394308201767
C18559,0.0,High Risk,7.303466365091865e-128,0.999999858338348,1.4166165163680662e-07
C18560,1.0,Installment-Focused,0.0005366046676214803,0.9994633501183039,4.521407476192021e-08
C18561,1.0,Installment-Focused,1.710963520071208e-05,0.9999828222414126,6.812338661473657e-08
C18562,1.0,Installment-Focused,0.9999385724415907,1.2603795712425687e-32,6.142755840901535e-05
C18563,0.0,High Risk,8.788740456543503e-32,0.9999986828457358,1.3171542643754264e-06
C18564,1.0,Installment-Focused,0.9999987668565478,0.0,1.2331434525246517e-06
C18565,0.0,High Risk,1.380390594881505e-143,0.9999993841407018,6.158592988770472e-07
C18566,1.0,Installment-Focused,0.9999998503369879,0.0,1.4966301191407695e-07
C18567,0.0,High Risk,0.9989450710073778,0.0,0.0010549289926223963
C18568,0.0,High Risk,7.127554065565047e-122,0.9999997947508212,2.0524917849927266e-07
C18569,1.0,Installment-Focused,8.002773978497431e-15,0.9999973999795199,2.6000204729165517e-06
C18570,1.0,Installment-Focused,0.9999989176543109,0.0,1.0823456897355967e-06
C18571,0.0,High Risk,0.010540101551351868,0.0,0.9894598984486499
C18572,2.0,Low Engagement,0.9999895295404951,0.0,1.0470459504205803e-05
C18573,0.0,High Risk,0.001969527734698804,0.9980304642587836,8.006517196978814e-09
C18574,1.0,Installment-Focused,0.9999777378978407,0.0,2.2262102158540658e-05
C18575,0.0,High Risk,4.333653393980774e-23,0.9995344816074779,0.0004655183925226686
C18577,1.0,Installment-Focused,2.5698101048046226e-06,0.999997342374222,8.781567302905377e-08
C18578,1.0,Installment-Focused,1.7960644178579867e-05,0.0,0.9999820393558221
C18579,2.0,Low Engagement,0.9999924052835683,0.0,7.594716432633396e-06
C18580,0.0,High Risk,0.9998252066612067,0.0,0.0001747933387933339
C18582,0.0,High Risk,0.007454431557710249,0.992545549097526,1.9344763691829177e-08
C18583,1.0,Installment-Focused,2.6713121346269616e-150,0.9999999447010388,5.529896086683787e-08
C18584,1.0,Installment-Focused,0.9999994293858008,0.0,5.706141993928829e-07
C18585,0.0,High Risk,1.5459093514444242e-86,0.999999496862666,5.031373343174394e-07
C18586,1.0,Installment-Focused,2.6865672732641444e-13,0.9999797312756077,2.0268724123369905e-05
C18587,1.0,Installment-Focused,0.9999967635596653,0.0,3.236440335345281e-06
C18588,0.0,High Risk,0.9999994654485861,0.0,5.345514136229116e-07
C18589,0.0,High Risk,5.2109367431524105e-118,0.9999998898165153,1.1018348487228294e-07
C18590,1.0,Installment-Focused,5.592901293616629e-06,0.9999940942722713,3.128264352793298e-07
C18591,1.0,Installment-Focused,4.3615329844382786e-154,0.9999999319828939,6.801710597064223e-08
C18592,1.0,Installment-Focused,0.013467730174717875,0.0,0.9865322698252814
C18593,2.0,Low Engagement,0.9999942320904143,0.0,5.7679095863751984e-06
C18594,0.0,High Risk,3.0853142118257515e-05,2.1090116718833848e-178,0.9999691468578826
C18595,2.0,Low Engagement,0.0001844397330683451,0.9998155157045827,4.456234881903561e-08
C18596,1.0,Installment-Focused,0.9999974307107565,0.0,2.5692892442786464e-06
C18598,0.0,High Risk,0.9999979659111411,0.0,2.0340888585791255e-06
C18599,0.0,High Risk,8.057638885871715e-57,0.9999999413145879,5.8685412101758056e-08
C18600,1.0,Installment-Focused,0.9982756987308182,0.0,0.0017243012691806165
C18601,0.0,High Risk,4.864490635573094e-98,0.9999998516655108,1.4833448891271893e-07
C18602,1.0,Installment-Focused,0.00012034594457410772,0.9998796041610035,4.989442241870265e-08
C18603,1.0,Installment-Focused,0.9999235052452492,0.0,7.649475475155152e-05
C18604,0.0,High Risk,5.926675270386037e-20,0.9999971611362789,2.8388637208760724e-06
C18605,1.0,Installment-Focused,1.312440598947297e-38,0.999999472673919,5.273260813333914e-07
C18606,1.0,Installment-Focused,0.9915446096347226,1.192988187205607e-244,0.008455390365277106
C18607,0.0,High Risk,1.2269769861119683e-27,0.9999986070413727,1.3929586269924877e-06
C18608,1.0,Installment-Focused,1.430373434185389e-111,8.562567034400825e-35,1.0
C18609,2.0,Low Engagement,8.934404903327676e-14,0.999999399244132,6.007557786910923e-07
C18610,1.0,Installment-Focused,1.881807187257419e-05,0.0,0.9999811819281261
C18611,2.0,Low Engagement,3.870455447292946e-12,0.9999999434886757,5.650745364000283e-08
C18613,1.0,Installment-Focused,0.018380559520026266,0.9816190070562494,4.3342372452669264e-07
C18614,1.0,Installment-Focused,3.5313809150952385e-108,0.9999989754301142,1.0245698857674127e-06
C18615,1.0,Installment-Focused,0.9999973483236942,0.0,2.6516763056981384e-06
C18616,0.0,High Risk,0.002250001100422204,0.9977499580732763,4.0826301800702916e-08
C18617,1.0,Installment-Focused,4.121628769104608e-39,0.9999980103687727,1.989631226431174e-06
C18618,1.0,Installment-Focused,4.989978315858149e-94,0.9999999548817416,4.511825837397063e-08
C18619,1.0,Installment-Focused,0.999999698495894,0.0,3.015041057699948e-07
C18620,0.0,High Risk,0.0003020628724981638,0.9996979262567729,1.087072868260986e-08
C18621,1.0,Installment-Focused,0.9999999276741187,0.0,7.23258819629869e-08
C18622,0.0,High Risk,0.9999993816419226,0.0,6.183580771166155e-07
C18623,0.0,High Risk,0.008262379110347964,0.991737577918237,4.2971415254434236e-08
C18624,1.0,Installment-Focused,7.395548702847425e-23,0.020693924758798984,0.9793060752411997
C18625,2.0,Low Engagement,0.00016581183299215624,0.0,0.9998341881670069
C18626,2.0,Low Engagement,0.9999999479554735,0.0,5.204452672843318e-08
C18627,0.0,High Risk,2.880639435575438e-22,0.9999977670817505,2.2329182499510764e-06
C18628,1.0,Installment-Focused,7.504170498184668e-26,2.3656476419889235e-19,1.0
C18629,2.0,Low Engagement,4.466419082040539e-156,0.9999999636082559,3.639174400876476e-08
C18631,1.0,Installment-Focused,0.000572218682798463,0.9994277762800706,5.037130720716741e-09
C18632,1.0,Installment-Focused,1.4655681421096669e-106,0.0,1.0
C18633,2.0,Low Engagement,0.00036622077506382557,0.9996337515490933,2.76758430273648e-08
C18634,1.0,Installment-Focused,0.9997887487378636,0.0,0.00021125126213571426
C18635,0.0,High Risk,0.9999977317116575,0.0,2.268288342802889e-06
C18636,0.0,High Risk,0.9999997370258961,0.0,2.6297410392187576e-07
C18637,0.0,High Risk,1.9679076144255722e-16,4.8890400962162935e-46,1.0
C18638,2.0,Low Engagement,7.601757016194117e-100,0.9999999185480226,8.145197728245783e-08
C18639,1.0,Installment-Focused,1.0601181720860576e-101,0.0,1.0
C18640,2.0,Low Engagement,0.9998846638847303,0.0,0.00011533611527004258
C18641,0.0,High Risk,5.256222168391183e-137,0.9999999605196813,3.948031887826145e-08
C18642,1.0,Installment-Focused,0.999992884694401,0.0,7.115305599338336e-06
C18643,0.0,High Risk,0.999990757680038,0.0,9.24231996167338e-06
C18644,0.0,High Risk,0.9999970992687401,0.0,2.900731259768551e-06
C18645,0.0,High Risk,0.041028233407564445,0.9589637802534432,7.986338992101245e-06
C18646,1.0,Installment-Focused,0.9999997684248785,0.0,2.3157512196633595e-07
C18647,0.0,High Risk,0.9999989142619384,0.0,1.085738061357364e-06
C18648,0.0,High Risk,0.9999996213712172,0.0,3.7862878196952733e-07
C18649,0.0,High Risk,0.9999999688917316,0.0,3.1108268273949635e-08
C18650,0.0,High Risk,0.9999999556403144,0.0,4.43596855798494e-08
C18652,0.0,High Risk,3.042343483335672e-25,0.9999994536566339,5.463433664533069e-07
C18653,1.0,Installment-Focused,1.6362845439905325e-208,0.9999999968262632,3.1737366389829212e-09
C18654,1.0,Installment-Focused,0.9999834742289799,0.0,1.6525771020487553e-05
C18655,0.0,High Risk,9.686867657707579e-119,0.999999911275942,8.87240576151343e-08
C18656,1.0,Installment-Focused,2.0748131223610413e-11,0.0,0.9999999999792522
C18657,2.0,Low Engagement,1.2301367883233206e-67,0.99999966586281,3.3413718944134934e-07
C18658,1.0,Installment-Focused,2.0533203383426683e-24,0.9999995705452392,4.2945476108907053e-07
C18660,1.0,Installment-Focused,5.150826739053942e-32,0.9999992601869724,7.39813027195283e-07
C18661,1.0,Installment-Focused,0.0009969886024857283,0.9990023863806724,6.250168423028944e-07
C18662,1.0,Installment-Focused,0.0021753248811497527,0.0,0.9978246751188503
C18663,2.0,Low Engagement,0.9999999151865833,0.0,8.481341629132852e-08
C18664,0.0,High Risk,0.9993569125242927,0.0,0.0006430874757080485
C18665,0.0,High Risk,0.9999997509411339,0.0,2.4905886640621683e-07
C18666,0.0,High Risk,0.9998047531713853,0.0,0.00019524682861384786
C18667,0.0,High Risk,0.9998988412676134,0.0,0.00010115873238654233
C18668,0.0,High Risk,0.8069807656501512,0.0,0.19301923434984775
C18669,0.0,High Risk,1.9076689206495597e-20,2.5805293100650004e-13,0.9999999999997407
C18671,2.0,Low Engagement,0.09580183038742324,3.4127894282121295e-42,0.9041981696125754
C18672,2.0,Low Engagement,1.4722358097749835e-17,0.0,1.0
C18673,2.0,Low Engagement,0.3311152428737972,0.0,0.668884757126203
C18674,2.0,Low Engagement,0.9999993316821061,0.0,6.683178935000851e-07
C18675,0.0,High Risk,0.9998107489348523,0.0,0.0001892510651484751
C18676,0.0,High Risk,1.2213864194530853e-10,0.9999979058238483,2.0940540132583285e-06
C18677,1.0,Installment-Focused,3.8995703230228674e-34,0.999999881986393,1.1801360689028916e-07
C18678,1.0,Installment-Focused,0.008015463205406446,0.991984521602958,1.5191635871349937e-08
C18679,1.0,Installment-Focused,0.9999998623642773,0.0,1.3763572234998935e-07
C18680,0.0,High Risk,2.933717177374157e-08,0.9999999470064044,2.36564240616092e-08
C18682,1.0,Installment-Focused,0.9999988924769085,0.0,1.1075230913730246e-06
C18683,0.0,High Risk,1.5261499281943238e-08,0.9999999333406397,5.139786124498633e-08
C18684,1.0,Installment-Focused,8.525996104054103e-21,0.9997579630942005,0.00024203690579961774
C18685,1.0,Installment-Focused,2.340219233673141e-05,0.9999765899413695,7.866294111259e-09
C18686,1.0,Installment-Focused,0.999998971247219,0.0,1.0287527808498009e-06
C18687,0.0,High Risk,0.9999819368662874,0.0,1.8063133713283043e-05
C18688,0.0,High Risk,0.0649316940973605,0.0,0.9350683059026393
C18689,2.0,Low Engagement,2.326798092368123e-18,0.9999998685704916,1.3142950861725794e-07
C18690,1.0,Installment-Focused,0.9408597549222163,0.0,0.05914024507778338
C18691,0.0,High Risk,2.7937792105251626e-153,0.9999998925729732,1.0742702666034461e-07
C18692,1.0,Installment-Focused,0.9999984541595099,0.0,1.5458404903067655e-06
C18693,0.0,High Risk,4.4737979672387e-06,0.0,0.9999955262020345
C18694,2.0,Low Engagement,6.310556074453863e-87,0.9999998616972492,1.3830275045811357e-07
C18695,1.0,Installment-Focused,7.002920473005034e-24,0.9999998552507259,1.4474927395378547e-07
C18696,1.0,Installment-Focused,0.006248500965256258,0.9937514501922703,4.8842473457434595e-08
C18697,1.0,Installment-Focused,9.219178886336339e-18,2.154540944306499e-33,1.0
C18698,2.0,Low Engagement,0.9999994179370322,0.0,5.820629676279615e-07
C18699,0.0,High Risk,5.522918132448537e-07,0.0,0.9999994477081875
C18700,2.0,Low Engagement,0.9999983626147186,0.0,1.6373852811041982e-06
C18701,0.0,High Risk,3.6660401587627365e-24,0.9999997809100631,2.190899369419684e-07
C18702,1.0,Installment-Focused,0.025448470414768953,0.9745446640266643,6.865558566158603e-06
C18703,1.0,Installment-Focused,7.092054694099413e-20,0.99999974646419,2.5353581004203817e-07
C18704,1.0,Installment-Focused,9.319964543160529e-100,0.9999999123656881,8.7634311638536e-08
C18705,1.0,Installment-Focused,0.9999999747321254,0.0,2.5267874337058766e-08
C18706,0.0,High Risk,0.9733446523797622,0.0,0.026655347620239456
C18707,0.0,High Risk,0.9957804815130905,0.0,0.004219518486909347
C18708,0.0,High Risk,0.9999966489175802,0.0,3.3510824196009875e-06
C18709,0.0,High Risk,6.461656204544986e-23,2.173257447291982e-15,0.9999999999999964
C18710,2.0,Low Engagement,1.6031249938521468e-148,0.9999999788836214,2.111637852703619e-08
C18711,1.0,Installment-Focused,1.5326456422732589e-136,0.999999852119345,1.478806547012964e-07
C18712,1.0,Installment-Focused,2.1314201380662137e-11,0.0,0.9999999999786873
C18713,2.0,Low Engagement,1.4535934438281231e-28,0.0008560595182721657,0.9991439404817279
C18714,2.0,Low Engagement,3.1289283796903296e-111,0.9999990773037262,9.226962741929159e-07
C18715,1.0,Installment-Focused,1.3288703996357344e-22,0.9999940574735379,5.942526462398576e-06
C18716,1.0,Installment-Focused,7.716425269842642e-21,0.9999994068228634,5.93177136249561e-07
C18717,1.0,Installment-Focused,0.9999427892908594,0.0,5.7210709140041965e-05
C18718,0.0,High Risk,2.633940604437411e-107,0.9999999207899131,7.921008725603907e-08
C18719,1.0,Installment-Focused,1.1288197483963988e-62,0.9999998553117775,1.4468822306228378e-07
C18720,1.0,Installment-Focused,2.2629609926609042e-27,0.8309717297537581,0.16902827024624317
C18721,1.0,Installment-Focused,1.1444990065450096e-08,0.9999985904876606,1.3980673497572462e-06
C18722,1.0,Installment-Focused,4.35460142385632e-81,0.9999997527387497,2.472612505436658e-07
C18723,1.0,Installment-Focused,2.2529847187713796e-47,0.9999998240414344,1.7595856486192008e-07
C18724,1.0,Installment-Focused,0.0004274454939412141,0.9995725435663569,1.093970170035591e-08
C18725,1.0,Installment-Focused,1.5261404961096508e-79,2.1130281203745163e-186,1.0
C18726,2.0,Low Engagement,2.471188013401976e-67,0.9999996754675167,3.245324832173238e-07
C18728,1.0,Installment-Focused,2.586782236717654e-121,0.9999999518219458,4.8178053917739105e-08
C18729,1.0,Installment-Focused,4.728634512098832e-28,0.999999901660166,9.833983431573804e-08
C18730,1.0,Installment-Focused,1.0183880975633905e-29,0.0007135813151288679,0.9992864186848708
C18731,2.0,Low Engagement,0.9999998902226774,0.0,1.097773227423373e-07
C18732,0.0,High Risk,0.9999901790966463,0.0,9.820903352841917e-06
C18733,0.0,High Risk,0.9999999403504258,0.0,5.96495739666058e-08
C18734,0.0,High Risk,1.9636722925606813e-16,0.0,1.0
C18735,2.0,Low Engagement,6.59142867575888e-19,1.674761792140041e-239,1.0
C18736,2.0,Low Engagement,0.9999994132650227,0.0,5.867349777566084e-07
C18737,0.0,High Risk,0.999999173248814,0.0,8.267511865015124e-07
C18738,0.0,High Risk,0.031157989788616138,0.0,0.9688420102113826
C18739,2.0,Low Engagement,3.3637062990774146e-10,3.055988929735809e-193,0.9999999996636291
C18740,2.0,Low Engagement,6.557933701346087e-152,0.9999999636000412,3.639995867175222e-08
C18741,1.0,Installment-Focused,1.355907437334355e-180,0.9999998136420118,1.8635798801240476e-07
C18742,1.0,Installment-Focused,8.421067177068856e-23,0.9999998231418955,1.7685810458528011e-07
C18743,1.0,Installment-Focused,1.114284305631487e-13,0.9999930485061197,6.951493768587928e-06
C18744,1.0,Installment-Focused,0.999991749378413,0.0,8.250621587255169e-06
C18745,0.0,High Risk,0.9998582838505242,0.0,0.0001417161494763953
C18746,0.0,High Risk,5.776054983655332e-17,0.5088417719628404,0.4911582280371606
C18747,1.0,Installment-Focused,3.1582642701250916e-06,0.9999967905090082,5.1226721698764634e-08
C18748,1.0,Installment-Focused,0.9999976451320138,0.0,2.3548679864167074e-06
C18749,0.0,High Risk,1.4061826344837674e-16,3.356822881658602e-13,0.9999999999996625
C18750,2.0,Low Engagement,3.3807852061332174e-114,0.9999999446740835,5.532591681002372e-08
C18751,1.0,Installment-Focused,0.9999997948918905,0.0,2.0510810908964603e-07
C18752,0.0,High Risk,2.1654041434414824e-06,0.9999977972281497,3.736770673375078e-08
C18753,1.0,Installment-Focused,8.349197370122152e-27,0.999999838652312,1.6134768800692063e-07
C18754,1.0,Installment-Focused,5.58595735348232e-43,0.9999999200738353,7.99261645806227e-08
C18755,1.0,Installment-Focused,0.999999242555794,0.0,7.574442056631584e-07
C18756,0.0,High Risk,2.063358913241419e-09,0.9999967558385457,3.24209809542287e-06
C18757,1.0,Installment-Focused,2.5210391532388397e-05,0.999973985878188,8.03730279850742e-07
C18758,1.0,Installment-Focused,1.8651953676300237e-09,0.9999998697946499,1.2834015443858424e-07
C18760,1.0,Installment-Focused,0.9999999117510135,0.0,8.824898565715418e-08
C18761,0.0,High Risk,8.686309160317528e-104,0.999999929028509,7.097149118283159e-08
C18762,1.0,Installment-Focused,0.023374635227207667,0.9766253628341203,1.93867154250476e-09
C18763,1.0,Installment-Focused,3.074611573965681e-13,0.0,0.9999999999996909
C18764,2.0,Low Engagement,5.214124507933477e-06,6.746158565450155e-307,0.999994785875491
C18765,2.0,Low Engagement,6.446583472720884e-163,0.9999990359091122,9.640908881413266e-07
C18766,1.0,Installment-Focused,0.9999407698438952,0.0,5.9230156104263414e-05
C18767,0.0,High Risk,4.6453061623352414e-21,0.999999883998898,1.1600110186259247e-07
C18768,1.0,Installment-Focused,7.355195632199952e-90,0.9999714321916653,2.8567808334872507e-05
C18769,1.0,Installment-Focused,0.0003586586628321331,0.9996405674201168,7.739170510802043e-07
C18770,1.0,Installment-Focused,0.9998718118512123,0.0,0.00012818814878819842
C18771,0.0,High Risk,0.9999988594378374,0.0,1.140562162268733e-06
C18772,0.0,High Risk,1.8961474335936513e-05,0.9999810191843833,1.9341281195578453e-08
C18773,1.0,Installment-Focused,1.9924225922327218e-15,3.7846618327774207e-184,0.9999999999999964
C18774,2.0,Low Engagement,1.5761609093139512e-119,0.9999999354034136,6.4596586705075e-08
C18775,1.0,Installment-Focused,0.9999994662853758,0.0,5.337146243472981e-07
C18776,0.0,High Risk,2.1348098486511556e-83,0.0,1.0
C18778,2.0,Low Engagement,0.9999989762601817,0.0,1.023739818204817e-06
C18779,0.0,High Risk,1.9518107465573e-115,0.9999992667030291,7.332969701603799e-07
C18780,1.0,Installment-Focused,0.9999963941582908,0.0,3.6058417099167665e-06
C18781,0.0,High Risk,5.066880385319038e-58,0.0,1.0
C18782,2.0,Low Engagement,0.999997444642343,0.0,2.5553576569046446e-06
C18783,0.0,High Risk,0.9999654994221023,2.552053538874697e-185,3.45005778969104e-05
C18784,0.0,High Risk,6.608318850273648e-103,0.9999997080424805,2.919575187375573e-07
C18785,1.0,Installment-Focused,0.8855205578582688,0.0,0.11447944214173222
C18786,0.0,High Risk,0.9999927763445622,0.0,7.2236554370810475e-06
C18787,0.0,High Risk,1.7387422654597093e-137,0.9999999514293026,4.8570696961760616e-08
C18788,1.0,Installment-Focused,0.9999971390322723,0.0,2.8609677275318703e-06
C18789,0.0,High Risk,6.088781303634663e-133,0.9999999576279546,4.2372045119098816e-08
C18790,1.0,Installment-Focused,5.8052607230880525e-173,0.9998979425921943,0.00010205740780538976
C18791,1.0,Installment-Focused,0.9997791530194037,0.0,0.00022084698059635514
C18792,0.0,High Risk,0.9999986110969958,0.0,1.3889030038465708e-06
C18793,0.0,High Risk,5.386541103153532e-09,0.9858503327128829,0.014149661900574713
C18794,1.0,Installment-Focused,2.3254508442601043e-09,0.0,0.99999999767455
C18795,2.0,Low Engagement,1.3233907711388966e-89,0.9999999072755353,9.272446486710057e-08
C18796,1.0,Installment-Focused,0.9759199806427469,0.0,0.02408001935725212
C18797,0.0,High Risk,2.8844612496094015e-22,0.0,1.0
C18798,2.0,Low Engagement,2.0758115643257826e-39,0.9999950288233315,4.9711766689147765e-06
C18800,1.0,Installment-Focused,0.9999986983181869,0.0,1.3016818132035782e-06
C18801,0.0,High Risk,4.4475861738449186e-52,0.9999946487000518,5.35129994794471e-06
C18802,1.0,Installment-Focused,0.9999991454738161,0.0,8.545261831088464e-07
C18803,0.0,High Risk,1.0243947595654267e-09,0.9999999716971746,2.7278430639593135e-08
C18804,1.0,Installment-Focused,6.543258353927606e-15,0.9999983139536063,1.6860463870957762e-06
C18805,1.0,Installment-Focused,7.55635145322209e-11,0.9999997668755697,2.330488670549694e-07
C18806,1.0,Installment-Focused,0.007826730293808391,0.0,0.9921732697061919
C18807,2.0,Low Engagement,0.9983616296156864,0.0,0.0016383703843142834
C18808,0.0,High Risk,0.9999989761748457,0.0,1.0238251547336182e-06
C18809,0.0,High Risk,1.0631016827091119e-143,0.9999999239013608,7.60986395984372e-08
C18810,1.0,Installment-Focused,0.9999999831639946,0.0,1.6836005376135056e-08
C18811,0.0,High Risk,1.683164089469814e-05,0.0,0.9999831683591046
C18812,2.0,Low Engagement,0.9998134136342106,0.0,0.00018658636578801024
C18813,0.0,High Risk,5.2361530889768226e-08,0.0,0.9999999476384693
C18814,2.0,Low Engagement,0.9996893843136976,0.0,0.00031061568630314597
C18815,0.0,High Risk,0.9999980900158022,0.0,1.9099841973926553e-06
C18816,0.0,High Risk,8.499778283438592e-07,0.0,0.9999991500221721
C18817,2.0,Low Engagement,0.9999997386008723,0.0,2.6139912828941513e-07
C18818,0.0,High Risk,0.9999982800594015,0.0,1.7199405988656399e-06
C18819,0.0,High Risk,0.9999999160484059,0.0,8.395159375351344e-08
C18820,0.0,High Risk,1.740535681639152e-121,0.9999996796199093,3.2038009105927e-07
C18821,1.0,Installment-Focused,4.408284138837903e-05,0.0,0.9999559171586112
C18822,2.0,Low Engagement,0.9999829683358223,0.0,1.7031664178481934e-05
C18823,0.0,High Risk,0.9999960852735026,0.0,3.9147264971372e-06
C18824,0.0,High Risk,0.9999856641261085,0.0,1.4335873890919981e-05
C18825,0.0,High Risk,0.9999997957192801,0.0,2.042807197063996e-07
C18826,0.0,High Risk,2.964843061249389e-16,0.9986538595499312,0.0013461404500691295
C18827,1.0,Installment-Focused,3.0228767801495496e-54,0.9999995092072066,4.907927926552306e-07
C18828,1.0,Installment-Focused,0.0062152455088397614,0.993782245401806,2.5090893550168783e-06
C18829,1.0,Installment-Focused,2.573186821973073e-08,0.0,0.9999999742681321
C18830,2.0,Low Engagement,0.9999999692026145,0.0,3.07973857031221e-08
C18831,0.0,High Risk,0.9999996973959306,0.0,3.026040694432027e-07
C18832,0.0,High Risk,0.9999743191203426,0.0,2.5680879657262052e-05
C18833,0.0,High Risk,2.3339918322203328e-123,0.9999998530567665,1.469432337587421e-07
C18834,1.0,Installment-Focused,1.6541760835861588e-05,0.9999832400721125,2.1816705143778352e-07
C18835,1.0,Installment-Focused,0.9999993445677723,0.0,6.554322277209715e-07
C18836,0.0,High Risk,2.206394096196788e-17,0.9999997346624664,2.6533753318210543e-07
C18837,1.0,Installment-Focused,3.004516980770347e-131,0.9999999357945052,6.420549514847075e-08
C18838,1.0,Installment-Focused,4.056517952919917e-168,0.9999999652325761,3.476742442449238e-08
C18839,1.0,Installment-Focused,4.3379410471335266e-11,0.9999997945419448,2.0541467614885064e-07
C18840,1.0,Installment-Focused,3.2986890337425465e-35,0.0,1.0
C18841,2.0,Low Engagement,2.287881870695412e-120,0.9999999406776796,5.93223199659864e-08
C18842,1.0,Installment-Focused,0.9999845800074083,0.0,1.5419992592230356e-05
C18843,0.0,High Risk,0.9935404714972176,0.0,0.0064595285027818135
C18844,0.0,High Risk,3.693852500849572e-104,0.9999924926631057,7.507336894283251e-06
C18845,1.0,Installment-Focused,1.3407364247576307e-130,0.0,1.0
C18846,2.0,Low Engagement,0.9952944390484987,0.0,0.004705560951502982
C18847,0.0,High Risk,5.272243039714304e-13,0.0,0.9999999999994742
C18848,2.0,Low Engagement,0.99993849033814,0.0,6.150966186084452e-05
C18849,0.0,High Risk,0.9999973010218868,0.0,2.698978113142732e-06
C18850,0.0,High Risk,0.0031346172404164868,0.9968653533152902,2.944429309571838e-08
C18851,1.0,Installment-Focused,0.018290738541092515,0.9817087618765618,4.995823456279108e-07
C18852,1.0,Installment-Focused,1.3999964660149558e-20,0.0,1.0
C18853,2.0,Low Engagement,9.972530173247001e-34,0.999999245186199,7.548138012469133e-07
C18854,1.0,Installment-Focused,6.972910579443429e-34,0.999999903684847,9.631515339838093e-08
C18855,1.0,Installment-Focused,2.550427582264905e-87,0.9999824303284841,1.756967151768124e-05
C18856,1.0,Installment-Focused,5.1594085614036114e-20,0.9999978667569102,2.1332430899501546e-06
C18857,1.0,Installment-Focused,0.0010056572256728945,0.9989943343667234,8.40760337457511e-09
C18858,1.0,Installment-Focused,0.9999999675707342,0.0,3.242926558269537e-08
C18859,0.0,High Risk,0.9999997497358974,0.0,2.502641026307714e-07
C18860,0.0,High Risk,0.9999972595752451,0.0,2.7404247545487197e-06
C18861,0.0,High Risk,1.414030423120292e-91,0.9999706230454443,2.9376954556505404e-05
C18862,1.0,Installment-Focused,1.353593433322992e-05,0.9999863763450658,8.772060104898809e-08
C18863,1.0,Installment-Focused,7.166804412309209e-09,0.9999999031582354,8.967496049487831e-08
C18864,1.0,Installment-Focused,0.0017374257774521874,0.9982625030580282,7.1164519570921e-08
C18865,1.0,Installment-Focused,8.351407671612915e-108,0.9999990150907935,9.849092062353223e-07
C18866,1.0,Installment-Focused,0.9999730443491941,0.0,2.6955650805897294e-05
C18867,0.0,High Risk,0.0010246094593420036,0.9989753759596508,1.4581007347644423e-08
C18868,1.0,Installment-Focused,1.7333907022859761e-59,0.9999994505951032,5.494048974636989e-07
C18869,1.0,Installment-Focused,1.2737608754509554e-118,0.9999999152971357,8.470286431093111e-08
C18870,1.0,Installment-Focused,0.0005318809488324744,0.0,0.9994681190511687
C18871,2.0,Low Engagement,5.664658089275842e-91,0.0,1.0
C18872,2.0,Low Engagement,0.999999100188697,0.0,8.998113028232676e-07
C18873,0.0,High Risk,5.36230051518266e-11,0.9999996554985315,3.44447844961881e-07
C18874,1.0,Installment-Focused,1.3490835485849398e-39,0.9999999018473437,9.815265656584392e-08
C18875,1.0,Installment-Focused,8.603088202071744e-23,0.9999870822810831,1.2917718917666062e-05
C18877,1.0,Installment-Focused,1.046363848516484e-119,0.9999990623308497,9.376691499842737e-07
C18878,1.0,Installment-Focused,2.0036027126152174e-34,0.9999998024068883,1.975931120498953e-07
C18879,1.0,Installment-Focused,0.999999936273211,0.0,6.372678856598302e-08
C18880,0.0,High Risk,0.999978153935306,0.0,2.184606469489639e-05
C18881,0.0,High Risk,1.2131667610548062e-13,0.0,0.9999999999998792
C18882,2.0,Low Engagement,0.9999999165491394,0.0,8.345086137398729e-08
C18883,0.0,High Risk,0.9958487060889145,0.0,0.004151293911086835
C18885,0.0,High Risk,2.62736587558418e-10,0.9999998168709529,1.8286631073631497e-07
C18886,1.0,Installment-Focused,0.9999927554344675,0.0,7.2445655322647e-06
C18887,0.0,High Risk,1.0720100521718285e-13,0.9999985328983684,1.4671015247184433e-06
C18888,1.0,Installment-Focused,0.9999981956824076,0.0,1.8043175925542138e-06
C18889,0.0,High Risk,4.7026117559188284e-101,0.9999998312500242,1.687499755521291e-07
C18890,1.0,Installment-Focused,0.9999939155457004,0.0,6.084454299134944e-06
C18891,0.0,High Risk,4.5100424959288574e-15,0.9999998229267014,1.77073293927419e-07
C18892,1.0,Installment-Focused,0.00018452704245343785,0.9998144965863928,9.763711539799853e-07
C18893,1.0,Installment-Focused,0.0518455170498954,0.94815447033725,1.261285386936333e-08
C18895,1.0,Installment-Focused,0.9999544857311374,0.0,4.55142688627791e-05
C18896,0.0,High Risk,0.9999993472820269,0.0,6.527179734562359e-07
C18897,0.0,High Risk,5.268101454794014e-94,0.0,1.0
C18898,2.0,Low Engagement,0.00012264760690308517,0.999877325832117,2.6560979961906843e-08
C18899,1.0,Installment-Focused,0.9999925069981002,0.0,7.493001899272477e-06
C18900,0.0,High Risk,4.167659704151414e-13,0.9999999162193944,8.378018871754991e-08
C18901,1.0,Installment-Focused,0.9999995516677177,0.0,4.483322821872687e-07
C18902,0.0,High Risk,3.0303808176614824e-22,0.9999995938696883,4.061303114419799e-07
C18903,1.0,Installment-Focused,8.087378297029504e-10,0.9999999353440939,6.384716840448365e-08
C18904,1.0,Installment-Focused,0.9999981357806277,0.0,1.864219372868659e-06
C18905,0.0,High Risk,1.1095667306484799e-19,0.0,1.0
C18906,2.0,Low Engagement,2.639099421058107e-06,0.9999931618920388,4.19900854086348e-06
C18907,1.0,Installment-Focused,4.718104544126133e-24,0.9981337120157611,0.0018662879842394607
C18908,1.0,Installment-Focused,0.9999997403546175,0.0,2.596453821100659e-07
C18909,0.0,High Risk,5.161834005251816e-105,0.9999983553046989,1.6446953012441152e-06
C18910,1.0,Installment-Focused,2.0045126867396395e-156,0.9999999609615234,3.9038477021164017e-08
C18911,1.0,Installment-Focused,0.999999977519723,0.0,2.2480276724361757e-08
C18912,0.0,High Risk,0.9999997528432946,0.0,2.4715670505078323e-07
C18913,0.0,High Risk,6.4181258643360245e-40,0.9999975791463822,2.4208536178313855e-06
C18914,1.0,Installment-Focused,0.999998572123985,0.0,1.427876014778258e-06
C18915,0.0,High Risk,0.9879013103840547,0.0,0.01209868961594697
C18916,0.0,High Risk,0.9999996636534686,0.0,3.3634653113194966e-07
C18917,0.0,High Risk,8.208416267734089e-144,0.9999998969326303,1.0306736983034254e-07
C18918,1.0,Installment-Focused,0.01774372783960592,0.9822546453043433,1.6268560513036352e-06
C18919,1.0,Installment-Focused,1.4213245621334907e-102,0.95533194828373,0.044668051716268704
C18920,1.0,Installment-Focused,0.9999993516063596,0.0,6.48393640096141e-07
C18921,0.0,High Risk,0.9999997825479016,0.0,2.1745209876751502e-07
C18922,0.0,High Risk,0.4177585225479787,0.0,0.582241477452021
C18923,2.0,Low Engagement,1.4234891119882057e-139,0.999999934606269,6.539373160187324e-08
C18924,1.0,Installment-Focused,6.790943785901017e-09,0.0,0.9999999932090553
C18925,2.0,Low Engagement,5.3405385268597465e-98,0.999998875515116,1.124484883209342e-06
C18926,1.0,Installment-Focused,0.9999954769052027,0.0,4.5230947981550705e-06
C18927,0.0,High Risk,0.0007389648443243337,0.9992575619525814,3.4732030940109352e-06
C18928,1.0,Installment-Focused,0.9999995463113417,0.0,4.5368865867520383e-07
C18929,0.0,High Risk,0.0009842538490147433,0.9990157057720708,4.0378914482178064e-08
C18930,1.0,Installment-Focused,0.00032330412914946186,0.0,0.9996766958708506
C18931,2.0,Low Engagement,3.924760869563981e-09,0.0,0.999999996075239
C18932,2.0,Low Engagement,1.3589257604445218e-93,0.9999998766582433,1.233417565656552e-07
C18933,1.0,Installment-Focused,8.606213343459078e-18,5.160603389262639e-16,1.0
C18934,2.0,Low Engagement,0.9999996925048571,0.0,3.0749514210733525e-07
C18935,0.0,High Risk,3.6469898650830916e-97,0.0,1.0
C18936,2.0,Low Engagement,0.9999935283817751,0.0,6.471618224544381e-06
C18937,0.0,High Risk,9.490966840505724e-13,0.0,0.9999999999990514
C18938,2.0,Low Engagement,1.2159224429896723e-103,0.9999995662034288,4.337965711249225e-07
C18939,1.0,Installment-Focused,0.25305370010638323,0.0,0.7469462998936184
C18940,2.0,Low Engagement,6.715914229700697e-22,0.999999885534271,1.1446572879443401e-07
C18941,1.0,Installment-Focused,0.9999999651169059,0.0,3.488309391456579e-08
C18942,0.0,High Risk,1.0857123581056543e-11,0.9999998524711178,1.475180254136383e-07
C18943,1.0,Installment-Focused,2.5744915071728765e-133,0.999999567408372,4.3259162822354683e-07
C18944,1.0,Installment-Focused,0.9999962152379815,0.0,3.784762017642996e-06
C18945,0.0,High Risk,0.6302426479740229,0.0,0.36975735202597715
C18946,0.0,High Risk,3.01900371588574e-20,0.9999998506551577,1.4934484215463537e-07
C18947,1.0,Installment-Focused,6.791350729621252e-15,0.9999999213594197,7.864057342700824e-08
C18948,1.0,Installment-Focused,2.2066080248864793e-110,0.9999992556738081,7.443261920061374e-07
C18949,1.0,Installment-Focused,3.441678035935155e-27,0.0,1.0
C18950,2.0,Low Engagement,1.995544069070684e-87,0.9999997744752239,2.2552477622890577e-07
C18951,1.0,Installment-Focused,0.00889134906009554,0.0,0.9911086509399055
C18952,2.0,Low Engagement,0.00603836205201621,0.9939616102739343,2.7674049205320643e-08
C18953,1.0,Installment-Focused,5.278440252233873e-98,0.9999992855468708,7.14453129667939e-07
C18954,1.0,Installment-Focused,3.651845398414983e-09,0.0,0.999999996348155
C18955,2.0,Low Engagement,4.299565478320262e-13,0.0,0.9999999999995701
C18956,2.0,Low Engagement,0.9999978392875291,0.0,2.1607124712894303e-06
C18957,0.0,High Risk,3.4034358371337686e-26,0.9979439621495616,0.002056037850439178
C18958,1.0,Installment-Focused,0.9999997982989947,0.0,2.0170100537377632e-07
C18959,0.0,High Risk,0.9999806409149715,0.0,1.9359085028790035e-05
C18960,0.0,High Risk,7.886228792505143e-12,0.0,0.999999999992113
C18961,2.0,Low Engagement,0.001073170380214711,0.998926820355713,9.264072450036032e-09
C18962,1.0,Installment-Focused,0.9999995188280199,0.0,4.8117198069867e-07
C18963,0.0,High Risk,0.9983028863203273,0.0,0.001697113679671869
C18964,0.0,High Risk,5.027138446700991e-13,0.9999998515655578,1.4843393963326868e-07
C18965,1.0,Installment-Focused,0.9999998118170533,0.0,1.8818294646478768e-07
C18966,0.0,High Risk,0.0006671029104413955,0.0,0.99933289708956
C18967,2.0,Low Engagement,1.675184713679684e-21,0.9999997444535722,2.55546428110057e-07
C18968,1.0,Installment-Focused,5.820513689761407e-09,0.0,0.9999999941794862
C18969,2.0,Low Engagement,1.1633506239239338e-25,0.9999997286610518,2.7133894854587e-07
C18970,1.0,Installment-Focused,0.9999813243139667,0.0,1.8675686033159598e-05
C18971,0.0,High Risk,2.8630688908025864e-25,0.9999997870326962,2.1296730333835768e-07
C18972,1.0,Installment-Focused,0.8026089681018613,0.0,0.19739103189814022
C18973,0.0,High Risk,0.9999997468679301,0.0,2.531320706454731e-07
C18975,0.0,High Risk,0.014437295145680462,0.9855625305989013,1.7425541853160413e-07
C18976,1.0,Installment-Focused,9.345061434493934e-09,0.0,0.9999999906549384
C18977,2.0,Low Engagement,0.999999667190654,0.0,3.328093461076543e-07
C18978,0.0,High Risk,2.732724008919518e-119,0.9999995918743714,4.081256282597137e-07
C18979,1.0,Installment-Focused,4.556457146397647e-07,0.9999994911319094,5.322237571691935e-08
C18980,1.0,Installment-Focused,3.601446363253906e-20,2.8416004681668075e-70,1.0
C18982,2.0,Low Engagement,0.9999985178116446,0.0,1.4821883560728701e-06
C18983,0.0,High Risk,0.9986568177365647,0.0,0.0013431822634363834
C18984,0.0,High Risk,1.3001501787425588e-09,0.0,0.9999999986998489
C18985,2.0,Low Engagement,1.8676539973857701e-19,0.9999952428540729,4.757145927247352e-06
C18986,1.0,Installment-Focused,0.39433808437191487,0.0,0.6056619156280868
C18987,2.0,Low Engagement,3.3604641659731366e-30,0.9999997973100868,2.0268991307452333e-07
C18988,1.0,Installment-Focused,3.135454468911362e-18,0.9997864076275378,0.0002135923724617092
C18989,1.0,Installment-Focused,9.058473570808912e-36,0.9999295138440095,7.048615599029181e-05
C18990,1.0,Installment-Focused,7.28438655378357e-62,0.0,1.0
C18991,2.0,Low Engagement,1.7350107437241397e-25,0.0038004716041722428,0.9961995283958283
C18992,2.0,Low Engagement,3.053810925998379e-17,0.0,1.0
C18993,2.0,Low Engagement,2.251369265549911e-17,0.0,1.0
C18994,2.0,Low Engagement,2.2990913568738908e-110,0.9999998890255889,1.1097441063929138e-07
C18995,1.0,Installment-Focused,0.9999993132682916,0.0,6.867317081307292e-07
C18996,0.0,High Risk,0.9997291124083517,0.0,0.00027088759164957925
C18997,0.0,High Risk,7.195526502601235e-16,0.999999863199891,1.3680010833902343e-07
C18998,1.0,Installment-Focused,0.99999792111032,0.0,2.0788896798263857e-06
C18999,0.0,High Risk,0.9999906824757026,0.0,9.317524296714124e-06
C19000,0.0,High Risk,2.3711455015532393e-25,6.885114232962049e-36,1.0
C19001,2.0,Low Engagement,0.9999976336844763,0.0,2.366315524375545e-06
C19002,0.0,High Risk,0.9999648817559746,1.8532125475904977e-41,3.5118244025992445e-05
C19003,0.0,High Risk,0.6417597149339844,0.0,0.35824028506601424
C19004,0.0,High Risk,5.547103139575565e-08,1.2978565059516975e-35,0.9999999445289676
C19005,2.0,Low Engagement,1.995309196652172e-129,2.5665449112395187e-36,1.0
C19006,2.0,Low Engagement,0.9999991192657364,0.0,8.807342639838538e-07
C19007,0.0,High Risk,0.000638357901724148,2.9805954621922953e-31,0.9993616420982758
C19008,2.0,Low Engagement,5.227273880179803e-123,1.891341860226374e-43,1.0
C19009,2.0,Low Engagement,0.9999723229198427,0.0,2.7677080157718275e-05
C19010,0.0,High Risk,1.0473680114508218e-155,3.313317831880765e-36,1.0
C19011,2.0,Low Engagement,2.8835780147233304e-145,9.210279606887386e-38,1.0
C19012,2.0,Low Engagement,0.9999158835763999,2.1960164481265166e-42,8.411642360021784e-05
C19013,0.0,High Risk,9.290024100497222e-142,3.292577104955085e-42,1.0
C19014,2.0,Low Engagement,9.056424384712924e-22,1.0622584099232061e-42,1.0
C19015,2.0,Low Engagement,0.9999995315745109,0.0,4.684254884506735e-07
C19016,0.0,High Risk,0.0005938361916958183,0.0,0.9994061638083056
C19017,2.0,Low Engagement,0.9999826824198247,0.0,1.7317580175348526e-05
C19018,0.0,High Risk,0.9999983473096151,0.0,1.6526903850671124e-06
C19019,0.0,High Risk,9.040017317137226e-108,1.6227552562460996e-41,1.0
C19020,2.0,Low Engagement,0.9999998959106834,0.0,1.0408931579480597e-07
C19021,0.0,High Risk,3.5095187966753794e-32,6.9198779416697e-39,1.0
C19022,2.0,Low Engagement,1.0750153700361046e-35,1.801384831940451e-44,1.0
C19023,2.0,Low Engagement,0.9999965212006953,0.0,3.478799304305555e-06
C19024,0.0,High Risk,0.00847524495312658,7.318631435432611e-43,0.9915247550468735
C19025,2.0,Low Engagement,1.652960342548527e-131,3.6654244777977824e-180,1.0
C19026,2.0,Low Engagement,9.024585545499396e-07,8.520088824314913e-190,0.9999990975414463
C19027,2.0,Low Engagement,0.9999994143891451,0.0,5.856108547405455e-07
C19028,0.0,High Risk,0.9999922925056173,0.0,7.707494382167607e-06
C19030,0.0,High Risk,0.9999461787386337,0.0,5.382126136613633e-05
C19031,0.0,High Risk,0.9999980368292803,0.0,1.9631707200097093e-06
C19032,0.0,High Risk,1.7341706700827973e-143,0.0,1.0
C19033,2.0,Low Engagement,8.97413236199686e-125,1.8246508470264007e-190,1.0
C19034,2.0,Low Engagement,0.9999742527128876,0.0,2.574728711278616e-05
C19035,0.0,High Risk,0.9998577320388914,0.0,0.00014226796110821584
C19036,0.0,High Risk,8.764942976764525e-107,0.0,1.0
C19037,2.0,Low Engagement,3.2154242952020903e-16,1.3923436528112376e-188,1.0
C19038,2.0,Low Engagement,4.090189300904004e-07,5.9722619890874e-160,0.9999995909810712
C19039,2.0,Low Engagement,9.769890245496533e-123,3.7162429339326975e-183,1.0
C19040,2.0,Low Engagement,2.669858235003526e-72,7.3025841891546e-173,1.0
C19041,2.0,Low Engagement,0.9999964475714178,0.0,3.5524285823511326e-06
C19042,0.0,High Risk,4.164630345745175e-06,0.0,0.9999958353696526
C19043,2.0,Low Engagement,0.999999587845292,0.0,4.1215470768964885e-07
C19044,0.0,High Risk,0.9999818541378948,0.0,1.8145862105100063e-05
C19045,0.0,High Risk,7.203646827774488e-138,5.951512248625485e-189,1.0
C19046,2.0,Low Engagement,2.8643403167843525e-05,1.2283174532677692e-184,0.9999713565968325
C19047,2.0,Low Engagement,0.9999982455922385,0.0,1.754407760903868e-06
C19048,0.0,High Risk,1.357397706339315e-40,2.056588411330747e-176,1.0
C19049,2.0,Low Engagement,1.4297612942082263e-139,1.7894374596947557e-190,1.0
C19050,2.0,Low Engagement,0.9999630567388614,0.0,3.6943261138239005e-05
C19051,0.0,High Risk,7.802207241220098e-24,0.0,1.0
C19052,2.0,Low Engagement,0.9999998377578948,0.0,1.6224210508081215e-07
C19053,0.0,High Risk,3.1763172885985475e-153,0.0,1.0
C19054,2.0,Low Engagement,0.9999962034184605,0.0,3.7965815392915816e-06
C19055,0.0,High Risk,0.9998455421429563,0.0,0.00015445785704339788
C19056,0.0,High Risk,9.468869726284274e-14,0.0,0.9999999999999041
C19057,2.0,Low Engagement,1.2814167491494523e-05,0.0,0.9999871858325082
C19058,2.0,Low Engagement,0.9999962418136398,0.0,3.758186359850089e-06
C19059,0.0,High Risk,0.00010653218941244005,0.0,0.999893467810588
C19060,2.0,Low Engagement,0.9239315684816725,0.0,0.07606843151832857
C19061,0.0,High Risk,0.9926664379732033,0.0,0.007333562026797545
C19062,0.0,High Risk,3.1586462351978847e-119,0.0,1.0
C19063,2.0,Low Engagement,0.9650204267287453,0.0,0.03497957327125554
C19064,0.0,High Risk,4.324741922991734e-102,0.0,1.0
C19065,2.0,Low Engagement,3.458030173525838e-136,0.0,1.0
C19066,2.0,Low Engagement,3.0228962837867336e-132,0.0,1.0
C19068,2.0,Low Engagement,0.9999122939091336,0.0,8.770609086615906e-05
C19069,0.0,High Risk,4.9701727335039574e-08,0.0,0.9999999502982723
C19070,2.0,Low Engagement,5.587920301766324e-96,0.0,1.0
C19071,2.0,Low Engagement,0.9999992891567495,0.0,7.108432505576041e-07
C19072,0.0,High Risk,6.0735865953483744e-27,0.0,1.0
C19073,2.0,Low Engagement,0.9999987533666957,0.0,1.2466333037431353e-06
C19074,0.0,High Risk,0.999716570737582,0.0,0.00028342926241833264
C19075,0.0,High Risk,0.9999294575277364,0.0,7.054247226389351e-05
C19076,0.0,High Risk,1.339232754787585e-111,0.0,1.0
C19077,2.0,Low Engagement,0.4746215513108355,0.0,0.5253784486891651
C19078,2.0,Low Engagement,1.3030435162103365e-07,0.0,0.9999998696956474
C19079,2.0,Low Engagement,0.999999735022731,0.0,2.649772693064984e-07
C19080,0.0,High Risk,0.9999996147802555,0.0,3.852197453008262e-07
C19081,0.0,High Risk,0.9965852157598238,0.0,0.0034147842401759713
C19082,0.0,High Risk,0.0012482804796096272,0.0,0.998751719520392
C19083,2.0,Low Engagement,0.7580170373750112,0.0,0.24198296262498734
C19084,0.0,High Risk,0.9999929288972192,0.0,7.071102781069476e-06
C19085,0.0,High Risk,0.9999730198840041,0.0,2.6980115995566016e-05
C19086,0.0,High Risk,0.9999939411443463,0.0,6.058855654557445e-06
C19087,0.0,High Risk,0.9997555355228805,0.0,0.000244464477119986
C19088,0.0,High Risk,0.9984077085213657,0.0,0.0015922914786339881
C19089,0.0,High Risk,2.4918981173488024e-25,0.0,1.0
C19090,2.0,Low Engagement,3.8513230330129995e-108,0.0,1.0
C19091,2.0,Low Engagement,0.9999967264213871,0.0,3.273578612030809e-06
C19092,0.0,High Risk,4.877770198217719e-18,0.0,1.0
C19093,2.0,Low Engagement,0.9999967257544491,0.0,3.274245551547093e-06
C19094,0.0,High Risk,1.2930014520125311e-12,0.0,0.9999999999987068
C19095,2.0,Low Engagement,0.9366401666732846,0.0,0.06335983332671613
C19096,0.0,High Risk,0.9997388803345525,0.0,0.0002611196654475493
C19097,0.0,High Risk,0.9999992836033574,0.0,7.163966418120986e-07
C19098,0.0,High Risk,0.9999824361068251,0.0,1.7563893174548775e-05
C19099,0.0,High Risk,2.287416290409657e-13,0.0,0.9999999999997726
C19100,2.0,Low Engagement,0.6323177587971642,0.0,0.3676822412028342
C19101,0.0,High Risk,3.523316049832563e-101,0.0,1.0
C19102,2.0,Low Engagement,4.692087358539951e-06,0.0,0.9999953079126429
C19103,2.0,Low Engagement,2.29825894513729e-72,0.0,1.0
C19104,2.0,Low Engagement,0.9714407615601733,0.0,0.028559238439826117
C19105,0.0,High Risk,1.0658298318489434e-89,0.0,1.0
C19106,2.0,Low Engagement,0.037206690908799356,0.0,0.9627933090912001
C19107,2.0,Low Engagement,0.9999927061042261,0.0,7.293895774717708e-06
C19108,0.0,High Risk,0.9999943049324737,0.0,5.69506752587995e-06
C19109,0.0,High Risk,0.9999974088235424,0.0,2.591176457296368e-06
C19110,0.0,High Risk,5.4733349252628906e-114,0.0,1.0
C19111,2.0,Low Engagement,0.9999931991057396,0.0,6.800894260171452e-06
C19112,0.0,High Risk,0.9999945828644474,0.0,5.417135552108695e-06
C19113,0.0,High Risk,0.572046046296018,0.0,0.42795395370398237
C19114,0.0,High Risk,0.9994572983876268,0.0,0.0005427016123723627
C19115,0.0,High Risk,8.231428475710162e-131,0.0,1.0
C19116,2.0,Low Engagement,0.9999733493478921,0.0,2.665065210726227e-05
C19117,0.0,High Risk,0.024097154473933655,0.0,0.9759028455260667
C19118,2.0,Low Engagement,0.9999989371548049,0.0,1.0628451954964434e-06
C19119,0.0,High Risk,0.9977908878417415,0.0,0.002209112158258776
C19120,0.0,High Risk,0.9999872555431695,0.0,1.2744456830135678e-05
C19121,0.0,High Risk,0.9998863362920436,0.0,0.00011366370795643673
C19122,0.0,High Risk,1.3782954263122295e-09,0.0,0.9999999986217034
C19123,2.0,Low Engagement,0.999943007374665,0.0,5.6992625334581316e-05
C19124,0.0,High Risk,1.2922801537070769e-20,0.0,1.0
C19125,2.0,Low Engagement,2.5915306935556576e-18,0.0,1.0
C19126,2.0,Low Engagement,0.9999962430646433,0.0,3.7569353558728145e-06
C19127,0.0,High Risk,0.9992258753738421,0.0,0.0007741246261570969
C19128,0.0,High Risk,3.5630251808892007e-128,0.0,1.0
C19129,2.0,Low Engagement,0.999728578188581,0.0,0.00027142181141754
C19130,0.0,High Risk,1.6184383550724763e-116,0.0,1.0
C19131,2.0,Low Engagement,4.3091148101270666e-118,0.0,1.0
C19132,2.0,Low Engagement,7.034777718466447e-15,0.0,0.9999999999999929
C19133,2.0,Low Engagement,0.9998420324068088,0.0,0.00015796759319109503
C19134,0.0,High Risk,3.344562576218898e-10,0.0,0.999999999665544
C19135,2.0,Low Engagement,0.9999958794450968,0.0,4.120554903284886e-06
C19136,0.0,High Risk,0.9999436976953947,0.0,5.630230460518381e-05
C19137,0.0,High Risk,0.6214060646464981,0.0,0.3785939353535028
C19138,0.0,High Risk,0.9994336696904111,0.0,0.0005663303095883381
C19139,0.0,High Risk,6.202019750602291e-09,0.0,0.9999999937979815
C19140,2.0,Low Engagement,2.714945020976633e-08,0.0,0.9999999728505496
C19141,2.0,Low Engagement,0.999998023140007,0.0,1.976859992273898e-06
C19142,0.0,High Risk,1.945643617876749e-103,0.0,1.0
C19143,2.0,Low Engagement,0.9944135301162831,0.0,0.005586469883715477
C19144,0.0,High Risk,8.357331358027917e-111,0.0,1.0
C19145,2.0,Low Engagement,2.0824538828576012e-107,0.0,1.0
C19146,2.0,Low Engagement,0.0007573280396745898,0.0,0.999242671960324
C19147,2.0,Low Engagement,3.873069323809435e-49,0.0,1.0
C19148,2.0,Low Engagement,2.1653056682956943e-145,0.0,1.0
C19149,2.0,Low Engagement,0.9998408996288569,0.0,0.0001591003711430482
C19150,0.0,High Risk,0.9999704633525263,0.0,2.9536647473027053e-05
C19151,0.0,High Risk,3.1299116810734158e-09,0.0,0.9999999968700877
C19152,2.0,Low Engagement,0.999980450246069,0.0,1.9549753930988785e-05
C19153,0.0,High Risk,6.562798966855246e-26,0.0,1.0
C19154,2.0,Low Engagement,3.04628955015497e-75,0.0,1.0
C19155,2.0,Low Engagement,0.999724047656013,0.0,0.0002759523439865379
C19156,0.0,High Risk,7.144215788643426e-13,0.0,0.9999999999992859
C19157,2.0,Low Engagement,0.9999950945913149,0.0,4.905408684798286e-06
C19158,0.0,High Risk,5.42663358866089e-19,0.0,1.0
C19159,2.0,Low Engagement,9.157326255375767e-09,0.0,0.9999999908426744
C19160,2.0,Low Engagement,0.9999711876107575,0.0,2.8812389241707884e-05
C19161,0.0,High Risk,4.3200075998449015e-15,0.0,0.9999999999999964
C19162,2.0,Low Engagement,8.172082491642871e-13,0.0,0.9999999999991829
C19163,2.0,Low Engagement,3.888065658461334e-08,0.0,0.9999999611193439
C19164,2.0,Low Engagement,2.5108637565045346e-21,0.0,1.0
C19165,2.0,Low Engagement,8.709294245906868e-10,0.0,0.99999999912907
C19166,2.0,Low Engagement,1.0247699215002921e-78,0.0,1.0
C19167,2.0,Low Engagement,0.0011170862923063018,0.0,0.9988829137076928
C19168,2.0,Low Engagement,7.486124792210483e-116,0.0,1.0
C19169,2.0,Low Engagement,1.6307471236314762e-05,0.0,0.9999836925287626
C19170,2.0,Low Engagement,0.9983765742640058,0.0,0.0016234257359935005
C19171,0.0,High Risk,6.90062205177422e-95,0.0,1.0
C19172,2.0,Low Engagement,9.535034844324841e-133,0.0,1.0
C19173,2.0,Low Engagement,0.9999877828252084,0.0,1.2217174791586197e-05
C19174,0.0,High Risk,1.728449704716626e-20,0.0,1.0
C19175,2.0,Low Engagement,8.827390784303008e-08,0.0,0.999999911726093
C19176,2.0,Low Engagement,2.4869617252264386e-91,0.0,1.0
C19177,2.0,Low Engagement,0.999750632783804,0.0,0.0002493672161953828
C19178,0.0,High Risk,0.915413550190773,0.0,0.08458644980922606
C19179,0.0,High Risk,0.9999552524240158,0.0,4.474757598476163e-05
C19180,0.0,High Risk,5.465555612551013e-111,0.0,1.0
C19181,2.0,Low Engagement,0.999999773793715,0.0,2.262062857940251e-07
C19182,0.0,High Risk,2.2187499565911966e-10,0.0,0.9999999997781259
C19183,2.0,Low Engagement,2.3413155137478676e-17,0.0,1.0
C19184,2.0,Low Engagement,1.4783834671708243e-08,0.0,0.9999999852161636
C19185,2.0,Low Engagement,6.655614161523968e-14,0.0,0.9999999999999325
C19186,2.0,Low Engagement,0.2004137702233305,0.0,0.7995862297766704
C19187,2.0,Low Engagement,3.45622443833957e-13,0.0,0.9999999999996554
C19188,2.0,Low Engagement,8.88952949842348e-12,0.0,0.9999999999911111
C19189,2.0,Low Engagement,0.9999188413851374,0.0,8.115861486125447e-05
C19190,0.0,High Risk,,,
,,,0.9999997340905062,0.0,2.659094945686711e-07
